,Product Lookup,,Location Filters,,,,,
Delete,Product Name,Product Sku,Type,Zone,State,City,Locality,PIN Code
Y || N,Max 191 characters,"Valid alphanumeric value without space, Unique sku",Zone || State || City || Locality,Only string value,Only string value,Only string value,Only string value,Only number value
* Required,* Required,* Required,* Required,---,---,---,---,---
N,"Pvr City Centre Mall - Guwahati, Christian Basti, Guwahati, Assam",CINEMA000001,locality,North East,Assam,Guwahati,Christian Basti,781005
N,"Pvr  Inox Aurus Mall, Guwahati, Assam",CINEMA000002,locality,North East,Assam,Guwahati,,781006
N,"Pvr, Inox NCS Square Mall, Adabari, Guwahati , Assam",CINEMA000003,locality,North East,Assam,Guwahati,Adabari,781014
N,"Pvr, Inox Abs Mall, Jorhat, Assam",CINEMA000004,locality,North East,Assam,Jorhat,,785001
N,"Pvr-TheCinema, Guntur, Andhra Pradesh",CINEMA000005,locality,South,Andhra Pradesh,Guntur,,522001
N,"Pvr Inox Ambuja, Patna,Bihar",CINEMA000006,locality,East,Bihar,Patna,,801103
N,"Pvr Inox Ashok, Patna,Bihar",CINEMA000007,locality,East,Bihar,Patna,,800001
N,"Pvr Bhilai, Bhilai, Chhattisgarh",CINEMA000008,locality,Central,Chhattisgarh,Bhilai,,490020
N,"Pvr Bilaspur - Magneto Mall, Bilaspur, Chhattisgarh",CINEMA000009,locality,Central,Chhattisgarh,Bilaspur,,495001
N,"Cinemax City Centre Mall - Raipur, Raipur, Chhattisgarh",CINEMA000010,locality,Central,Chhattisgarh,Raipur,,492001
N,"Pvr Inox Ambuja City Centre Raipur, Raipur, Chhattisgarh",CINEMA000011,locality,Central,Chhattisgarh,Raipur,,492014
N,"Pvr Inox City Mall Raipur, Raipur, Chhattisgarh",CINEMA000012,locality,Central,Chhattisgarh,Raipur,,492001
N,ccc,CINEMA000013,locality,Central,Chhattisgarh,Raipur,,492001
N,"Pvr Bokaro, Bokaro, Jharkhand",CINEMA000014,locality,East,Jharkhand,Bokaro,,827003
N,"Pvr Inox Prabhatam Grand Mall,Dhanbad, Jharkhand",CINEMA000015,locality,East,Jharkhand,Dhanbad,,826010
N,"Pvr Inox Shriram, Dhanbad, Jharkhand",CINEMA000016,locality,East,Jharkhand,Dhanbad,,826007
N,"Pvr Nucleus Mall-Ranchi, Ranchi, Jharkhand",CINEMA000017,locality,East,Jharkhand,Ranchi,,834001
N,"Pvr Inox Bmc Bhawani Mall,  Bhubaneshwar, Odisha",CINEMA000018,locality,East,Odisha,Bhubaneshwar,,751007
N,"Pvr Inox Dn Regalia, Patrapara, Bhubaneshwar, Odisha",CINEMA000019,locality,East,Odisha,Bhubaneshwar,Patrapara,751019
N,"Pvr Inox Symphony Mall, Rudrapur, Bhubaneswar, Odisha",CINEMA000020,locality,East,Odisha,Bhubaneswar,Rudrapur,751035
N,"Pvr Utkal Galleria Bhubneshwar, Bhubaneswar, Odisha",CINEMA000021,locality,East,Odisha,Bhubaneswar,,751009
N,"Pvr Inox Sgbl Square Mall, Cuttack, Odisha",CINEMA000022,locality,East,Odisha,Cuttack,,753009
N,"Pvr Forum Galleria Mall, Rourkela, Odisha",CINEMA000023,locality,East,Odisha,Rourkela,,769012
N,"Pvr Plutone Rourkela Odisha, Rourkela, Odisha",CINEMA000024,locality,East,Odisha,Rourkela,,769009
N,"Pvr Inox Burdwan Arcade, Burdwan, West Bengal",CINEMA000025,locality,East,West Bengal,Burdwan,,713103
N,"Pvr Inox Rangoli Mall Belur, Howrah, West Bengal",CINEMA000026,locality,East,West Bengal,Howrah,,711202
N,"Cinemax Mani Square Mall - Kolkata, Kolkata, West Bengal",CINEMA000027,locality,East,West Bengal,Kolkata,,700054
N,"Pvr Avani Kolkatta, Kolkata, West Bengal",CINEMA000028,locality,East,West Bengal,Kolkata,,711102
N,"Pvr Down Town Mall, Kolkata, West Bengal",CINEMA000029,locality,East,West Bengal,Kolkata,,700163
N,"Pvr Inox City Centre 2, Rajarhat, Kolkata, West Bengal",CINEMA000030,locality,East,West Bengal,Kolkata,Rajarhat,700136
N,"Pvr Inox City Centre, Salt Lake, Kolkata, West Bengal",CINEMA000031,locality,East,West Bengal,Kolkata,Salt Lake,700064
N,"Pvr Inox Forum Mall, Elgin Road, Kolkata, West Bengal",CINEMA000032,locality,East,West Bengal,Kolkata,Elgin Road,700020
N,"Pvr Inox Hind, Kolkata, West Bengal",CINEMA000033,locality,East,West Bengal,Kolkata,,700013
N,"Pvr Inox Metro, Esplanade, Kolkata, West Bengal",CINEMA000034,locality,East,West Bengal,Kolkata,Esplanade,700013
N,"Pvr Inox Metropolis Mall, Hiland Park, Kolkata, West Bengal",CINEMA000035,locality,East,West Bengal,Kolkata,Hiland Park,700094
N,"Pvr Inox Quest Mall, Kolkata, West Bengal",CINEMA000036,locality,East,West Bengal,Kolkata,,700017
N,"Pvr Inox South City Mall, Kolkata, West Bengal",CINEMA000037,locality,East,West Bengal,Kolkata,,700068
N,"Pvr Inox Star Mall, Madhyamgram, Kolkata, West Bengal",CINEMA000038,locality,East,West Bengal,Kolkata,Madhyamgram,700129
N,"Pvr Inox Swabhumi, Kolkata, West Bengal",CINEMA000039,locality,East,West Bengal,Kolkata,,700054
N,"Pvr Jessore Rd Kolkatta, Kolkata, West Bengal",CINEMA000040,locality,East,West Bengal,Kolkata,,700055
N,"Pvr Inox Ambuja City Centre, Matigara, Siliguri, West Bengal",CINEMA000041,locality,East,West Bengal,Siliguri,Matigara,734010
N,"Pvr Inox Orbit Mall, Vega Circle Sevoke Road, Siliguri, West Bengal",CINEMA000042,locality,East,West Bengal,Siliguri,Vega Circle Sevoke Road,734008
N,"Pvr Inox Acropolis Siliguri, Siliguri, West Bengal",CINEMA000043,locality,East,West Bengal,Siliguri,,734001
N,"Pvr Inox Westpoint Mall Gangtok, Gangtok, Sikkim",CINEMA000044,locality,North East,Sikkim,Gangtok,,737101
N,"Pvr Centra - Chandigarh, Chandigarh, Chandigarh",CINEMA000045,locality,North,Chandigarh,Chandigarh,,160002
N,"Pvr Dlf City Centre Mall Chandigarh, Chandigarh, Chandigarh",CINEMA000046,locality,North,Chandigarh,Chandigarh,,160101
N,"Pvr Elante Mall - Chandigarh, Chandigarh, Chandigarh",CINEMA000047,locality,North,Chandigarh,Chandigarh,,160002
N,"Pvr - Subhash Nagar, New Delhi, Delhi",CINEMA000048,locality,North,Delhi,New Delhi,,110018
N,"Pvr 3C'S - Lajpat Nagar, New Delhi, Delhi",CINEMA000049,locality,North,Delhi,New Delhi,,110024
N,"Pvr Anupam - Saket, New Delhi, Delhi",CINEMA000050,locality,North,Delhi,New Delhi,,110017
N,"Pvr Chanakya, New Delhi, Delhi",CINEMA000051,locality,North,Delhi,New Delhi,,110021
N,"Pvr- Dlf City Centre Mall, Shalimar Bagh, New Delhi, Delhi",CINEMA000052,locality,North,Delhi,New Delhi,Shalimar Bagh,110088
N,"Pvr Icon-  Dlf Promenade Mall,Vasant Kunj, New Delhi, Delhi",CINEMA000053,locality,North,Delhi,New Delhi,Vasant Kunj,110070
N,"Pvr Inox Janak Place, New Delhi, Delhi",CINEMA000054,locality,North,Delhi,New Delhi,,110058
N,"Pvr Inox Nehru Place, New Delhi, Delhi",CINEMA000055,locality,North,Delhi,New Delhi,,110019
N,"Pvr Inox Odeon Connaught Place, New Delhi, Delhi",CINEMA000056,locality,North,Delhi,New Delhi,,110001
N,"Pvr Inox Pacific- Jasola, New Delhi, Delhi",CINEMA000057,locality,North,Delhi,New Delhi,,110020
N,"Pvr Inox Paras Delhi, New Delhi, Delhi",CINEMA000058,locality,North,Delhi,New Delhi,,110019
N,"Pvr Inox Patel Nagar, New Delhi, Delhi",CINEMA000059,locality,North,Delhi,New Delhi,,110008
N,"Pvr Inox Vishal Enclave Rajouri Garden, New Delhi, Delhi",CINEMA000060,locality,North,Delhi,New Delhi,,110027
N,"Pvr Naraina, New Delhi, Delhi",CINEMA000061,locality,North,Delhi,New Delhi,,110028
N,"Pvr Pacific Mall, Dwarka, New Delhi, Delhi",CINEMA000062,locality,North,Delhi,New Delhi,Dwarka,110078
N,"Pvr Plaza , New Delhi, Delhi",CINEMA000063,locality,North,Delhi,New Delhi,,110001
N,"Pvr Prashant Vihar, New Delhi, Delhi",CINEMA000064,locality,North,Delhi,New Delhi,,110085
N,"Pvr Priya , New Delhi, Delhi",CINEMA000065,locality,North,Delhi,New Delhi,,110057
N,"Pvr Rivoli, New Delhi, Delhi",CINEMA000066,locality,North,Delhi,New Delhi,,110001
N,"Pvr Saket Select City Walk, New Delhi, Delhi",CINEMA000067,locality,North,Delhi,New Delhi,,110017
N,"Pvr Sangam, New Delhi, Delhi",CINEMA000068,locality,North,Delhi,New Delhi,,110022
N,"Pvr Vegas Mall, Dwarka, New Delhi, Delhi",CINEMA000069,locality,North,Delhi,New Delhi,Dwarka,110078
N,"Pvr Vikaspuri, New Delhi, Delhi",CINEMA000070,locality,North,Delhi,New Delhi,,110018
N,"Pvr Inox Ef-3 Mall, Faridabad, Haryana",CINEMA000071,locality,North,Haryana,Faridabad,,121002
N,"Pvr Inox Interiorz Crown Mall, Faridabad, Haryana",CINEMA000072,locality,North,Haryana,Faridabad,,121003
N,"Pvr Mall Of Faridabad, Faridabad, Haryana",CINEMA000073,locality,North,Haryana,Faridabad,,121001
N,"Pvr Pebble Downtown, Faridabad, Faridabad, Haryana",CINEMA000074,locality,North,Haryana,Faridabad,,121007
N,"Pvr Utsav - Piyush Mall, Faridabad, Faridabad, Haryana",CINEMA000075,locality,North,Haryana,Faridabad,,121001
N,"Pvr - Dlf Mega Mall, Gurgaon, Gurgaon, Haryana",CINEMA000076,locality,North,Haryana,Gurgaon,,122002
N,"Pvr Ambience Mall-Gurgaon , Gurgaon, Haryana",CINEMA000077,locality,North,Haryana,Gurgaon,,122010
N,"Pvr- Dlf City Centre, Gurgaon, Gurgaon, Haryana",CINEMA000078,locality,North,Haryana,Gurgaon,,122009
N,"Pvr Elan Mercado 80 Gurgaon, Gurgaon, Haryana",CINEMA000079,locality,North,Haryana,Gurgaon,,122012
N,"Pvr Elan Town Centre Gurgaon, Gurgaon, Haryana",CINEMA000080,locality,North,Haryana,Gurgaon,,122101
N,"Pvr Inox Aipl Joy Street Mall, Gurgaon, Haryana",CINEMA000081,locality,North,Haryana,Gurgaon,,122101
N,"Pvr Inox Iris Broadway, Gurgaon, Haryana",CINEMA000082,locality,North,Haryana,Gurgaon,,122012
N,"Pvr Inox Sapphire 83 Mall, Gurgaon, Haryana",CINEMA000083,locality,North,Haryana,Gurgaon,,122012
N,"Pvr Inox Sapphire 90 Mall, Gurgaon, Haryana",CINEMA000084,locality,North,Haryana,Gurgaon,,122505
N,"Pvr Inox Worldmark Mall, Gurgaon, Haryana",CINEMA000085,locality,North,Haryana,Gurgaon,,122101
N,"Pvr Mgf Mall - Gurgaon, Gurgaon, Haryana",CINEMA000086,locality,North,Haryana,Gurgaon,,122009
N,"Pvr Inox Nh-22 Mall, Kalka, Haryana",CINEMA000087,locality,North,Haryana,Kalka,,134105
N,"Pvr Fun City Mall, Panipat, Haryana",CINEMA000088,locality,North,Haryana,Panipat,,132103
N,"Pvr City Mall, Yamuna Nagar, Yamuna Nagar, Haryana",CINEMA000089,locality,North,Haryana,Yamuna Nagar,,135001
N,"Pvr Jammu, Jammu, J&K",CINEMA000090,locality,North,Jammu and Kashmir,Jammu,,180001
N,"Pvr Inox Srinagar, Srinagar, J&K",CINEMA000091,locality,North,Jammu and Kashmir,Srinagar,,
N,"Pvr Inox Trilium Mall, Amritsar, Punjab",CINEMA000092,locality,North,Punjab,Amritsar,,143001
N,"Pvr Sct Amritsar, Amritsar, Punjab",CINEMA000093,locality,North,Punjab,Amritsar,,143006
N,"Pvr - Jalandhar-Mbd, Jalandhar, Punjab",CINEMA000094,locality,North,Punjab,Jalandhar,,144001
N,"Pvr Curo Mall-Jalandhar, Jalandhar, Punjab",CINEMA000095,locality,North,Punjab,Jalandhar,,144005
N,"Pvr Friends Cinema, Jalandhar, Jalandhar, Punjab",CINEMA000096,locality,North,Punjab,Jalandhar,,144001
N,"Pvr Inox Reliance Mall, Jalandhar, Jalandhar, Punjab",CINEMA000097,locality,North,Punjab,Jalandhar,,144001
N,"Pvr The Celebration Mall Khanna, Khanna, Punjab",CINEMA000098,locality,North,Punjab,Khanna,,141401
N,"Pvr Flamez Mall - Ludhiana, Ludhiana, Punjab",CINEMA000099,locality,North,Punjab,Ludhiana,,141001
N,"Pvr Pavilion Mall - Ludhiana, Ludhiana, Punjab",CINEMA000100,locality,North,Punjab,Ludhiana,,141001
N,"Pvr Silver Arc Mall - Ludhiana, Ludhiana, Punjab",CINEMA000101,locality,North,Punjab,Ludhiana,,141001
N,"Pvr - Mohali, Mohali, Punjab",CINEMA000102,locality,North,Punjab,Mohali,,140307
N,"Pvr Cp67 Mall Mohali, Mohali, Punjab",CINEMA000103,locality,North,Punjab,Mohali,,160062
N,"Pvr Pp Mall Mohali, Mohali, Punjab",CINEMA000104,locality,North,Punjab,Mohali,,140308
N,"Pvr Pathankot, Pathankot, Punjab",CINEMA000105,locality,North,Punjab,Pathankot,,145001
N,"Pvr - Vrc Mall, Patiala, Patiala, Punjab",CINEMA000106,locality,North,Punjab,Patiala,,147002
N,"Pvr Cosmo Mall Zirakpur, Punjab, Zirakpur, Punjab",CINEMA000107,locality,North,Punjab,Zirakpur,,140603
N,"Pvr Inox Dhillon Plaza, Zirakpur, Punjab",CINEMA000108,locality,North,Punjab,Zirakpur,,140603
N,"Pvr Allahabad, Allahabad, Up",CINEMA000109,locality,North,Uttar Pradesh,Allahabad,,
N,"Pvr Phoenix United Mall -Bareilly, Bareilly, Up",CINEMA000110,locality,North,Uttar Pradesh,Bareilly,,243002
N,"Pvr Edm - Kaushambi, Ghaziabad, Up",CINEMA000111,locality,North,Uttar Pradesh,Ghaziabad,,201010
N,"Pvr Inox Jam Shipra, Ghaziabad, Up",CINEMA000112,locality,North,Uttar Pradesh,Ghaziabad,,201014
N,"Pvr Mahagun-Kaushambi, Ghaziabad, Up",CINEMA000113,locality,North,Uttar Pradesh,Ghaziabad,,201019
N,"Pvr Opulent -Ghaziabad, Ghaziabad, Up",CINEMA000114,locality,North,Uttar Pradesh,Ghaziabad,,201001
N,"Pvr Vvip-Ghaziabad, Ghaziabad, Up",CINEMA000115,locality,North,Uttar Pradesh,Ghaziabad,,201003
N,"Pvr Inox City Mall Gorakhpur, Gorakhpur, Up",CINEMA000116,locality,North,Uttar Pradesh,Gorakhpur,,273001
N,"Pvr Inox Orion Mall, Mohaddipur, Gorakhpur, Up",CINEMA000117,locality,North,Uttar Pradesh,Gorakhpur,Mohaddipur,273008
N,"Pvr Venus Multiplex - Gorakhpur, Gorakhpur, Up",CINEMA000118,locality,North,Uttar Pradesh,Gorakhpur,,273001
N,"Pvr Inox Omaxe Mall, Greater Noida, Up",CINEMA000119,locality,North,Uttar Pradesh,Greater Noida,,201310
N,"Cinemax South X Mall - Kanpur, Kanpur, Up",CINEMA000120,locality,North,Uttar Pradesh,Kanpur,,208023
N,"Pvr Deep Cinema - Kanpur, Kanpur, Up",CINEMA000121,locality,North,Uttar Pradesh,Kanpur,,208014
N,"Pvr Inox Z Square, Kanpur, Up",CINEMA000122,locality,North,Uttar Pradesh,Kanpur,,208001
N,"Pvr Inox Crown Mall, Faizabad Road, Lucknow, Up",CINEMA000123,locality,North,Uttar Pradesh,Lucknow,Faizabad Road,226028
N,"Pvr Inox Lucknow Emerald Mall, Lucknow, Up",CINEMA000124,locality,North,Uttar Pradesh,Lucknow,,226012
N,"Pvr Inox Phoenix Palassio Mall, Gomti Nagar, Lucknow, Up",CINEMA000125,locality,North,Uttar Pradesh,Lucknow,Gomti Nagar,226002
N,"Pvr Inox Umrao Mall, Nishant Ganj, Lucknow, Up",CINEMA000126,locality,North,Uttar Pradesh,Lucknow,Nishant Ganj,226006
N,"Pvr Phoenix Mall - Lucknow, Lucknow, Up",CINEMA000127,locality,North,Uttar Pradesh,Lucknow,,226012
N,"Pvr Sahara Ganj - Lucknow, Lucknow, Up",CINEMA000128,locality,North,Uttar Pradesh,Lucknow,,226001
N,"Pvr Sahu Hazratganj, Lucknow, Lucknow, Up",CINEMA000129,locality,North,Uttar Pradesh,Lucknow,,226001
N,"Pvr Superplex Lulu Mall Lucknow, Lucknow, Up",CINEMA000130,locality,North,Uttar Pradesh,Lucknow,,226030
N,"Pvr Inox Pvs Mall, Meerut, Up",CINEMA000131,locality,North,Uttar Pradesh,Meerut,,250002
N,"Pvr Parsvnath Mall-Moradabad, Moradabad, Up",CINEMA000132,locality,North,Uttar Pradesh,Moradabad,,244105
N,"Pvr Dlf Mall Of India, Noida, Noida, Up",CINEMA000133,locality,North,Uttar Pradesh,Noida,,201301
N,"Pvr Gaur City, Noida, Noida, Up",CINEMA000134,locality,North,Uttar Pradesh,Noida,,201318
N,"Pvr Superplex Logix Noida, Noida, Up",CINEMA000135,locality,North,Uttar Pradesh,Noida,,201307
N,"Pvr Centrio Mall Dehradun, Dehradun, Uttarakhand",CINEMA000136,locality,North,Uttarakhand,Dehradun,,248001
N,"Pvr Dehradun, Dehradun, Uttarakhand",CINEMA000137,locality,North,Uttarakhand,Dehradun,,
N,"Pvr Mall Of Dehradun, Dehradun, Uttarakhand",CINEMA000138,locality,North,Uttarakhand,Dehradun,,248005
N,"Pvr Inox Srmt Mall, Kakinada, Andhra Pradesh",CINEMA000139,locality,South,Andhra Pradesh,Kakinada,,533005
N,"Pvr Machilipatnam, Machilipatnam, Andhra Pradesh",CINEMA000140,locality,South,Andhra Pradesh,Machilipatnam,,521002
N,"Pvr Sreekanya, Narasipatnam, Narasipatnam, Andhra Pradesh",CINEMA000141,locality,South,Andhra Pradesh,Narasipatnam,,531116
N,"Pvr Inox Laila, Vijaywada, Andhra Pradesh",CINEMA000142,locality,South,Andhra Pradesh,Vijaywada,,520002
N,"Pvr Inox Lepl Icon, Vijaywada, Andhra Pradesh",CINEMA000143,locality,South,Andhra Pradesh,Vijaywada,,520008
N,"Pvr Inox Urvashi Theatre, Vijaywada, Andhra Pradesh",CINEMA000144,locality,South,Andhra Pradesh,Vijaywada,,520003
N,"Ripples Mall - Pvr Vijayawada - Bandar Road, Vijaywada, Andhra Pradesh",CINEMA000145,locality,South,Andhra Pradesh,Vijaywada,,520010
N,"Pvr Inox Beach Road, Vizag, Andhra Pradesh",CINEMA000146,locality,South,Andhra Pradesh,Vizag,,530002
N,"Pvr Inox Chitralayaa, Vizag, Andhra Pradesh",CINEMA000147,locality,South,Andhra Pradesh,Vizag,,530020
N,"Pvr Inox Cmr Central, Vizag, Andhra Pradesh",CINEMA000148,locality,South,Andhra Pradesh,Vizag,,530013
N,"Pvr Inox Gajuwaka, Vizag, Andhra Pradesh",CINEMA000149,locality,South,Andhra Pradesh,Vizag,,530026
N,"Pvr Inox Ncs Mall, Vizianagaram, Andhra Pradesh",CINEMA000150,locality,South,Andhra Pradesh,Vizianagaram,,535003
N,"Pvr Bhartiya Mall Of Bangalore, Bangalore, Karnataka",CINEMA000151,locality,South,Karnataka,Bangalore,,560064
N,"Pvr Forum Falcon City Bangalore, Bangalore, Karnataka",CINEMA000152,locality,South,Karnataka,Bangalore,,560062
N,"Pvr Forum Mall , Bangalore, Karnataka",CINEMA000153,locality,South,Karnataka,Bangalore,,560095
N,"Pvr Global Mall, Bangalore, Karnataka",CINEMA000154,locality,South,Karnataka,Bangalore,,560026
N,"Pvr Inox Brooke Field Mall, Bangalore, Karnataka",CINEMA000155,locality,South,Karnataka,Bangalore,,560037
N,"Pvr Inox Central, Jp Nagar, Bangalore, Karnataka",CINEMA000156,locality,South,Karnataka,Bangalore,Jp Nagar,560041
N,"Pvr Inox Forum Neighbourhood Mall, Whitefield, Bangalore, Karnataka",CINEMA000157,locality,South,Karnataka,Bangalore,Whitefield,560066
N,"Pvr Inox Garuda Central, Yelahanka, Bangalore, Karnataka",CINEMA000158,locality,South,Karnataka,Bangalore,Yelahanka,560064
N,"Pvr Inox Garuda Mall, Magrath Road, Bangalore, Karnataka",CINEMA000159,locality,South,Karnataka,Bangalore,Magrath Road,560025
N,"Pvr Inox Lido Mall, Ulsoor, Bangalore, Karnataka",CINEMA000160,locality,South,Karnataka,Bangalore,Ulsoor,560008
N,"Pvr Inox Mantri Square Mall, Malleshwaram, Bangalore, Karnataka",CINEMA000161,locality,South,Karnataka,Bangalore,Malleshwaram,560003
N,"Pvr Inox Phoenix Mall Of Asia- Bangalore, Bangalore, Karnataka",CINEMA000162,locality,South,Karnataka,Bangalore,,560092
N,"Pvr Inox Rmz Galleria, Bangalore, Karnataka",CINEMA000163,locality,South,Karnataka,Bangalore,,560064
N,"Pvr Inox Sbr Horizon Mall, Seegehalli, Bangalore, Karnataka",CINEMA000164,locality,South,Karnataka,Bangalore,Seegehalli,560115
N,"Pvr Inox Shree Garuda Swagath Mall, Jayanagar, Bangalore, Karnataka",CINEMA000165,locality,South,Karnataka,Bangalore,Jayanagar,560011
N,"Pvr Orion Mall , Bangalore, Karnataka",CINEMA000166,locality,South,Karnataka,Bangalore,,560055
N,"Pvr Orion Uptown Mall - Bangalore, Bangalore, Karnataka",CINEMA000167,locality,South,Karnataka,Bangalore,,560049
N,"Pvr Phoenix Market City - White Field, Bangalore, Karnataka",CINEMA000168,locality,South,Karnataka,Bangalore,,560048
N,"Pvr Regalia-Elements, Bangalore, Karnataka",CINEMA000169,locality,South,Karnataka,Bangalore,,560077
N,"Pvr Soul Space Spirit - Bangalore, Bangalore, Karnataka",CINEMA000170,locality,South,Karnataka,Bangalore,,560103
N,"Pvr Vaishnavi, Bangalore, Karnataka",CINEMA000171,locality,South,Karnataka,Bangalore,,560022
N,"Pvr Vega City, Bangalore, Karnataka",CINEMA000172,locality,South,Karnataka,Bangalore,,560076
N,"Pvr Vr Mall Whitefield, Bangalore, Karnataka",CINEMA000173,locality,South,Karnataka,Bangalore,,560048
N,"Pvr-Aura Mall, Bangalore, Karnataka",CINEMA000174,locality,South,Karnataka,Bangalore,,560066
N,"Pvr-Thecinema-Bangalore, Bangalore, Karnataka",CINEMA000175,locality,South,Karnataka,Bangalore,,
N,"Pvr Inox Chandan Cinema, Belgaum, Karnataka",CINEMA000176,locality,South,Karnataka,Belgaum,,590001
N,"Pvr Inox Smart City Mall Dharwad , Dharwad, Karnataka",CINEMA000177,locality,South,Karnataka,Dharwad,,580004
N,"Pvr Inox Orchid Mall, Kalaburagi, Gulbarga, Karnataka",CINEMA000178,locality,South,Karnataka,Gulbarga,Kalaburagi,585102
N,"Pvr Mangalore, Mangalore, Karnataka",CINEMA000179,locality,South,Karnataka,Mangalore,,575001
N,"Pvr Forum Centre City Mall - Mysore, Mysore, Karnataka",CINEMA000180,locality,South,Karnataka,Mysore,,570010
N,"Pvr Garuda-Mysore, Mysore, Karnataka",CINEMA000181,locality,South,Karnataka,Mysore,,570001
N,"Pvr Inox Centro Mysore, Mysore, Karnataka",CINEMA000182,locality,South,Karnataka,Mysore,,570001
N,"Pvr Inox Mall Of Mysore, Mysore, Karnataka",CINEMA000183,locality,South,Karnataka,Mysore,,570010
N,"Pvr Inox S Mall, Tumakuru, Tumakuru, Karnataka",CINEMA000184,locality,South,Karnataka,Tumakuru,,572106
N,"Cinemax Oberon Mall - Cochin, Cochin, Kerala",CINEMA000185,locality,South,Kerala,Cochin,,682024
N,"Pvr Forum Mall -Kochi, Cochin, Kerala",CINEMA000186,locality,South,Kerala,Cochin,,682304
N,"Pvr Lulu Mall - Kochi, Cochin, Kerala",CINEMA000187,locality,South,Kerala,Cochin,,682024
N,"Pvr Cinemas, Lulu Mall, Thiruvananthapuram, Thiruvananthapuram, Kerala",CINEMA000188,locality,South,Kerala,Thiruvananthapuram,,695029
N,"Pvr-Kripa Cinemas, Thiruvananthapuram, Kerala",CINEMA000189,locality,South,Kerala,Thiruvananthapuram,,695036
N,"Pvr Inox Sobha City Mall, Thrissur, Kerala",CINEMA000190,locality,South,Kerala,Thrissur,,680553
N,"Pvr-Thecinema -Pondicherry, Puducherry, Puducherry",CINEMA000191,locality,South,Puducherry,Puducherry,,605001
N,"Pvr Aero Hub, Chennai, Chennai, Tamil Nadu",CINEMA000192,locality,South,Tamil Nadu,Chennai,,600016
N,"Pvr Ampa Mll - Chennai, Chennai, Tamil Nadu",CINEMA000193,locality,South,Tamil Nadu,Chennai,,600030
N,"Pvr Ecr Chennai, Chennai, Tamil Nadu",CINEMA000194,locality,South,Tamil Nadu,Chennai,,600119
N,"Pvr Galaxy Mall Redhills, Chennai, Tamil Nadu",CINEMA000195,locality,South,Tamil Nadu,Chennai,,600052
N,"Pvr Grand Galada, Chennai, Tamil Nadu",CINEMA000196,locality,South,Tamil Nadu,Chennai,,600043
N,"Pvr Grand Mall Velachery, Chennai, Tamil Nadu",CINEMA000197,locality,South,Tamil Nadu,Chennai,,600042
N,"Pvr Icon Vr Mall-Chennai, Chennai, Tamil Nadu",CINEMA000198,locality,South,Tamil Nadu,Chennai,,600040
N,"Pvr Inox Citi Centre Chennai, Chennai, Tamil Nadu",CINEMA000199,locality,South,Tamil Nadu,Chennai,,600004
N,"Pvr Inox Luxe Jazz, Chennai, Tamil Nadu",CINEMA000200,locality,South,Tamil Nadu,Chennai,,600042
N,"Pvr Inox National, Chennai, Tamil Nadu",CINEMA000201,locality,South,Tamil Nadu,Chennai,,600092
N,"Pvr Inox The Marina Mall, Chennai, Tamil Nadu",CINEMA000202,locality,South,Tamil Nadu,Chennai,,600130
N,"Pvr-Escape     Whites Road Express Avenue Mall, Chennai, Tamil Nadu",CINEMA000203,locality,South,Tamil Nadu,Chennai,,600014
N,"Pvr-Palazzo       The Forum Vijaya Mall, Chennai, Tamil Nadu",CINEMA000204,locality,South,Tamil Nadu,Chennai,,600026
N,"Pvr-S2 Spectrum Mall    Perambur , Chennai, Tamil Nadu",CINEMA000205,locality,South,Tamil Nadu,Chennai,,600011
N,"Pvr-S2 Theyagaraja Thiruvanmiyur, Chennai, Tamil Nadu",CINEMA000206,locality,South,Tamil Nadu,Chennai,,600041
N,"Pvr-Sathyam    Thiru- Vi-Ka Rd Royapettah, Chennai, Tamil Nadu",CINEMA000207,locality,South,Tamil Nadu,Chennai,,600014
N,"Pvr Inox Prozone Mall Coimbatore, Coimbatore, Tamil Nadu",CINEMA000208,locality,South,Tamil Nadu,Coimbatore,,641035
N,"Pvr-The Cinemas Brookefields Mall        , Coimbatore, Tamil Nadu",CINEMA000209,locality,South,Tamil Nadu,Coimbatore,,641001
N,"Pvr Alveal Mall -Coimbatore, Coimbatore, Tamil Nadu",CINEMA000210,locality,South,Tamil Nadu,Coimbatore,,641041
N,"Pvr V Square Mall Cuddalore, Cuddalore, Tamil Nadu",CINEMA000211,locality,South,Tamil Nadu,Cuddalore,,607001
N,"Pvr Inox Vishaal De Mall Madurai, Madurai, Tamil Nadu",CINEMA000212,locality,South,Tamil Nadu,Madurai,,625002
N,"Pvr Inox Green Field Reliance Mall, Meyyanur, Salem, Tamil Nadu",CINEMA000213,locality,South,Tamil Nadu,Salem,Meyyanur,636004
N,"Pvr Inox Selvam Square, Vellore, Tamil Nadu",CINEMA000214,locality,South,Tamil Nadu,Vellore,,632014
N,"Pvr Velocity, Vellore, Tamil Nadu",CINEMA000215,locality,South,Tamil Nadu,Vellore,,632006
N,"Pvr Jeevan Reddy Mall Armoor, Armoor, Telangana",CINEMA000216,locality,South,Telangana,Armoor,,503224
N,"Pvr Cyberabad , Cyberabad , Telangana",CINEMA000217,locality,South,Telangana,Cyberabad,,500081
N,"Pvr Atrium Mall Hyderabad, Hyderabad, Telangana",CINEMA000218,locality,South,Telangana,Hyderabad,,500032
N,"Pvr Central Mall -Hyd, Hyderabad, Telangana",CINEMA000219,locality,South,Telangana,Hyderabad,,500082
N,"Pvr Hyd Galleria Madhapur, Hyderabad, Telangana",CINEMA000220,locality,South,Telangana,Hyderabad,,500081
N,"Pvr Hyd Galleria Panjagutta, Hyderabad, Telangana",CINEMA000221,locality,South,Telangana,Hyderabad,,500082
N,"Pvr Hyd-Irrum Manzil, Hyderabad, Telangana",CINEMA000222,locality,South,Telangana,Hyderabad,,500082
N,"Pvr Inox Ashoka One Mall, Hyderabad, Telangana",CINEMA000223,locality,South,Telangana,Hyderabad,,500072
N,"Pvr Inox Gsm Mall, Madeenaguda, Hyderabad, Telangana",CINEMA000224,locality,South,Telangana,Hyderabad,Madeenaguda,500049
N,"Pvr Inox Gvk One, Banjara Hills, Hyderabad, Telangana",CINEMA000225,locality,South,Telangana,Hyderabad,Banjara Hills,500034
N,"Pvr Inox Mp Mall, Kachiguda, Hyderabad, Telangana",CINEMA000226,locality,South,Telangana,Hyderabad,Kachiguda,500001
N,"Pvr Inox Prism Gachibowli- Hyderabad, Hyderabad, Telangana",CINEMA000227,locality,South,Telangana,Hyderabad,,500032
N,"Pvr Inox Sattva Necklace Mall, Kavadiguda, Hyderabad, Telangana",CINEMA000228,locality,South,Telangana,Hyderabad,Kavadiguda,500080
N,"Pvr Kukatpally, Hyderabad, Telangana",CINEMA000229,locality,South,Telangana,Hyderabad,,500072
N,"Pvr Musarambagh Hyderabad, Hyderabad, Telangana",CINEMA000230,locality,South,Telangana,Hyderabad,,500036
N,"Pvr Preston Hyderabad, Hyderabad, Telangana",CINEMA000231,locality,South,Telangana,Hyderabad,,500032
N,"Pvr R K Cineplex - Hyderabad, Hyderabad, Telangana",CINEMA000232,locality,South,Telangana,Hyderabad,,500034
N,"Pvr Venu Mall Nizamabad, Nizamabad, Telangana",CINEMA000233,locality,South,Telangana,Nizamabad,,503003
N,"Pvr-S2 Warangal , Warangal, Telangana",CINEMA000234,locality,South,Telangana,Warangal,,506002
N,"Pvr Inox Osia 2 Commercial Arcade A-Wing, Margao, Goa",CINEMA000235,locality,West,Goa,Margao,,403601
N,"Pvr Inox Osia Commercial Arcade G-Wing, Margao, Goa",CINEMA000236,locality,West,Goa,Margao,,403601
N,"Pvr Inox Gmc Panjim, Panjim, Goa",CINEMA000237,locality,West,Goa,Panjim,,403001
N,"Pvr Inox Mall De Goa Porvorim, Provorim, Goa",CINEMA000238,locality,West,Goa,Provorim,,403521
N,"Pvr Ahmedabad-Acropolis, Ahmedabad, Gujarat",CINEMA000239,locality,West,Gujarat,Ahmedabad,,380059
N,"Pvr Arved Plaza, Gsrtc, Ahmedabad, Gujarat",CINEMA000240,locality,West,Gujarat,Ahmedabad,Gsrtc,382480
N,"Pvr Inox Himalaya Mall, Ahmedabad, Gujarat",CINEMA000241,locality,West,Gujarat,Ahmedabad,,380052
N,"Pvr Motera-Ahmedabad, Ahmedabad, Gujarat",CINEMA000242,locality,West,Gujarat,Ahmedabad,,380005
N,"Pvr Palladium Ahmedabad, Ahmedabad, Gujarat",CINEMA000243,locality,West,Gujarat,Ahmedabad,,380054
N,"Pvr Satyamev Mall Ahmedabad, Ahmedabad, Gujarat",CINEMA000244,locality,West,Gujarat,Ahmedabad,,382415
N,"Pvr Anand, Anand, Gujarat",CINEMA000245,locality,West,Gujarat,Anand,,388120
N,"Pvr Inox City Pulse Mall, Anand, Gujarat",CINEMA000246,locality,West,Gujarat,Anand,,388120
N,"Pvr Inox R-World Adalaj, Gandhinagar, Gujarat",CINEMA000247,locality,West,Gujarat,Gandhinagar,,382421
N,"Pvr Inox Crystal Mall, Jamnagar, Gujarat",CINEMA000248,locality,West,Gujarat,Jamnagar,,361002
N,"Pvr Inox Reliance Mall, Motikhavdi, Jamnagar, Gujarat",CINEMA000249,locality,West,Gujarat,Jamnagar,Motikhavdi,361142
N,"Pvr Jcr- The Entertainment World,  Jamnagar, Jamnagar, Gujarat",CINEMA000250,locality,West,Gujarat,Jamnagar,,361120
N,"Pvr Inox Opal One Mall, Nadiad, Gujarat",CINEMA000251,locality,West,Gujarat,Nadiad,,387003
N,"Pvr Inox Rajkot Reliance Mall, Rajkot, Gujarat",CINEMA000252,locality,West,Gujarat,Rajkot,,
N,"Pvr Inox Rajkot R-World, Rajkot, Gujarat",CINEMA000253,locality,West,Gujarat,Rajkot,,360001
N,"Pvr - Rahulraj Mall, Surat, Surat, Gujarat",CINEMA000254,locality,West,Gujarat,Surat,,395007
N,"Pvr Inox Raj Imperial, Surat, Gujarat",CINEMA000255,locality,West,Gujarat,Surat,,
N,"Pvr Inox Reliance Mega Mall Surat, Surat, Gujarat",CINEMA000256,locality,West,Gujarat,Surat,,
N,"Pvr Inox Vr Mall, Surat, Gujarat",CINEMA000257,locality,West,Gujarat,Surat,,395007
N,"Pvr Eva Mall-Vadodra, Vadodara, Gujarat",CINEMA000258,locality,West,Gujarat,Vadodara,,
N,"Pvr Inox Race Course Road, Vadodara, Gujarat",CINEMA000259,locality,West,Gujarat,Vadodara,,
N,"Pvr Inox Reliance Mega Mall, Vadodara, Gujarat",CINEMA000260,locality,West,Gujarat,Vadodara,,390007
N,"Pvr Inox Taksh Galaxy Mall, Vadodara, Gujarat",CINEMA000261,locality,West,Gujarat,Vadodara,,390019
N,"Pvr Nilamber Triumph Mall -Vadodra, Vadodara, Gujarat",CINEMA000262,locality,West,Gujarat,Vadodara,,
N,"Pvr Ved Transcube Plaza, Vadodara, Gujarat",CINEMA000263,locality,West,Gujarat,Vadodara,,390007
N,"Pvr Inox Prozone Mall, Aurangabad, Maharashtra",CINEMA000264,locality,West,Maharashtra,Aurangabad,,
N,"Pvr Inox Reliance Mega Mall, Aurangabad, Aurangabad, Maharashtra",CINEMA000265,locality,West,Maharashtra,Aurangabad,,
N,"Pvr-S2 Haseen - Bhiwandi, Bhiwandi, Maharashtra",CINEMA000266,locality,West,Maharashtra,Bhiwandi,,
N,"Pvr Jalgaon, Jalgaon, Maharashtra",CINEMA000267,locality,West,Maharashtra,Jalgaon,,425001
N,"Pvr Inox Metro Junction Mall, Kalyan, Maharashtra",CINEMA000268,locality,West,Maharashtra,Kalyan,,
N,"Pvr Inox Kolhapur Reliance Mega Mall, Kolhapur, Maharashtra",CINEMA000269,locality,West,Maharashtra,Kolhapur,,416002
N,"Pvr Kolhapur, Kolhapur, Maharashtra",CINEMA000270,locality,West,Maharashtra,Kolhapur,,416005
N,"Pvr Latur - Maharashtra, Latur, Maharashtra",CINEMA000271,locality,West,Maharashtra,Latur,,413531
N,"Cinemax Infinity 2 Mall -Malad, Mumbai, Maharashtra",CINEMA000272,locality,West,Maharashtra,Mumbai,,
N,"Jio Drive-In (A Pvr Experience) - Bandra Kurla Complex, Mumbai, Maharashtra",CINEMA000273,locality,West,Maharashtra,Mumbai,,
N,"Pvr Andheri - Citi Mall, Mumbai, Maharashtra",CINEMA000274,locality,West,Maharashtra,Mumbai,,
N,"Pvr Experia Mall - Dombivili, Mumbai, Maharashtra",CINEMA000275,locality,West,Maharashtra,Mumbai,,
N,"Pvr Goregaon-Mumbai, Mumbai, Maharashtra",CINEMA000276,locality,West,Maharashtra,Mumbai,,
N,"Pvr Growel , Mumbai, Maharashtra",CINEMA000277,locality,West,Maharashtra,Mumbai,,
N,"Pvr Icon-Versova, Mumbai, Maharashtra",CINEMA000278,locality,West,Maharashtra,Mumbai,,400053
N,"Pvr Inox Atria Mall, Worli, Mumbai, Maharashtra",CINEMA000279,locality,West,Maharashtra,Mumbai,Worli,400018
N,"Pvr Inox Cr2 Mall, Nariman Point, Mumbai, Maharashtra",CINEMA000280,locality,West,Maharashtra,Mumbai,Nariman Point,400021
N,"Pvr Inox Eros- Mumbai, Mumbai, Maharashtra",CINEMA000281,locality,West,Maharashtra,Mumbai,,400020
N,"Pvr Inox Inorbit Mall, Malad, Mumbai, Maharashtra",CINEMA000282,locality,West,Maharashtra,Mumbai,Malad,400104
N,"Pvr Inox Jio World Centre, Bkc Mumbai, Mumbai, Maharashtra",CINEMA000283,locality,West,Maharashtra,Mumbai,Bkc Mumbai,400051
N,"Pvr Inox Metro Cinema, Marine Lines, Mumbai, Maharashtra",CINEMA000284,locality,West,Maharashtra,Mumbai,Marine Lines,
N,"Pvr Inox Nakshtra Mall, Dadar, Mumbai, Maharashtra",CINEMA000285,locality,West,Maharashtra,Mumbai,Dadar,400028
N,"Pvr Inox Raghuleela Mall, Kandivali (W), Mumbai, Maharashtra",CINEMA000286,locality,West,Maharashtra,Mumbai,Kandivali (W),400067
N,"Pvr Inox Rcity Mall, Ghatkopar, Mumbai, Maharashtra",CINEMA000287,locality,West,Maharashtra,Mumbai,Ghatkopar,400086
N,"Pvr Inox Thakur Dahisar, Mumbai, Maharashtra",CINEMA000288,locality,West,Maharashtra,Mumbai,,401107
N,"Pvr Juhu - Mumbai , Mumbai, Maharashtra",CINEMA000289,locality,West,Maharashtra,Mumbai,,
N,"Pvr Lido Mumbai, Mumbai, Maharashtra",CINEMA000290,locality,West,Maharashtra,Mumbai,,400049
N,"Pvr Maison, Jio World Drive- Bandra Kurla Complex, Mumbai, Maharashtra",CINEMA000291,locality,West,Maharashtra,Mumbai,Jio World Drive- Bandra Kurla Complex,400051
N,"Pvr Milap, Mumbai, Maharashtra",CINEMA000292,locality,West,Maharashtra,Mumbai,,400067
N,"Pvr Phoenix Market City - Kurla, Mumbai, Maharashtra",CINEMA000293,locality,West,Maharashtra,Mumbai,,
N,"Pvr Phoenix Mills-Mumbai Worli, Mumbai, Maharashtra",CINEMA000294,locality,West,Maharashtra,Mumbai,,
N,"Pvr R Odeon Mall, Ghatkopar, Mumbai, Maharashtra",CINEMA000295,locality,West,Maharashtra,Mumbai,Ghatkopar,400077
N,"Pvr Sangam Andheri East, Mumbai, Maharashtra",CINEMA000296,locality,West,Maharashtra,Mumbai,,
N,"Pvr-Le Reve, Mumbai, Maharashtra",CINEMA000297,locality,West,Maharashtra,Mumbai,,400050
N,"Pvr Inox Jaswant Tuli, Nagpur, Maharashtra",CINEMA000298,locality,West,Maharashtra,Nagpur,,440017
N,"Pvr Capital Mall Vasai, Nalasopara, Maharashtra",CINEMA000299,locality,West,Maharashtra,Nalasopara,,401209
N,"Pvr Nanded , Nanded, Maharashtra",CINEMA000300,locality,West,Maharashtra,Nanded,,431603
N,"Cinemax  City Centre Mall - Nasik, Nashik, Maharashtra",CINEMA000301,locality,West,Maharashtra,Nashik,,422008
N,"Pvr Inox Palm Beach Galleria Mall, Vashi, Navi Mumbai, Maharashtra",CINEMA000302,locality,West,Maharashtra,Navi Mumbai,Vashi,400703
N,"Pvr Inox Raghuleela Mall, Vashi, Navi Mumbai, Maharashtra",CINEMA000303,locality,West,Maharashtra,Navi Mumbai,Vashi,400703
N,"Pvr Orion Panvel, Panvel, Maharashtra",CINEMA000304,locality,West,Maharashtra,Panvel,,410206
N,"Pvr City Mall-Pimpri Pune, Pune, Maharashtra",CINEMA000305,locality,West,Maharashtra,Pune,,411018
N,"Pvr Grand Highstreet Mall Hinjewadi, Pune, Maharashtra",CINEMA000306,locality,West,Maharashtra,Pune,,
N,"Pvr Icon, The Pavillion Mall, Pune, Maharashtra",CINEMA000307,locality,West,Maharashtra,Pune,The Pavillion Mall,
N,"Pvr Inox Bundgarden Road, Pune, Maharashtra",CINEMA000308,locality,West,Maharashtra,Pune,,
N,"Pvr Inox Elpro City Square Mall, Chinchwad, Pune, Maharashtra",CINEMA000309,locality,West,Maharashtra,Pune,Chinchwad,411033
N,"Pvr Inox Jai Ganesh Vision Mall, Akurdi, Pune, Maharashtra",CINEMA000310,locality,West,Maharashtra,Pune,Akurdi,411035
N,"Pvr Inox Pmc Wakad Pune, Pune, Maharashtra",CINEMA000311,locality,West,Maharashtra,Pune,,411057
N,"Pvr Inox Royal Heritage Mall, Pune, Maharashtra",CINEMA000312,locality,West,Maharashtra,Pune,,411060
N,"Pvr Kopa Mall- Pune, Pune, Maharashtra",CINEMA000313,locality,West,Maharashtra,Pune,,411001
N,"Pvr Kumar Pacific Pune, Pune, Maharashtra",CINEMA000314,locality,West,Maharashtra,Pune,,411042
N,"Pvr Pune - Market City, Pune, Maharashtra",CINEMA000315,locality,West,Maharashtra,Pune,,
N,"Pvr Inox Korum Mall, Thane, Maharashtra",CINEMA000316,locality,West,Maharashtra,Thane,,400606
N,"Pvr Aura Mall-Bhopal, Bhopal, Mp",CINEMA000317,locality,Central,Madhya Pradesh,Bhopal,,462039
N,"Pvr Gwalior Keshar Towers, Gwalior, Mp",CINEMA000318,locality,Central,Madhya Pradesh,Gwalior,,474002
N,"Pvr Inox Db Mall, Gwalior, Mp",CINEMA000319,locality,Central,Madhya Pradesh,Gwalior,,474002
N,"Pvr - Treasure Island - Indore, Indore, Mp",CINEMA000320,locality,Central,Madhya Pradesh,Indore,,452001
N,"Pvr Inox C-21 Mall, Indore, Mp",CINEMA000321,locality,Central,Madhya Pradesh,Indore,,452010
N,"Pvr Inox Phoenix Citadel, Indore, Mp",CINEMA000322,locality,Central,Madhya Pradesh,Indore,,
N,"Pvr Inox Treasure Island Next Mall, Regal Square, Indore, Mp",CINEMA000323,locality,Central,Madhya Pradesh,Indore,Regal Square,
N,"Pvr Ujjain, Ujjain, Mp",CINEMA000324,locality,Central,Madhya Pradesh,Ujjain,,456010
N,"Pvr Inox City Square Mall, Ajmer, Rajasthan",CINEMA000325,locality,North,Rajasthan,Ajmer,,305004
N,"Pvr Mittal Mall Ajmer, Ajmer, Rajasthan",CINEMA000326,locality,North,Rajasthan,Ajmer,,305001
N,"Pvr Inox City Centre Mall, Bhilwara, Bhilwara, Rajasthan",CINEMA000327,locality,North,Rajasthan,Bhilwara,,311001
N,"Pvr Inox Reliance Mall, Chittor Road, Bhilwara, Rajasthan",CINEMA000328,locality,North,Rajasthan,Bhilwara,Chittor Road,311001
N,"Pvr Inox Genesis Mall, Bhiwadi, Rajasthan",CINEMA000329,locality,North,Rajasthan,Bhiwadi,,
N,"Pvr Inox Crystal Palm, Jaipur, Rajasthan",CINEMA000330,locality,North,Rajasthan,Jaipur,,302004
N,"Pvr Inox Elements Mall, Jaipur, Rajasthan",CINEMA000331,locality,North,Rajasthan,Jaipur,,302021
N,"Pvr Inox Gt Central, Malviya Nagar, Jaipur, Rajasthan",CINEMA000332,locality,North,Rajasthan,Jaipur,Malviya Nagar,302017
N,"Pvr Inox Jtm Mall, Jagatpura, Jaipur, Rajasthan",CINEMA000333,locality,North,Rajasthan,Jaipur,Jagatpura,302017
N,"Pvr Inox Pink Square Mall, Raja Park, Jaipur, Rajasthan",CINEMA000334,locality,North,Rajasthan,Jaipur,Raja Park,302004
N,"Pvr Inox Sunny Trade Center, Jaipur, Rajasthan",CINEMA000335,locality,North,Rajasthan,Jaipur,,302020
N,"Pvr Inox Vaibhav Complex, Jaipur, Rajasthan",CINEMA000336,locality,North,Rajasthan,Jaipur,,302021
N,"Pvr Mall Of Jaipur, Jaipur, Rajasthan",CINEMA000337,locality,North,Rajasthan,Jaipur,,302021
N,"Pvr Inox Indiabulls Mega Mall, Jodhpur, Rajasthan",CINEMA000338,locality,North,Rajasthan,Jodhpur,,342005
N,"Pvr - Cine Mall Kota, Kota, Rajasthan",CINEMA000339,locality,North,Rajasthan,Kota,,
N,"Pvr Inox The Great Mall, Kota, Rajasthan",CINEMA000340,locality,North,Rajasthan,Kota,,
N,"Pvr - Ridhi Sidhi Mall, Sri Ganganagar, Sri Ganganagar, Rajasthan",CINEMA000341,locality,North,Rajasthan,Sri Ganganagar,,335001
N,"Pvr Celebration Mall - Udaipur, Udaipur, Rajasthan",CINEMA000342,locality,North,Rajasthan,Udaipur,,
N,"Pvr Inox Lake City Mall, Udaipur, Rajasthan",CINEMA000343,locality,North,Rajasthan,Udaipur,,313002
N,"Pvr Inox Urban Square - Udaipur, Udaipur, Rajasthan",CINEMA000344,locality,North,Rajasthan,Udaipur,,313001
N,"Pvr Ka Mall Jabalpur, Jabalpur, Mp",CINEMA000345,locality,Central,Madhya Pradesh,Jabalpur,,482002
N,"Pvr Elan Miracle -Gurgaon, Gurgaon, Haryana",CINEMA000346,locality,North,Haryana,Gurgaon,,
N,"Pvr Inox Ardee Mall, Gurgaon, Haryana",CINEMA000347,locality,North,Haryana,Gurgaon,,122003
N,"Pvr Inox Epicuria Nehru Place, New Delhi, Delhi",CINEMA000348,locality,North,Delhi,New Delhi,,110019
N,"Pvr Inox Rcube, New Delhi, Delhi",CINEMA000349,locality,North,Delhi,New Delhi,,110027
N,"Pvr Inox R Mall, Ghodbunder Road, Thane, Maharashtra",CINEMA000350,locality,West,Maharashtra,Thane,Ghodbunder Road,400607
N,"Pvr Inox Smr Vinay Metro Mall, Hyderabad, Telangana",CINEMA000351,locality,South,Telangana,Hyderabad,,500049
N,"Pvr Forum Rex Walk, Prestige, Bangalore, Bangalore, Karnataka",CINEMA000352,locality,South,Karnataka,Bangalore,,560001
N,"Pvr Inox Oberoi Sky City Mall, Borivali, Mumbai, Maharashtra",CINEMA000353,locality,West,Maharashtra,Mumbai,Borivali,400066
N,"Pvr Inox M5 Mall, Electronic City-Bangalore, Bangalore, Karnataka",CINEMA000354,locality,South,Karnataka,Bangalore,Electronic City-Bangalore,
N,"Cinepolis Guwahati, Guwahati, Assam",CINEMA000355,locality,North East,Assam,Guwahati,,
N,"Fun Cinema - Playbox (Dimapur), Dimapur, Assam",CINEMA000356,locality,North East,Assam,Dimapur,,797112
N,"Cinepolis Muzaffarpur, Muzaffarpur, Bihar",CINEMA000357,locality,East,Bihar,Muzaffarpur,,842002
N,"PJP Cinepolis Muzaffarpur, Muzaffarpur, Bihar",CINEMA000358,locality,East,Bihar,Muzaffarpur,,842002
N,"Cinépolis Patna, Patna, Bihar",CINEMA000359,locality,East,Bihar,Patna,,800013
N,"Cinepolis Jamshedpur, Jamshedpur, Jharkhand",CINEMA000360,locality,East,Jharkhand,Jamshedpur,,831001
N,"LMB-Fun Ranchi, Ranchi, Jharkhand",CINEMA000361,locality,East,Jharkhand,Ranchi,,834002
N,"PJP Cinepolis Ranchi, Ranchi, Jharkhand",CINEMA000362,locality,East,Jharkhand,Ranchi,,834001
N,"Cinepolis - Esplanade, Bhubhaneshwar, Orissa",CINEMA000363,locality,East,Odisha,Bhubhaneshwar,,751010
N,"Cinépolis Kol Acropolis, Kolkata, WestBengal",CINEMA000364,locality,East,West Bengal,Kolkata,,
N,"Cinepolis Bawaria, Bhopal, MadhyaPradesh",CINEMA000365,locality,Central,Madhya Pradesh,Bhopal,,
N,"Cinepolis CRM, Delhi, Delhi",CINEMA000366,locality,North,Delhi,Delhi,,110032
N,"DT Saket, Delhi, Delhi",CINEMA000367,locality,North,Delhi,Delhi,,110030
N,"DT - G.K II, Delhi, Delhi",CINEMA000368,locality,North,Delhi,Delhi,,
N,"Cinepolis Janak, Delhi, Delhi",CINEMA000369,locality,North,Delhi,Delhi,,
N,"Cinépolis Rohini, Delhi, Delhi",CINEMA000370,locality,North,Delhi,Delhi,,
N,"C. V3S East Centre, Delhi, Delhi",CINEMA000371,locality,North,Delhi,Delhi,,
N,"Cinépolis V3S, Delhi, Delhi",CINEMA000372,locality,North,Delhi,Delhi,,110092
N,"C. Pacific NSP, Delhi, Delhi",CINEMA000373,locality,North,Delhi,Delhi,,110034
N,"Cinépolis Ambala, Ambala, Haryana",CINEMA000374,locality,North,Haryana,Ambala,,134003
N,"FC. PM Cinema - Faridabad, Faridabad, Haryana",CINEMA000375,locality,North,Haryana,Faridabad,,121002
N,"C. Reach Aria Mall Gurgaon, Gurugram, Haryana",CINEMA000376,locality,North,Haryana,Gurugram,,122103
N,"C. Nexus Esplanade Gurgaon, Gurugram, Haryana",CINEMA000377,locality,North,Haryana,Gurugram,,122006
N,"Cinépolis Bhopal Aashima, Bhopal, Madhya Pradesh",CINEMA000378,locality,Central,Madhya Pradesh,Bhopal,,462026
N,"Cinépolis Bhopal D.B. City, Bhopal, Madhya Pradesh",CINEMA000379,locality,Central,Madhya Pradesh,Bhopal,,462011
N,"Cinepolis Gwalior, Gwalior, Madhya Pradesh",CINEMA000380,locality,Central,Madhya Pradesh,Gwalior,,474002
N,"Cinépolis Amritsar Alpha, Amritsar, Punjab",CINEMA000381,locality,North,Punjab,Amritsar,,143006
N,"Cinépolis Bhatinda, Bhatinda, Punjab",CINEMA000382,locality,North,Punjab,Bhatinda,,
N,"Cinépolis Chandi Manimajara, Chandigarh, Punjab",CINEMA000383,locality,North,Punjab,Chandigarh,,
N,"Cinépolis Chandi TDI, Chandigarh, Punjab",CINEMA000384,locality,North,Punjab,Chandigarh,,
N,"Cinépolis Ludhiana MBD, Ludhiana, Punjab",CINEMA000385,locality,North,Punjab,Ludhiana,,141012
N,"Cinepolis Mohali, Mohali, Punjab",CINEMA000386,locality,North,Punjab,Mohali,,
N,"Cinépolis Panipat, Panipat, Haryana",CINEMA000387,locality,North,Haryana,Panipat,,132104
N,"Cinépolis Jaipur Triton, Jaipur, Rajasthan",CINEMA000388,locality,North,Rajasthan,Jaipur,,302001
N,"Cinépolis Jaipur WTP, Jaipur, Rajasthan",CINEMA000389,locality,North,Rajasthan,Jaipur,,302001
N,"Cinépolis Kota, Kota, Rajasthan",CINEMA000390,locality,North,Rajasthan,Kota,,
N,"Cinépolis Lucknow, Lucknow, Uttar Pradesh",CINEMA000391,locality,North,Uttar Pradesh,Lucknow,,226010
N,"Cinépolis Lucknow One Awadh, Lucknow, Uttar Pradesh",CINEMA000392,locality,North,Uttar Pradesh,Lucknow,,
N,"Cinépolis Grand Venice Noida, Noida, Uttar Pradesh",CINEMA000393,locality,North,Uttar Pradesh,Noida,,
N,"Cinepolis Spice, Noida, Uttar Pradesh",CINEMA000394,locality,North,Uttar Pradesh,Noida,,
N,"FC Rave Mall (Rudrapur), Rudrapur, Uttrakhand",CINEMA000395,locality,North,Uttarakhand,Rudrapur,,
N,"Cinepolis Power One Vijayawada, Vijaywada, Andhra Pradesh",CINEMA000396,locality,South,Andhra Pradesh,Vijaywada,,
N,"Cinépolis Vijaywada PVP, Vijaywada, Andhra Pradesh",CINEMA000397,locality,South,Andhra Pradesh,Vijaywada,,
N,"Cinepolis Sreekanya, Vishakhapatnam, Andhra Pradesh",CINEMA000398,locality,South,Andhra Pradesh,Vishakhapatnam,,530041
N,"Cinépolis Bangalore ETA, Bengaluru, Karnataka",CINEMA000399,locality,South,Karnataka,Bengaluru,,
N,"Cinepolis Shantiniketan, Bengaluru, Karnataka",CINEMA000400,locality,South,Karnataka,Bengaluru,,
N,"Cinépolis Bangalore Orion, Bengaluru, Karnataka",CINEMA000401,locality,South,Karnataka,Bengaluru,,560055
N,"Cinépolis Bangalore RMM, Bengaluru, Karnataka",CINEMA000402,locality,South,Karnataka,Bengaluru,,
N,"Cinepolis SJR Spectrum, Bengaluru, Karnataka",CINEMA000403,locality,South,Karnataka,Bengaluru,,560076
N,"C. Sobha Global, Bengaluru, Karnataka",CINEMA000404,locality,South,Karnataka,Bengaluru,,560045
N,"C. Sobha Global-VIP, Bengaluru, Karnataka",CINEMA000405,locality,South,Karnataka,Bengaluru,,560045
N,"Cinépolis Hubli, Hubli, Karnataka",CINEMA000406,locality,South,Karnataka,Hubli,,
N,"Cinépolis Mangalore, Mangalore, Karnataka",CINEMA000407,locality,South,Karnataka,Mangalore,,575001
N,"Cinepolis Kozhikode, Kozhikode, Kerala",CINEMA000408,locality,South,Kerala,Kozhikode,,673004
N,"Cinépolis Cochin, Cochin, Kerala",CINEMA000409,locality,South,Kerala,Cochin,,682035
N,"Cinépolis Cochin - VIP, Cochin, Kerala",CINEMA000410,locality,South,Kerala,Cochin,,682035
N,"Cinepolis BSR Sentosa Avenue, Chennai, Tamil Nadu",CINEMA000411,locality,South,Tamil Nadu,Chennai,,
N,"Cinépolis Coimbatore, Coimbatore, Tamil Nadu",CINEMA000412,locality,South,Tamil Nadu,Coimbatore,,641004
N,"Cinépolis Hyd DSL, Hyderabad, Telangana",CINEMA000413,locality,South,Telangana,Hyderabad,,500039
N,"Cinépolis Hyd Manjeera, Hyderabad, Telangana",CINEMA000414,locality,South,Telangana,Hyderabad,,
N,"Cinépolis Hyd Mantra, Hyderabad, Telangana",CINEMA000415,locality,South,Telangana,Hyderabad,,500409
N,"Cinépolis Hyderabad Sudha, Hyderabad, Telangana",CINEMA000416,locality,South,Telangana,Hyderabad,,
N,"Cinépolis Hyd CCPL, Hyderabad, Telangana",CINEMA000417,locality,South,Telangana,Hyderabad,,500409
N,"Cinépolis Ahmedabad, Ahmedabad, Gujarat",CINEMA000418,locality,West,Gujarat,Ahmedabad,,380054
N,"Fun - Modern Cineplex (Anjar), Anjar, Gujarat",CINEMA000419,locality,West,Gujarat,Anjar,,370110
N,"Cinépolis Baroda, Baroda, Gujarat",CINEMA000420,locality,West,Gujarat,Baroda,,390023
N,"FC Shilpi Complex - Bharuch, Bharuch, Gujarat",CINEMA000421,locality,West,Gujarat,Bharuch,,392015
N,"Fun - Rushil Cinema (Dehgam), Dehgam, Gujarat",CINEMA000422,locality,West,Gujarat,Dehgam,,382305
N,"Fun Cinema-Cinema City, Kalol, Gujarat",CINEMA000423,locality,West,Gujarat,Kalol,,
N,"Cinépolis Surat, Surat, Gujarat",CINEMA000424,locality,West,Gujarat,Surat,,395005
N,"FC. Aradhana Cinema, Veraval, Gujarat",CINEMA000425,locality,West,Gujarat,Veraval,,362265
N,"C. Seawoods L&T Mumbai, Mumbai, Maharashtra",CINEMA000426,locality,West,Maharashtra,Mumbai,,400706
N,"Cinépolis - Andheri, Mumbai, Maharashtra",CINEMA000427,locality,West,Maharashtra,Mumbai,,400053
N,"Cinépolis Chembur, Mumbai, Maharashtra",CINEMA000428,locality,West,Maharashtra,Mumbai,,400071
N,"Cinepolis Bhandup, Mumbai, Maharashtra",CINEMA000429,locality,West,Maharashtra,Mumbai,,400078
N,"C. Trillium, Nagpur, Maharashtra",CINEMA000430,locality,West,Maharashtra,Nagpur,,440003
N,"Cinépolis Pune Seasons, Pune, Maharashtra",CINEMA000431,locality,West,Maharashtra,Pune,,411013
N,"Cinépolis Pune Seasons - VIP, Pune, Maharashtra",CINEMA000432,locality,West,Maharashtra,Pune,,411013
N,"Cinépolis Pune Westend, Pune, Maharashtra",CINEMA000433,locality,West,Maharashtra,Pune,,
N,"Cinepolis Thane, Thane, Maharashtra",CINEMA000434,locality,West,Maharashtra,Thane,,400601
N,"Cinepolis Viviana, Thane, Maharashtra",CINEMA000435,locality,West,Maharashtra,Thane,,400601
N,"Cinepolis Viviana - VIP, Thane, Maharashtra",CINEMA000436,locality,West,Maharashtra,Thane,,400601
N,"C. Kankubag Mall, Ahmedabad, Gujarat",CINEMA000437,locality,West,Gujarat,Ahmedabad,,382418
N,"Vandana Heritage, Rajkot, Gujarat",CINEMA000438,locality,West,Gujarat,Rajkot,,360004
N,"Cinépolis Mall of Travancore, Thiruvananthapuram, Kerala",CINEMA000439,locality,South,Kerala,Thiruvananthapuram,,695024
N,"Cinepolis FE2 Arcade, Rourkela, Orissa",CINEMA000440,locality,East,Odisha,Rourkela,,769002
N,"Cinépolis Jewels of India, Jaipur, Rajasthan",CINEMA000441,locality,North,Rajasthan,Jaipur,,302018
N,"Cinepolis IGP Chandausi, Chandausi, Uttar Pradesh",CINEMA000442,locality,North,Uttar Pradesh,Chandausi,,244412
N,"Cinepolis TNR North City, Hyderabad, Telangana",CINEMA000443,locality,South,Telangana,Hyderabad,,
N,"Cinepolis Secura Centre, Kannur, Kerala",CINEMA000444,locality,South,Kerala,Kannur,,
N,"Cinepolis Aurum Square, Mumbai, Maharashtra",CINEMA000445,locality,West,Maharashtra,Mumbai,,400710
N,"Cinepolis Modimall Rampur, Rampur, Uttar Pradesh",CINEMA000446,locality,North,Uttar Pradesh,Rampur,,244901
N,"Cinepolis Bansal Bhopal, Bhopal, Madhya Pradesh",CINEMA000447,locality,Central,Madhya Pradesh,Bhopal,,
N,"C. Gravity Mall, Patna, Bihar",CINEMA000448,locality,East,Bihar,Patna,,800020
N,"Cinepolis Green City Square, Bhatinda, Punjab",CINEMA000449,locality,North,Punjab,Bhatinda,,151001
N,"Cinepolis - Ireo, Gurugram, Haryana",CINEMA000450,locality,North,Haryana,Gurugram,,122098
N,"Cinepolis – Pacific Faridabad, Faridabad, Haryana",CINEMA000451,locality,North,Haryana,Faridabad,,121001
N,"Cinepolis Kessel Mall, Kurukshetra, Haryana",CINEMA000452,locality,North,Haryana,Kurukshetra,,
N,"High Five Cinema (Along), Aalo, Arunachal Pradesh",CINEMA000453,locality,North East,Arunachal Pradesh,Aalo,,791001
N,"X-Mart Theatre, Daporigo, Arunachal Pradesh",CINEMA000454,locality,North East,Arunachal Pradesh,Daporigo,,791122
N,"Carnival Chakang Cinemas Screen 1, Itanagar, Arunachal Pradesh",CINEMA000455,locality,North East,Arunachal Pradesh,Itanagar,,791110
N,"National Cinema (Naharlagun), Itanagar, Arunachal Pradesh",CINEMA000456,locality,North East,Arunachal Pradesh,Itanagar,,791111
N,"Sky Digital Cinema (Nirjuli), Itanagar, Arunachal Pradesh",CINEMA000457,locality,North East,Arunachal Pradesh,Itanagar,,791112
N,"Dilip Cinema (Barpeta), Barpeta, Assam",CINEMA000458,locality,North East,Assam,Barpeta,,
N,"Indrapuri Cinema Hall. (Barpeta), Barpeta, Assam",CINEMA000459,locality,North East,Assam,Barpeta,,
N,"Sarma Talkies (Pathsala), Barpeta, Assam",CINEMA000460,locality,North East,Assam,Barpeta,,781325
N,"Jollymax (Bongaigaon) Screen 1, Bongaigaon, Assam",CINEMA000461,locality,North East,Assam,Bongaigaon,,783380
N,"Universal Cinema Screen 1, Bongaigaon, Assam",CINEMA000462,locality,North East,Assam,Bongaigaon,,783380
N,"Chappan Talkies (Likabali), Dhemaji, Assam",CINEMA000463,locality,North East,Assam,Dhemaji,,787059
N,"R.R.Cinemas, Dhemaji, Dhemaji, Assam",CINEMA000464,locality,North East,Assam,Dhemaji,,787057
N,"Bishnu Talkies, Dhubri, Assam",CINEMA000465,locality,North East,Assam,Dhubri,,
N,"Jyotsna Cinema (Dibrugarh), Dibrugarh, Assam",CINEMA000466,locality,North East,Assam,Dibrugarh,,
N,"Sanskriti Auditorium (Dibrugarh), Dibrugarh, Assam",CINEMA000467,locality,North East,Assam,Dibrugarh,,
N,"Vanasree Auditorium (Chabua), Dibrugarh, Assam",CINEMA000468,locality,North East,Assam,Dibrugarh,,786184
N,"Houseful Talkies (Moranhat), Dibrugarh (Sivasagar), Assam",CINEMA000469,locality,North East,Assam,Dibrugarh (Sivasagar),,785670
N,"Ambika Cine Place (Dudhnoi), Goalpara, Assam",CINEMA000470,locality,North East,Assam,Goalpara,,783124
N,"Durga Talkies (Goalpara), Goalpara, Assam",CINEMA000471,locality,North East,Assam,Goalpara,,783101
N,"Kalpana Cinema (Goalpara), Goalpara, Assam",CINEMA000472,locality,North East,Assam,Goalpara,,783101
N,"Gold Digital Cinema (Golaghat), Golaghat, Assam",CINEMA000473,locality,North East,Assam,Golaghat,,
N,"Anuradha Cinema (Guwahati) Anuradha Cinema (Guwahati), Guwahati, Assam",CINEMA000474,locality,North East,Assam,Guwahati,,
N,"Brahmaputra Hall, Guwahati, Assam",CINEMA000475,locality,North East,Assam,Guwahati,,781027
N,"De Light Gold Cinema Hall (Rangia), Guwahati, Assam",CINEMA000476,locality,North East,Assam,Guwahati,,781365
N,"Galleria Cinema (Guwahati), Guwahati, Assam",CINEMA000477,locality,North East,Assam,Guwahati,,
N,"Gold Digital Cinema (Chaygaon), Guwahati, Assam",CINEMA000478,locality,North East,Assam,Guwahati,,781124
N,"Gold Digital Cinema (Narengi), Guwahati, Assam",CINEMA000479,locality,North East,Assam,Guwahati,,
N,"Gold Digitec (Paltanbazar) Screen 1, Guwahati, Assam",CINEMA000480,locality,North East,Assam,Guwahati,,
N,"Grand Cines (Paltanbazar) Screen 1, Guwahati, Assam",CINEMA000481,locality,North East,Assam,Guwahati,,781008
N,"Grand Royal Cines, Khanapara - Ausi - 1, Guwahati, Assam",CINEMA000482,locality,North East,Assam,Guwahati,Khanapara - Ausi - 1,781022
N,"Grand Royal Cines, Khanapara - Ausi - 2, Guwahati, Assam",CINEMA000483,locality,North East,Assam,Guwahati,Khanapara - Ausi - 2,781022
N,"Matrix Cinemas Beltola (Guwahati) Screen 1, Guwahati, Assam",CINEMA000484,locality,North East,Assam,Guwahati,,781028
N,"R. R. Cinemas - Azara, Guwahati, Assam",CINEMA000485,locality,North East,Assam,Guwahati,,781015
N,"Silver Screen, Guwahati, Assam",CINEMA000486,locality,North East,Assam,Guwahati,,
N,"H.K.Bose Hall (Tezpur), Imphal (Sonitpur), Assam",CINEMA000487,locality,North East,Assam,Imphal (Sonitpur),,
N,"Rhino Auditorium (Lichubari Cantt-Jorhat), Jorhat, Assam",CINEMA000488,locality,North East,Assam,Jorhat,,785004
N,"Smriti Gopal Cinema Hall (Jorhat), Jorhat, Assam",CINEMA000489,locality,North East,Assam,Jorhat,,785001
N,"Tarang (Jorhat), Jorhat, Assam",CINEMA000490,locality,North East,Assam,Jorhat,,
N,"Gold Digital Cinema (Karimganj), Karimganj, Assam",CINEMA000491,locality,North East,Assam,Karimganj,,788711
N,"Ewa Ntpc Ltd. Salakati, Kokrajhar, Assam",CINEMA000492,locality,North East,Assam,Kokrajhar,,
N,"R. R. Cinemas (Nirmali Cinema) Morigaon, Morigaon, Assam",CINEMA000493,locality,North East,Assam,Morigaon,,782413
N,"Dinesh Amphitheatre (Nagaon), Nagaon, Assam",CINEMA000494,locality,North East,Assam,Nagaon,,
N,"Divyajyoti Cinema (Nagaon), Nagaon, Assam",CINEMA000495,locality,North East,Assam,Nagaon,,782002
N,"Krishna Talkies (Nagaon), Nagaon, Assam",CINEMA000496,locality,North East,Assam,Nagaon,,782001
N,"Opera Cinema, Nagaon, Assam",CINEMA000497,locality,North East,Assam,Nagaon,,
N,"Biswa Talkies (North Lakhimpur), North Lakhimpur, Assam",CINEMA000498,locality,North East,Assam,North Lakhimpur,,
N,"Dhruba Miniplex Touring Cinema, North Lakhimpur, Assam",CINEMA000499,locality,North East,Assam,North Lakhimpur,,
N,"Gold Digital Cinema (North Lakhimpur), North Lakhimpur, Assam",CINEMA000500,locality,North East,Assam,North Lakhimpur,,787001
N,"Gold Digital Cinema - Goldighi Mall Screen 1, Silchar, Assam",CINEMA000501,locality,North East,Assam,Silchar,,
N,"Gold Digital Cinema (Silchar), Silchar, Assam",CINEMA000502,locality,North East,Assam,Silchar,,788001
N,"Hamringdi Cinema Hall, Silchar, Assam",CINEMA000503,locality,North East,Assam,Silchar,,788819
N,"Kumbhirgram Air Force Auditorium, Silchar, Assam",CINEMA000504,locality,North East,Assam,Silchar,,788109
N,"Bhaskarjyoti Cinema Hall (Sivasagar), Sivsagar, Assam",CINEMA000505,locality,North East,Assam,Sivsagar,,
N,"Kalpana Cineworld, Sivsagar, Assam",CINEMA000506,locality,North East,Assam,Sivsagar,,
N,"Albert Ekka Auditorium (Tezpur), Tezpur, Assam",CINEMA000507,locality,North East,Assam,Tezpur,,
N,"Gold Digital Cinema (Tezpur), Tezpur, Assam",CINEMA000508,locality,North East,Assam,Tezpur,,784001
N,"Imp Cinemas (Tezpur) Screen 1, Tezpur, Assam",CINEMA000509,locality,North East,Assam,Tezpur,,784001
N,"Shangrilla Auditorium (Missamari), Tezpur, Assam",CINEMA000510,locality,North East,Assam,Tezpur,,784506
N,"Brahmaputra Hall (Dinjan), Tinsukia, Assam",CINEMA000511,locality,North East,Assam,Tinsukia,,
N,"Jhankar Auditorium (Dinjan), Tinsukia, Assam",CINEMA000512,locality,North East,Assam,Tinsukia,,786189
N,"Rangghar Cinema (Tinsukia), Tinsukia, Assam",CINEMA000513,locality,North East,Assam,Tinsukia,,
N,"Shyam Talkies (Margherita), Tinsukia, Assam",CINEMA000514,locality,North East,Assam,Tinsukia,,
N,"Stillwell Auditorium (Lekhapani), Tinsukia, Assam",CINEMA000515,locality,North East,Assam,Tinsukia,,786182
N,"Charduar Hall (Imphal), Imphal, Manipur",CINEMA000516,locality,North East,Manipur,Imphal,,
N,"Red Shield Auditorium (Imphal), Imphal, Manipur",CINEMA000517,locality,North East,Manipur,Imphal,,
N,"Ramona Cinema (Byrnihat), Byrnihat, Meghalaya",CINEMA000518,locality,North East,Meghalaya,Byrnihat,,793101
N,"Bijou Cinema (Shillong), Shillong, Meghalaya",CINEMA000519,locality,North East,Meghalaya,Shillong,,793001
N,"Dah Auditorium (Shillong), Shillong, Meghalaya",CINEMA000520,locality,North East,Meghalaya,Shillong,,
N,"Meghalaya Hal (Iaf) (Shillong), Shillong, Meghalaya",CINEMA000521,locality,North East,Meghalaya,Shillong,,
N,"Rhino Auditorium Cum Lecture Hall (Shillong), Shillong, Meghalaya",CINEMA000522,locality,North East,Meghalaya,Shillong,,
N,"Red Horns Auditorium (Umroi), Shillong (Ri Bhoi), Meghalaya",CINEMA000523,locality,North East,Meghalaya,Shillong (Ri Bhoi),,793103
N,"Agrasar Bioscope (Shokhovi), Dimapur, Nagaland",CINEMA000524,locality,North East,Nagaland,Dimapur,,
N,"Hill Star Digital Cinema (Dimapur), Dimapur, Nagaland",CINEMA000525,locality,North East,Nagaland,Dimapur,,797112
N,"Manekshaw Auditorium (Dimapur), Dimapur, Nagaland",CINEMA000526,locality,North East,Nagaland,Dimapur,,797118
N,"Asha Talkies (Angul), Anugul, Odisha",CINEMA000527,locality,East,Odisha,Anugul,,
N,"Divyajyoti Talkies Screen 1, Anugul, Odisha",CINEMA000528,locality,East,Odisha,Anugul,,759122
N,"Ganesh Talkies (Talcher), Anugul, Odisha",CINEMA000529,locality,East,Odisha,Anugul,,759100
N,"Ntpc Ttps, Anugul, Odisha",CINEMA000530,locality,East,Odisha,Anugul,,
N,"Cine Caarnival, Asika, Odisha",CINEMA000531,locality,East,Odisha,Asika,,
N,"Ganesh Talkies (Gandhi Marg) Screen 1, Athagad, Odisha",CINEMA000532,locality,East,Odisha,Athagad,,754029
N,"Royal Cinema (Balangir), Balangir, Odisha",CINEMA000533,locality,East,Odisha,Balangir,,
N,"Tulip Cinema, Balangir, Odisha",CINEMA000534,locality,East,Odisha,Balangir,,
N,"Movie Ex (Balasore) Screen 1, Baleshwar, Odisha",CINEMA000535,locality,East,Odisha,Baleshwar,,756001
N,"Durga Talkies (Banki), Banki, Odisha",CINEMA000536,locality,East,Odisha,Banki,,754008
N,"Deojhar Theatre (Jindal Steel & Power Ltd), Barbil, Odisha",CINEMA000537,locality,East,Odisha,Barbil,,758038
N,"P J Movies (Barbil), Barbil, Odisha",CINEMA000538,locality,East,Odisha,Barbil,,758035
N,"Rukmini Talkies (Bargarh) Screen 1, Bargarh, Odisha",CINEMA000539,locality,East,Odisha,Bargarh,,768040
N,"Uma Talkies (Bargarh), Bargarh, Odisha",CINEMA000540,locality,East,Odisha,Bargarh,,768028
N,"Sri Laxmi Talkies (Beguniapada) Screen 1, Beguniapada, Odisha",CINEMA000541,locality,East,Odisha,Beguniapada,,
N,"Gautam Talkies (Berhampur), Berhampur, Odisha",CINEMA000542,locality,East,Odisha,Berhampur,,760002
N,"Rukmini Theatre (Berhampur), Berhampur, Odisha",CINEMA000543,locality,East,Odisha,Berhampur,,760001
N,"Madhav Theatre (Randia), Bhadrak Rural, Odisha",CINEMA000544,locality,East,Odisha,Bhadrak Rural,,756135
N,"P J Movies Screen 1, Bhubaneswar, Odisha",CINEMA000545,locality,East,Odisha,Bhubaneswar,,752050
N,"Sriya Swati Cinecomplex Pvt Ltd Screen 2, Bhubaneswar, Odisha",CINEMA000546,locality,East,Odisha,Bhubaneswar,,751001
N,"B.K. Talkies (Salipur), Cuttack, Odisha",CINEMA000547,locality,East,Odisha,Cuttack,,
N,"Brundaban Talkies (Cuttak), Cuttack, Odisha",CINEMA000548,locality,East,Odisha,Cuttack,,753001
N,"Akash Cinema (Berhampur), Gopalpur, Odisha",CINEMA000549,locality,East,Odisha,Gopalpur,,761052
N,"Rashmi Talkies (Jagatsinghpur), Jagatsinghapur, Odisha",CINEMA000550,locality,East,Odisha,Jagatsinghapur,,
N,"Biraja Talkies (Jajpur ), Jajpur, Odisha",CINEMA000551,locality,East,Odisha,Jajpur,,
N,"Jagannath Cine Place (Jajpur), Jajpur, Odisha",CINEMA000552,locality,East,Odisha,Jajpur,,755019
N,"Mission Shakti Cinema (Jajpur Road), Jajpur, Odisha",CINEMA000553,locality,East,Odisha,Jajpur,,755019
N,"Mission Shakti Cinema (Jajpur Town), Jajpur, Odisha",CINEMA000554,locality,East,Odisha,Jajpur,,
N,"Saraswati Talkies (Jajpur ) Screen 1, Jajpur, Odisha",CINEMA000555,locality,East,Odisha,Jajpur,,
N,"Celebration (Jeypore) Screen 1, Jeypore, Odisha",CINEMA000556,locality,East,Odisha,Jeypore,,764001
N,"Korosudha Kalamandir (Jeypore), Jeypore, Odisha",CINEMA000557,locality,East,Odisha,Jeypore,,
N,"Sr Nova Cinemaz (Jeypore) Screen 1, Jeypore, Odisha",CINEMA000558,locality,East,Odisha,Jeypore,,
N,"Utkal Cinema Hall (Sunabeda), Jeypore, Odisha",CINEMA000559,locality,East,Odisha,Jeypore,,763002
N,"Eylex Films Pvt Ltd (Jharsuguda) Screen 1, Jharsuguda, Odisha",CINEMA000560,locality,East,Odisha,Jharsuguda,,768203
N,"Ib Auditorium (Opgc Ltd), Jharsuguda, Odisha",CINEMA000561,locality,East,Odisha,Jharsuguda,,
N,"Shiv Shankar Picture Palace Screen 1, Jharsuguda, Odisha",CINEMA000562,locality,East,Odisha,Jharsuguda,,768201
N,"Bhagirathi Signature, Junagarh, Odisha",CINEMA000563,locality,East,Odisha,Junagarh,,766014
N,"Alishan Cinemas Balangir Screen 1, Kantabanji, Odisha",CINEMA000564,locality,East,Odisha,Kantabanji,,767039
N,"Cineplexx (Keonjhar) Screen 1, Keonjhar, Odisha",CINEMA000565,locality,East,Odisha,Keonjhar,,
N,"New Galaxy Theatre (Kalahandi) Screen 1, Kesinga, Odisha",CINEMA000566,locality,East,Odisha,Kesinga,,766012
N,"Lilas Movies (Nuapada), Khariar Road, Odisha",CINEMA000567,locality,East,Odisha,Khariar Road,,
N,"Mb Cinemas Screen-1, Khariar Road, Odisha",CINEMA000568,locality,East,Odisha,Khariar Road,,766104
N,"Naveen Talkies (Kotpad), Kotpad, Odisha",CINEMA000569,locality,East,Odisha,Kotpad,,
N,"J Max Cinemas (Malkangiri), Malkangiri, Odisha",CINEMA000570,locality,East,Odisha,Malkangiri,,764045
N,"Connplex Smart Theatre Umerkote Screen 1, Nabarangpur, Odisha",CINEMA000571,locality,East,Odisha,Nabarangpur,,764073
N,"Ds3 Cinema (Nabarangapur) Screen 1, Nabarangpur, Odisha",CINEMA000572,locality,East,Odisha,Nabarangpur,,764059
N,"Glaze Cinemas Screen 1, Nabarangpur, Odisha",CINEMA000573,locality,East,Odisha,Nabarangpur,,764059
N,"M J Cinema, Nabarangpur, Odisha",CINEMA000574,locality,East,Odisha,Nabarangpur,,764073
N,"Radhakrishna Cinemax, Nayagarh, Odisha",CINEMA000575,locality,East,Odisha,Nayagarh,,
N,"Kamla Talkies (Paradeep), Paradip, Odisha",CINEMA000576,locality,East,Odisha,Paradip,,754120
N,"Jayamahal Cinema Hall (Paralakhemundi), Parlakhemundi, Odisha",CINEMA000577,locality,East,Odisha,Parlakhemundi,,
N,"Lakshmi Talkies (Paralakhemundi), Parlakhemundi, Odisha",CINEMA000578,locality,East,Odisha,Parlakhemundi,,761200
N,"Nataraj Talkies, Parlakhemundi, Odisha",CINEMA000579,locality,East,Odisha,Parlakhemundi,,761200
N,"Sri Krishna Talkies (Paralakhemundi), Parlakhemundi, Odisha",CINEMA000580,locality,East,Odisha,Parlakhemundi,,761200
N,"Sradhanjali Talkies (Phulbani), Phulabani, Odisha",CINEMA000581,locality,East,Odisha,Phulabani,,
N,"Milan Talkies (Rajgangpur), Rajagangapur, Odisha",CINEMA000582,locality,East,Odisha,Rajagangapur,,770017
N,"Tensa Auditorium (Tensa), Rajagangapur, Odisha",CINEMA000583,locality,East,Odisha,Rajagangapur,,770017
N,"Triveni Talkies (Rajgangpur), Rajagangapur, Odisha",CINEMA000584,locality,East,Odisha,Rajagangapur,,
N,"Psr Cinemas ( Rayagada) Screen 1, Rayagada, Odisha",CINEMA000585,locality,East,Odisha,Rayagada,,
N,"Uday Plaza, Rayagada, Odisha",CINEMA000586,locality,East,Odisha,Rayagada,,765001
N,"V K Central Screen 1, Rayagada, Odisha",CINEMA000587,locality,East,Odisha,Rayagada,,
N,"Cine Caarnival (Rourkela) Screen 1, Rourkela, Odisha",CINEMA000588,locality,East,Odisha,Rourkela,,769001
N,"Konark Auditorium-Ntpc Darlipali, Rourkela, Odisha",CINEMA000589,locality,East,Odisha,Rourkela,,
N,"Eylex Films Pvt Ltd (Sambalpur) Screen 1, Sambalpur, Odisha",CINEMA000590,locality,East,Odisha,Sambalpur,,
N,"Galaxy Cinema (Semiliguda), Similiguda, Odisha",CINEMA000591,locality,East,Odisha,Similiguda,,
N,"Defence Auditorium (Gangtok,Tadong), Gangtok, Sikkim",CINEMA000592,locality,North East,Sikkim,Gangtok,Tadong),737102
N,"Denzong Cinema (Gangtok), Gangtok, Sikkim",CINEMA000593,locality,North East,Sikkim,Gangtok,,737101
N,"Melli Dazom Cinema (Melli), Melli, Sikkim",CINEMA000594,locality,North East,Sikkim,Melli,,
N,"Imperial Talkies (Gangtok), Namchi, Sikkim",CINEMA000595,locality,North East,Sikkim,Namchi,,737126
N,"Kunjaban Assam Rifles Auditorium . Hq 21 Sector As, Agartala, Tripura",CINEMA000596,locality,North East,Tripura,Agartala,,
N,"Rupasi Multiplex (Agartala) Screen 1, Agartala, Tripura",CINEMA000597,locality,North East,Tripura,Agartala,,799001
N,"Ssr Cinemas (Dharmanagar) Screen 1, Dharmanagar, Tripura",CINEMA000598,locality,North East,Tripura,Dharmanagar,,
N,"Bioscope Galaxy Mall Screen 1, Asansol, West Bengal",CINEMA000599,locality,East,West Bengal,Asansol,,
N,"Manoj Cinema Manoj Cinema (Asansol), Asansol, West Bengal",CINEMA000600,locality,East,West Bengal,Asansol,,713304
N,"Ewa- Ntpc Farakka Screen 1, Aurangabad (West Bengal), West Bengal",CINEMA000601,locality,East,West Bengal,Aurangabad (West Bengal),,742224
N,"Shyamal Talkies(Aurangabad), Aurangabad (West Bengal), West Bengal",CINEMA000602,locality,East,West Bengal,Aurangabad (West Bengal),,742201
N,"Laxmi Talkies (Azimganj), Azimganj, West Bengal",CINEMA000603,locality,East,West Bengal,Azimganj,,
N,"Air Force Station (Bagdogra), Bagdogra, West Bengal",CINEMA000604,locality,East,West Bengal,Bagdogra,,
N,"Shibani Enterprise Hall (Bangan), Bagnan, West Bengal",CINEMA000605,locality,East,West Bengal,Bagnan,,711303
N,"Kalyani Cinema (Balurghat), Balurghat, West Bengal",CINEMA000606,locality,East,West Bengal,Balurghat,,733101
N,"Sree Maa Talkies (Harirampur), Balurghat, West Bengal",CINEMA000607,locality,East,West Bengal,Balurghat,,733125
N,"Bijoya Cinema (Barasat), Barasat, West Bengal",CINEMA000608,locality,East,West Bengal,Barasat,,700124
N,"Amala Cinema (Barrackpore), Barrackpur, West Bengal",CINEMA000609,locality,East,West Bengal,Barrackpur,,700122
N,"Sainik Auditorium (Barrackpore), Barrackpur, West Bengal",CINEMA000610,locality,East,West Bengal,Barrackpur,,700120
N,"Lila Cinema (Baruipur), Baruipur, West Bengal",CINEMA000611,locality,East,West Bengal,Baruipur,,743387
N,"Basanti Cinema(Belmuri), Belmuri, West Bengal",CINEMA000612,locality,East,West Bengal,Belmuri,,
N,"Mountain View Auditorium-16 Fad (Bengdubi ), Bengdubi, West Bengal",CINEMA000613,locality,East,West Bengal,Bengdubi,,734010
N,"Mohan Talkies Pvt Ltd Screen 1, Berhampore, West Bengal",CINEMA000614,locality,East,West Bengal,Berhampore,,
N,"Silver Screen (Berhampore) Screen 1, Berhampore, West Bengal",CINEMA000615,locality,East,West Bengal,Berhampore,,
N,"Shobha Talkies (Betberia) Shobha Talkies (Betberia), Betberia, West Bengal",CINEMA000616,locality,East,West Bengal,Betberia,,
N,"Kirpan Auditorium - Army Cantonment Binnaguri, Binnaguri, West Bengal",CINEMA000617,locality,East,West Bengal,Binnaguri,,735203
N,"Majumder Talkies (Alipurdwar), Binnaguri, West Bengal",CINEMA000618,locality,East,West Bengal,Binnaguri,,735214
N,"Poorvanchal Auditorium (Hasimara), Binnaguri, West Bengal",CINEMA000619,locality,East,West Bengal,Binnaguri,,735215
N,"Sarvatra Auditorium Station (Bagrakote), Binnaguri, West Bengal",CINEMA000620,locality,East,West Bengal,Binnaguri,,
N,"Lok Sanskriti Metro (Burdwan), Burdwan, West Bengal",CINEMA000621,locality,East,West Bengal,Burdwan,,713103
N,"New Panchali Cinema (Chanchal) New Panchali Cinema(Chanchal), Chanchal, West Bengal",CINEMA000622,locality,East,West Bengal,Chanchal,,
N,"Cinema Hut Screen 1, Chandannagar, West Bengal",CINEMA000623,locality,East,West Bengal,Chandannagar,,
N,"Pakija Mini Cinema(Chunakhali), Chunakhali, West Bengal",CINEMA000624,locality,East,West Bengal,Chunakhali,,743611
N,"Ssr Cinemas Mahestala Screen 1, Chunakhali, West Bengal",CINEMA000625,locality,East,West Bengal,Chunakhali,,700142
N,"Bhavani Cinema (Cooch Behar), Cooch Behar, West Bengal",CINEMA000626,locality,East,West Bengal,Cooch Behar,,
N,"Jaya Cinema (Coochbehar) Screen 1, Cooch Behar, West Bengal",CINEMA000627,locality,East,West Bengal,Cooch Behar,,736179
N,"New Cinema (Behar), Cooch Behar, West Bengal",CINEMA000628,locality,East,West Bengal,Cooch Behar,,736101
N,"Sabari Cinema (Daihata), Daihata, West Bengal",CINEMA000629,locality,East,West Bengal,Daihata,,
N,"Diamond Cinema (Dalkhola), Dalkhola, West Bengal",CINEMA000630,locality,East,West Bengal,Dalkhola,,
N,"Urbashi Cinema (Dhartigram), Dhatrigram, West Bengal",CINEMA000631,locality,East,West Bengal,Dhatrigram,,
N,"Diamond Talkies(Diamond Harbour), Diamond Harbour, West Bengal",CINEMA000632,locality,East,West Bengal,Diamond Harbour,,
N,"Utpal Dutta Mancha, Diamond Harbour, West Bengal",CINEMA000633,locality,East,West Bengal,Diamond Harbour,,
N,"Jyoti Cinema (Domkole), Domkal, West Bengal",CINEMA000634,locality,East,West Bengal,Domkal,,742303
N,"Zaman Talkies (Domkol), Domkal, West Bengal",CINEMA000635,locality,East,West Bengal,Domkal,,742303
N,"Binapani Cinema (Dubrajpur), Dubrajpur, West Bengal",CINEMA000636,locality,East,West Bengal,Dubrajpur,,731123
N,"Arti Cinemas (Durgapur) Screen 1, Durgapur, West Bengal",CINEMA000637,locality,East,West Bengal,Durgapur,,
N,"Durgapur Cinema (Durgapur), Durgapur, West Bengal",CINEMA000638,locality,East,West Bengal,Durgapur,,713216
N,"Ssr Cinema Durgapur Screen 1, Durgapur, West Bengal",CINEMA000639,locality,East,West Bengal,Durgapur,,
N,"Gouri Cinema (Cooch Behar), Falakata, West Bengal",CINEMA000640,locality,East,West Bengal,Falakata,,
N,"Rupkatha Cinema (Gangarampur), Gangarampur, West Bengal",CINEMA000641,locality,East,West Bengal,Gangarampur,,733124
N,"Maa Priya Cinema (Gazole), Gazole, West Bengal",CINEMA000642,locality,East,West Bengal,Gazole,,732124
N,"Kalika Cinema (Kamarthuba), Habra, West Bengal",CINEMA000643,locality,East,West Bengal,Habra,,
N,"Puja Cinema (Itahar), Itahar, West Bengal",CINEMA000644,locality,East,West Bengal,Itahar,,
N,"Cine Bazz Adda (Ukil Para), Jalpaiguri, West Bengal",CINEMA000645,locality,East,West Bengal,Jalpaiguri,,
N,"Cinebazz Arya (Ukilpara), Jalpaiguri, West Bengal",CINEMA000646,locality,East,West Bengal,Jalpaiguri,,
N,"Rupmaya Cinema, Jalpaiguri, West Bengal",CINEMA000647,locality,East,West Bengal,Jalpaiguri,,
N,"Shree Dayal Cinema(Jalpaiguri), Jalpaiguri, West Bengal",CINEMA000648,locality,East,West Bengal,Jalpaiguri,,735101
N,"Air Force Staion (Kalaikunda), Kalaikunda, West Bengal",CINEMA000649,locality,East,West Bengal,Kalaikunda,,721303
N,"Star Cinema (Kalia Chak), Kaliachak, West Bengal",CINEMA000650,locality,East,West Bengal,Kaliachak,,732201
N,"Chitranjanli Cinema (Kalikakhali) Screen 1, Kalikakhali, West Bengal",CINEMA000651,locality,East,West Bengal,Kalikakhali,,721659
N,"Bewoor Hall (Kalimpong), Kalimpong, West Bengal",CINEMA000652,locality,East,West Bengal,Kalimpong,,734316
N,"Dream Theatre (Kalingpong), Kalimpong, West Bengal",CINEMA000653,locality,East,West Bengal,Kalimpong,,734301
N,"Dolphin Multiplex (Balinda), Kalyani, West Bengal",CINEMA000654,locality,East,West Bengal,Kalyani,,
N,"Sangam Cinema (Hooghly) Screen 1, Kalyani, West Bengal",CINEMA000655,locality,East,West Bengal,Kalyani,,741235
N,"Deepali Talkies (Alipurduar), Kamakhyaguri, West Bengal",CINEMA000656,locality,East,West Bengal,Kamakhyaguri,,
N,"Bombay Cinema Screen 1, Kharagpur, West Bengal",CINEMA000657,locality,East,West Bengal,Kharagpur,,
N,"Ajanta Cinema (Behala) Screen 1, Kolkata, West Bengal",CINEMA000658,locality,East,West Bengal,Kolkata,,
N,"Arti Cinema (Barasat) Screen 1, Kolkata, West Bengal",CINEMA000659,locality,East,West Bengal,Kolkata,,700124
N,"Ashoka Cinema (Kolkata), Kolkata, West Bengal",CINEMA000660,locality,East,West Bengal,Kolkata,,700034
N,"Athindra Cinema Screen 1, Kolkata, West Bengal",CINEMA000661,locality,East,West Bengal,Kolkata,,711102
N,"Bijoli Cinema (Kolkata), Kolkata, West Bengal",CINEMA000662,locality,East,West Bengal,Kolkata,,700025
N,"Indra Cinema (Bhawanipur), Kolkata, West Bengal",CINEMA000663,locality,East,West Bengal,Kolkata,,700025
N,"Jayanti Multiplex (Barrackpore) Screen 1, Kolkata, West Bengal",CINEMA000664,locality,East,West Bengal,Kolkata,,700120
N,"Lali Cinema, Kolkata, West Bengal",CINEMA000665,locality,East,West Bengal,Kolkata,,
N,"Menoka Cinema (Kolkata), Kolkata, West Bengal",CINEMA000666,locality,East,West Bengal,Kolkata,,
N,"Minar Cinema (Kolkata), Kolkata, West Bengal",CINEMA000667,locality,East,West Bengal,Kolkata,,700004
N,"Moonlight Cinema (Kolkata), Kolkata, West Bengal",CINEMA000668,locality,East,West Bengal,Kolkata,,700073
N,"Narayani Cinema (Alambazaar), Kolkata, West Bengal",CINEMA000669,locality,East,West Bengal,Kolkata,,
N,"Nazrul Tirtha (New Town) Screen 1, Kolkata, West Bengal",CINEMA000670,locality,East,West Bengal,Kolkata,,700163
N,"New Empire Cinema (Kolkata), Kolkata, West Bengal",CINEMA000671,locality,East,West Bengal,Kolkata,,
N,"New Royal Cinema, Kolkata, West Bengal",CINEMA000672,locality,East,West Bengal,Kolkata,,
N,"Padma Cinema (Sodepur), Kolkata, West Bengal",CINEMA000673,locality,East,West Bengal,Kolkata,,700110
N,"Pradip Talkies (Kolkata), Kolkata, West Bengal",CINEMA000674,locality,East,West Bengal,Kolkata,,
N,"Society Cinema (Kolkata), Kolkata, West Bengal",CINEMA000675,locality,East,West Bengal,Kolkata,,
N,"Ssr Cinemas Globe Screen 1, Kolkata, West Bengal",CINEMA000676,locality,East,West Bengal,Kolkata,,700016
N,"Turtle In Motion Pvt Ltd- Rdb Cinemas (Kolkata) Screen 1, Kolkata, West Bengal",CINEMA000677,locality,East,West Bengal,Kolkata,,
N,"Sangeeta Cinema (Krishnanagar), Krishnanagar, West Bengal",CINEMA000678,locality,East,West Bengal,Krishnanagar,,741103
N,"Fullora (Birbhum), Labpur, West Bengal",CINEMA000679,locality,East,West Bengal,Labpur,,731303
N,"Shree Laxmi Talkies (Lakhikantapur) Screen 1, Lakhikantapur, West Bengal",CINEMA000680,locality,East,West Bengal,Lakhikantapur,,
N,"Rajendra Cinema (Lauhati), Lauhati, West Bengal",CINEMA000681,locality,East,West Bengal,Lauhati,,700135
N,"Star Cinema (Madanpur), Madanpur, West Bengal",CINEMA000682,locality,East,West Bengal,Madanpur,,741245
N,"Gita Cinema (Mahishadal), Mahisadal, West Bengal",CINEMA000683,locality,East,West Bengal,Mahisadal,,
N,"Pampa Cinema (Malbazar), Malbazar, West Bengal",CINEMA000684,locality,East,West Bengal,Malbazar,,
N,"Nabin Cinema (Malda), Malda, West Bengal",CINEMA000685,locality,East,West Bengal,Malda,,
N,"Natraj Cinema (Malda), Malda, West Bengal",CINEMA000686,locality,East,West Bengal,Malda,,732142
N,"Rupkatha Cinema (Malda), Malda, West Bengal",CINEMA000687,locality,East,West Bengal,Malda,,732101
N,"Jyoti Cinema (Maslandapur), Masalandapur, West Bengal",CINEMA000688,locality,East,West Bengal,Masalandapur,,743289
N,"Apsara Cinema (Amlapara), Mathabhanga, West Bengal",CINEMA000689,locality,East,West Bengal,Mathabhanga,,736146
N,"Tinku Talkies (Mathurapur), Mathurapur, West Bengal",CINEMA000690,locality,East,West Bengal,Mathurapur,,743349
N,"Hari Cinema (Midnapur), Midnapore, West Bengal",CINEMA000691,locality,East,West Bengal,Midnapore,,721101
N,"Jhargram Cineplex, Midnapore, West Bengal",CINEMA000692,locality,East,West Bengal,Midnapore,,721507
N,"Sulekha Cinema (Mograhat), Mograhat, West Bengal",CINEMA000693,locality,East,West Bengal,Mograhat,,743355
N,"Shibani Cinema (Moyna), Moyna, West Bengal",CINEMA000694,locality,East,West Bengal,Moyna,,
N,"R. K Multiplex, Naihati, West Bengal",CINEMA000695,locality,East,West Bengal,Naihati,,743165
N,"Shyamashree Bahurupa (Narayangarh), Narayangarh, West Bengal",CINEMA000696,locality,East,West Bengal,Narayangarh,,
N,"Aradhana Cinema (Nazirpur), Nazirpur, West Bengal",CINEMA000697,locality,East,West Bengal,Nazirpur,,
N,"Radha Gobindo Talkies (Pakuahat), Pakuahat, West Bengal",CINEMA000698,locality,East,West Bengal,Pakuahat,,732138
N,"Defence Auditorium Panagarh (Panagarh), Panagarh, West Bengal",CINEMA000699,locality,East,West Bengal,Panagarh,,713148
N,"Kalyani Cinema(Pandua), Pandua, West Bengal",CINEMA000700,locality,East,West Bengal,Pandua,,
N,"Shraddhnajali Cinema (Rampur), Rampur (East Midnapore), West Bengal",CINEMA000701,locality,East,West Bengal,Rampur (East Midnapore),,721458
N,"Ranaghat Talkies(Ranaghat), Ranaghat, West Bengal",CINEMA000702,locality,East,West Bengal,Ranaghat,,
N,"Pawan Talkies (Malda), Samsi, West Bengal",CINEMA000703,locality,East,West Bengal,Samsi,,732139
N,"Sushama Cinema (Sheraphuly) Screen 1, Seoraphully, West Bengal",CINEMA000704,locality,East,West Bengal,Seoraphully,,712223
N,"Cariappa Auditorium (Siliguri), Siliguri, West Bengal",CINEMA000705,locality,East,West Bengal,Siliguri,,734008
N,"New Cinema (Siliguri), Siliguri, West Bengal",CINEMA000706,locality,East,West Bengal,Siliguri,,734001
N,"Rabindra Bhawan, Siliguri, West Bengal",CINEMA000707,locality,East,West Bengal,Siliguri,,
N,"Savin World Resorts Pvt Ltd (Siliguri) Screen 1, Siliguri, West Bengal",CINEMA000708,locality,East,West Bengal,Siliguri,,734001
N,"Vishal Cinema (Siliguri), Siliguri, West Bengal",CINEMA000709,locality,East,West Bengal,Siliguri,,734001
N,"Mohan Talkies (Balurghat), Tapan, West Bengal",CINEMA000710,locality,East,West Bengal,Tapan,,733127
N,"Laxmi Cinema (Titagarh), Titagarh, West Bengal",CINEMA000711,locality,East,West Bengal,Titagarh,,
N,"Ashoka Chitramandir (Tribeni), Tribeni, West Bengal",CINEMA000712,locality,East,West Bengal,Tribeni,,
N,"Anandamoyee Cinema (Udayanarayanpur), Udaynarayanpur, West Bengal",CINEMA000713,locality,East,West Bengal,Udaynarayanpur,,711226
N,"Rupashree Cinema (Vaishnab Nagar), Vaishnab Nagar, West Bengal",CINEMA000714,locality,East,West Bengal,Vaishnab Nagar,,
N,"Moti Mahal (Ara), Arrah, Bihar",CINEMA000715,locality,East,Bihar,Arrah,,802301
N,"Sapna Chitra Mandir (Arrah), Arrah, Bihar",CINEMA000716,locality,East,Bihar,Arrah,,802301
N,"Narendra Talkies (Aurangabad), Aurangabad (Bihar), Bihar",CINEMA000717,locality,East,Bihar,Aurangabad (Bihar),,824101
N,"Kishan Talkies (Thakurganj), Bahadurganj, Bihar",CINEMA000718,locality,East,Bihar,Bahadurganj,,855101
N,"Chandra Talklies (Bairganiya), Bairgania, Bihar",CINEMA000719,locality,East,Bihar,Bairgania,,843313
N,"Ambey Picture Palace (Barauni), Barauni, Bihar",CINEMA000720,locality,East,Bihar,Barauni,,
N,"Savita Chitra Shala (Barh), Barh, Bihar",CINEMA000721,locality,East,Bihar,Barh,,
N,"Abhishek Talkies (Bashantpur), Basantpur, Bihar",CINEMA000722,locality,East,Bihar,Basantpur,,841406
N,"Alka Theatre (Begusarai) Alka Theatre (Begusarai), Begusarai, Bihar",CINEMA000723,locality,East,Bihar,Begusarai,,851117
N,"Chitrabani Cinema (Begusarai), Begusarai, Bihar",CINEMA000724,locality,East,Bihar,Begusarai,,851101
N,"Pitambara Cinema (Bittiah), Bettiah, Bihar",CINEMA000725,locality,East,Bihar,Bettiah,,
N,"Deep Prabha Cinema (Bhagalpur), Bhagalpur, Bihar",CINEMA000726,locality,East,Bihar,Bhagalpur,,812001
N,"Fm Mall & Cineplex (Bhagalpur) Screen 1, Bhagalpur, Bihar",CINEMA000727,locality,East,Bihar,Bhagalpur,,812003
N,"Shree Krishna Chitra Mandir (Naugachhia), Bhagalpur, Bihar",CINEMA000728,locality,East,Bihar,Bhagalpur,,853204
N,"Kisaan Cinema (Bihar Shariff), Bihar Shariif, Bihar",CINEMA000729,locality,East,Bihar,Bihar Shariif,,
N,"Kumar Picture House (Sharif), Bihar Shariif, Bihar",CINEMA000730,locality,East,Bihar,Bihar Shariif,,
N,"Durga Talkies (Buxar), Buxar, Bihar",CINEMA000731,locality,East,Bihar,Buxar,,802101
N,"Laal Talkies (Chanpatia), Chanpatia, Bihar",CINEMA000732,locality,East,Bihar,Chanpatia,,
N,"Cinema O (Chapra) Screen 1, Chapra, Bihar",CINEMA000733,locality,East,Bihar,Chapra,,841222
N,"Jyoti Cinema (Chapra), Chapra, Bihar",CINEMA000734,locality,East,Bihar,Chapra,,841301
N,"Kumar Talkies (Dalsingsarai), Dalsinghsarai, Bihar",CINEMA000735,locality,East,Bihar,Dalsinghsarai,,
N,"Delight Cineplex (Dehri), Dehri, Bihar",CINEMA000736,locality,East,Bihar,Dehri,,
N,"Jai Hind Talkies (Dehri), Dehri, Bihar",CINEMA000737,locality,East,Bihar,Dehri,,821307
N,"Rohit Chitra Mandir (Dehri), Dehri, Bihar",CINEMA000738,locality,East,Bihar,Dehri,,821307
N,"Asr Cinema (Patna) Screen 1, Dinapur-Cum-Khagaul, Bihar",CINEMA000739,locality,East,Bihar,Dinapur-Cum-Khagaul,,
N,"Jay Shankar Cinema (Ekma), Ekma, Bihar",CINEMA000740,locality,East,Bihar,Ekma,,841208
N,"Jyoti Cinema (Farbisganj), Forbesganj, Bihar",CINEMA000741,locality,East,Bihar,Forbesganj,,
N,"Indradhanush Ota (Gaya), Gaya, Bihar",CINEMA000742,locality,East,Bihar,Gaya,,823001
N,"Paradise Talkies (Gaya), Gaya, Bihar",CINEMA000743,locality,East,Bihar,Gaya,,
N,"Sawan Mini Cinema Hall (Gaya), Gaya, Bihar",CINEMA000744,locality,East,Bihar,Gaya,,823001
N,"Dipam Cinema (Ghorasahan), Ghorasahan, Bihar",CINEMA000745,locality,East,Bihar,Ghorasahan,,
N,"Sarswati Talkies (Gopalganj) Blue Screen 2, Gopalganj, Bihar",CINEMA000746,locality,East,Bihar,Gopalganj,,841428
N,"Cine Krishna (Hajipur) Screen 1, Hajipur, Bihar",CINEMA000747,locality,East,Bihar,Hajipur,,
N,"National Cinema (Hajipur), Hajipur, Bihar",CINEMA000748,locality,East,Bihar,Hajipur,,844101
N,"Navin Talkies (Hajipur) Screen 1, Hajipur, Bihar",CINEMA000749,locality,East,Bihar,Hajipur,,844101
N,"Chandra Talkies ( Jandaha ), Jandaha, Bihar",CINEMA000750,locality,East,Bihar,Jandaha,,844505
N,"90 Degree Cineplex (Jhajha), Jhajha, Bihar",CINEMA000751,locality,East,Bihar,Jhajha,,
N,"Maa Lakhi Picture Palace (Jhajha), Jhajha, Bihar",CINEMA000752,locality,East,Bihar,Jhajha,,811308
N,"Krishna Talkies (Kalibari), Khagaria, Bihar",CINEMA000753,locality,East,Bihar,Khagaria,,
N,"Mahadeo Talkies (Lakhisarai), Lakhisarai, Bihar",CINEMA000754,locality,East,Bihar,Lakhisarai,,811311
N,"Raj Chitra Mandir (Lakhisarai), Lakhisarai, Bihar",CINEMA000755,locality,East,Bihar,Lakhisarai,,811311
N,"Shakuntla Talkies (Lalganj), Lalganj, Bihar",CINEMA000756,locality,East,Bihar,Lalganj,,844121
N,"Omkar Talkies (Mirganj), Mirganj, Bihar",CINEMA000757,locality,East,Bihar,Mirganj,,
N,"Upkar Talkies (Mirganj), Mirganj, Bihar",CINEMA000758,locality,East,Bihar,Mirganj,,
N,"New Cinema (Mokameh City), Mokama, Bihar",CINEMA000759,locality,East,Bihar,Mokama,,803302
N,"Payal Picture Palace (Motihari), Motihari, Bihar",CINEMA000760,locality,East,Bihar,Motihari,,
N,"Rup Mahal Talkies (Chakia), Motihari, Bihar",CINEMA000761,locality,East,Bihar,Motihari,,845412
N,"Sanjay Cineplex (Motihari), Motihari (Purba Champaran), Bihar",CINEMA000762,locality,East,Bihar,Motihari (Purba Champaran),,845401
N,"The Cinema (Kalyanpur), Motihari (Purba Champaran), Bihar",CINEMA000763,locality,East,Bihar,Motihari (Purba Champaran),,845413
N,"Eylex Cinema (Muzaffarpur) Screen 1, Muzaffarpur, Bihar",CINEMA000764,locality,East,Bihar,Muzaffarpur,,842001
N,"Shekhar Talkies (Muzaffarpur), Muzaffarpur, Bihar",CINEMA000765,locality,East,Bihar,Muzaffarpur,,842001
N,"Sone Sanskritik Club (Ntpc Nabinagar), Nabinagar, Bihar",CINEMA000766,locality,East,Bihar,Nabinagar,,824304
N,"Connplex Smart Theatre (Nawada) Screen 1, Nawada, Bihar",CINEMA000767,locality,East,Bihar,Nawada,,805110
N,"Vijay Cinema (Nawadah) Screen 1, Nawada, Bihar",CINEMA000768,locality,East,Bihar,Nawada,,805110
N,"Ajay Talkies (Patepur) Ajay Talkies (Patepur), Patepur, Bihar",CINEMA000769,locality,East,Bihar,Patepur,,
N,"Sushil Plaza Cinema Plex (Phulwari Sharif) Screen 1, Patna, Bihar",CINEMA000770,locality,East,Bihar,Patna,,
N,"Veena Theaters Pvt Ltd (Patna), Patna, Bihar",CINEMA000771,locality,East,Bihar,Patna,,800001
N,"Dhrub Talkies (Narayanapur), Ramnagar, Bihar",CINEMA000772,locality,East,Bihar,Ramnagar,,845106
N,"Shyam Jyoti (Ramnagar), Ramnagar, Bihar",CINEMA000773,locality,East,Bihar,Ramnagar,,845106
N,"Sona Talkies (Raxaul), Raxaul, Bihar",CINEMA000774,locality,East,Bihar,Raxaul,,
N,"Pankaj Talkies (Raxaul) Screen 1, Raxaul (Purba Champaran), Bihar",CINEMA000775,locality,East,Bihar,Raxaul (Purba Champaran),,845305
N,"Prashant Chitralaya (Saharsa) Screen 1, Saharsa, Bihar",CINEMA000776,locality,East,Bihar,Saharsa,,
N,"Anurup Talkies (Samastipur), Samastipur, Bihar",CINEMA000777,locality,East,Bihar,Samastipur,,
N,"Mukta A2 Cinemas - Samastipur Screen 1, Samastipur, Bihar",CINEMA000778,locality,East,Bihar,Samastipur,,
N,"R.D. Palace (Sitamarhi) Screen 1, Sitamarhi, Bihar",CINEMA000779,locality,East,Bihar,Sitamarhi,,843302
N,"Shankar Talkies (Sitamarhi), Sitamarhi, Bihar",CINEMA000780,locality,East,Bihar,Sitamarhi,,843327
N,"Connplex Smart Theatre (Siwan) Screen 1, Siwan, Bihar",CINEMA000781,locality,East,Bihar,Siwan,,841227
N,"Shekhar Cinema (Siwan), Siwan, Bihar",CINEMA000782,locality,East,Bihar,Siwan,,841226
N,"New Durga Talkies (Sugauli) Screen 1, Sugauli, Bihar",CINEMA000783,locality,East,Bihar,Sugauli,,
N,"Basant Talkies (Ambikapur) Screen 1, Ambikapur, Chhattisgarh",CINEMA000784,locality,Central,Chhattisgarh,Ambikapur,,497001
N,"Jcm Multiplex Private Limited Screen 1, Ambikapur, Chhattisgarh",CINEMA000785,locality,Central,Chhattisgarh,Ambikapur,,497001
N,"Vasundhara Cityplex (Ambikapur) Screen 2, Ambikapur, Chhattisgarh",CINEMA000786,locality,Central,Chhattisgarh,Ambikapur,,
N,"Vasundhara Cityplex (Ambikapur) Vasundhara Cityplex (Ambikapur) Screen 1, Ambikapur, Chhattisgarh",CINEMA000787,locality,Central,Chhattisgarh,Ambikapur,,497001
N,"City Cinema (Baagbahra), Bagbahra, Chhattisgarh",CINEMA000788,locality,Central,Chhattisgarh,Bagbahra,,493449
N,"Ganga Shree Cineplex (Baikunthpur), Baikunthpur, Chhattisgarh",CINEMA000789,locality,Central,Chhattisgarh,Baikunthpur,,497335
N,"Pachi Cinema (Balod), Balod, Chhattisgarh",CINEMA000790,locality,Central,Chhattisgarh,Balod,,491226
N,"Vinay Talkies, Balod, Chhattisgarh",CINEMA000791,locality,Central,Chhattisgarh,Balod,,
N,"Shiva Bollywood - (Raipur), Baloda Bazar, Chhattisgarh",CINEMA000792,locality,Central,Chhattisgarh,Baloda Bazar,,493332
N,"City Cinema (Basna), Basna, Chhattisgarh",CINEMA000793,locality,Central,Chhattisgarh,Basna,,
N,"Cityplex (Bhatapara) Screen 1, Bhatapara, Chhattisgarh",CINEMA000794,locality,Central,Chhattisgarh,Bhatapara,,
N,"Shree Mahal Cinema (Bhatgaon), Bhatgaon, Chhattisgarh",CINEMA000795,locality,Central,Chhattisgarh,Bhatgaon,,
N,"Mukta A2 Cinemas (Bhilai) Screen 1, Bhilai, Chhattisgarh",CINEMA000796,locality,Central,Chhattisgarh,Bhilai,,
N,"New Vasant Talkies - 1043, Bhilai, Chhattisgarh",CINEMA000797,locality,Central,Chhattisgarh,Bhilai,,
N,"Rlr Cinema Rlr Cinema Screen-1, Bhilai, Chhattisgarh",CINEMA000798,locality,Central,Chhattisgarh,Bhilai,,
N,"Rlr Cinema Rlr Cinema Screen-2 (Mourya Megaplex), Bhilai, Chhattisgarh",CINEMA000799,locality,Central,Chhattisgarh,Bhilai,,490023
N,"Shree Cineplex, Bhilai, Chhattisgarh",CINEMA000800,locality,Central,Chhattisgarh,Bhilai,,490023
N,"Sri Ventakeswara Talkies - 1032, Bhilai, Chhattisgarh",CINEMA000801,locality,Central,Chhattisgarh,Bhilai,,490023
N,"Sharda Mini Cinema (Bijapur), Bijapur (Chhattisgarh), Chhattisgarh",CINEMA000802,locality,Central,Chhattisgarh,Bijapur (Chhattisgarh),,494444
N,"City 36 Cinemas Screen 1, Bilaspur, Chhattisgarh",CINEMA000803,locality,Central,Chhattisgarh,Bilaspur,,495001
N,"Shiv Air Cooled (Bilaspur), Bilaspur, Chhattisgarh",CINEMA000804,locality,Central,Chhattisgarh,Bilaspur,,495001
N,"Aab Cineplex, Birra, Chhattisgarh",CINEMA000805,locality,Central,Chhattisgarh,Birra,,495661
N,"Padmini Multiplex, Champa, Chhattisgarh",CINEMA000806,locality,Central,Chhattisgarh,Champa,,495671
N,"Padmini Multiplex (Champa), Champa, Chhattisgarh",CINEMA000807,locality,Central,Chhattisgarh,Champa,,
N,"Mathur Cineplex (Dalli-Rajhara), Dallirajhara, Chhattisgarh",CINEMA000808,locality,Central,Chhattisgarh,Dallirajhara,,491228
N,"Devshri Cinema (Dhamtari), Dhamtari, Chhattisgarh",CINEMA000809,locality,Central,Chhattisgarh,Dhamtari,,493776
N,"Suneelam Cinema, Dhamtari, Chhattisgarh",CINEMA000810,locality,Central,Chhattisgarh,Dhamtari,,493663
N,"Vimal Talkies, Dhamtari, Chhattisgarh",CINEMA000811,locality,Central,Chhattisgarh,Dhamtari,,
N,"Shree Cinema (Dongargarh), Dongargarh, Chhattisgarh",CINEMA000812,locality,Central,Chhattisgarh,Dongargarh,,
N,"Apsara Talkies (Durg), Durg, Chhattisgarh",CINEMA000813,locality,Central,Chhattisgarh,Durg,,
N,"Swaroop Talkies (Durg), Durg, Chhattisgarh",CINEMA000814,locality,Central,Chhattisgarh,Durg,,491001
N,"Anupama Cinema, Jagdalpur, Chhattisgarh",CINEMA000815,locality,Central,Chhattisgarh,Jagdalpur,,494001
N,"Cineplus Ent (Jagdalpur) Screen 1, Jagdalpur, Chhattisgarh",CINEMA000816,locality,Central,Chhattisgarh,Jagdalpur,,
N,"Jhankar Cinema (Jagdalpur), Jagdalpur, Chhattisgarh",CINEMA000817,locality,Central,Chhattisgarh,Jagdalpur,,
N,"New Narendra Theatre Deluxe, Jagdalpur, Chhattisgarh",CINEMA000818,locality,Central,Chhattisgarh,Jagdalpur,,494001
N,"Meatro Satellite Cinema Screen-2 (Janjgir), Janjgir, Chhattisgarh",CINEMA000819,locality,Central,Chhattisgarh,Janjgir,,495668
N,"Metro Satellite Cinema (Janjgir), Janjgir, Chhattisgarh",CINEMA000820,locality,Central,Chhattisgarh,Janjgir,,
N,"Cine World (Kanker) Screen 1, Kanker, Chhattisgarh",CINEMA000821,locality,Central,Chhattisgarh,Kanker,,494334
N,"Shree Balaji Cinemax (Kasdol), Kasdol, Chhattisgarh",CINEMA000822,locality,Central,Chhattisgarh,Kasdol,,493335
N,"Murli Metro Cinema, Katghora, Chhattisgarh",CINEMA000823,locality,Central,Chhattisgarh,Katghora,,
N,"Maa Bhuvaneshwari Talkies, Kawardha, Chhattisgarh",CINEMA000824,locality,Central,Chhattisgarh,Kawardha,,491995
N,"Kishore Cineplex (Kondagaon), Kondagaon, Chhattisgarh",CINEMA000825,locality,Central,Chhattisgarh,Kondagaon,,494226
N,"Cineflix Screen 1, Korba, Chhattisgarh",CINEMA000826,locality,Central,Chhattisgarh,Korba,,495677
N,"Cinemood (Korba) Screen 1, Korba, Chhattisgarh",CINEMA000827,locality,Central,Chhattisgarh,Korba,,495677
N,"Niharika Chitra Mandir (Korba) Screen 1, Korba, Chhattisgarh",CINEMA000828,locality,Central,Chhattisgarh,Korba,,495677
N,"Shri Vithoba Talkies (Mahasamund), Mahasamund, Chhattisgarh",CINEMA000829,locality,Central,Chhattisgarh,Mahasamund,,493445
N,"Maharaja Chitra Mandir, Manendragarh, Chhattisgarh",CINEMA000830,locality,Central,Chhattisgarh,Manendragarh,,497451
N,"S3 Cineplex (Manendragarh), Manendragarh, Chhattisgarh",CINEMA000831,locality,Central,Chhattisgarh,Manendragarh,,497442
N,"C2 Cinema, Pathalgaon, Chhattisgarh",CINEMA000832,locality,Central,Chhattisgarh,Pathalgaon,,
N,"Vivaan Digital Palace (Jaspur), Pathalgaon, Chhattisgarh",CINEMA000833,locality,Central,Chhattisgarh,Pathalgaon,,496118
N,"Garima Cinema (Lakhagarh Pithora), Pithora, Chhattisgarh",CINEMA000834,locality,Central,Chhattisgarh,Pithora,,493551
N,"Galaxy Cinema (Raigarh) Screen 1, Raigarh, Chhattisgarh",CINEMA000835,locality,Central,Chhattisgarh,Raigarh,,
N,"Gopi Talkies, Raigarh, Chhattisgarh",CINEMA000836,locality,Central,Chhattisgarh,Raigarh,,
N,"Qube Divyam Talkies, Brijgunj, Andaman and Nicobar Islands",CINEMA000837,locality,South,Andaman and Nicobar Islands,Brijgunj,,744105
N,"Qube Priyam Talkies, Brijgunj, Andaman and Nicobar Islands",CINEMA000838,locality,South,Andaman and Nicobar Islands,Brijgunj,,744105
N,"Qube A.V. Theatre, Allagadda, Andhra Pradesh",CINEMA000839,locality,South,Andhra Pradesh,Allagadda,,518543
N,"Qube Abhirammini Theater, Nandyal, Andhra Pradesh",CINEMA000840,locality,South,Andhra Pradesh,Nandyal,,518501
N,"Qube Akhil Picture Palace, Guduru, Andhra Pradesh",CINEMA000841,locality,South,Andhra Pradesh,Guduru,,
N,"Qube Alankar Deluxe Theatre, Guntur, Andhra Pradesh",CINEMA000842,locality,South,Andhra Pradesh,Guntur,,
N,"Qube Alankar Theatre, Nadikudi, Andhra Pradesh",CINEMA000843,locality,South,Andhra Pradesh,Nadikudi,,
N,"Qube Alankar Theatre, Vijayawada, Andhra Pradesh",CINEMA000844,locality,South,Andhra Pradesh,Vijayawada,,520003
N,"Qube Alankar Theatre Dts, Inkollu, Andhra Pradesh",CINEMA000845,locality,South,Andhra Pradesh,Inkollu,,523167
N,"Qube Annapoorna Picture Palace, Narasapuram, Andhra Pradesh",CINEMA000846,locality,South,Andhra Pradesh,Narasapuram,,
N,"Qube Annapurna Theatre, Mangalagiri, Andhra Pradesh",CINEMA000847,locality,South,Andhra Pradesh,Mangalagiri,,522503
N,"Qube Annapurna Theatre, Visakhapatnam, Andhra Pradesh",CINEMA000848,locality,South,Andhra Pradesh,Visakhapatnam,,530046
N,"Qube Annapurna Theatre, Vijayarai, Andhra Pradesh",CINEMA000849,locality,South,Andhra Pradesh,Vijayarai,,
N,"Qube Anu Deluxe, Agiripalle, Andhra Pradesh",CINEMA000850,locality,South,Andhra Pradesh,Agiripalle,,521211
N,"Qube Apsara A/C DTS, Rajam, Andhra Pradesh",CINEMA000851,locality,South,Andhra Pradesh,Rajam,,
N,"Qube Apsara Cinema House, Vijayawada, Andhra Pradesh",CINEMA000852,locality,South,Andhra Pradesh,Vijayawada,,520002
N,"Qube Apsara picture palace, Kadapa, Andhra Pradesh",CINEMA000853,locality,South,Andhra Pradesh,Kadapa,,
N,"Qube Shanthi Talkies, Nandikotkur, Andhra Pradesh",CINEMA000854,locality,South,Andhra Pradesh,Nandikotkur,,518401
N,"Qube Apsara Theatre AC, Tangutur, Andhra Pradesh",CINEMA000855,locality,South,Andhra Pradesh,Tangutur,,523274
N,"Qube Araveti Cine Complex, Kadapa, Andhra Pradesh",CINEMA000856,locality,South,Andhra Pradesh,Kadapa,,516360
N,"Qube Aravinda Theater, Ananthapur, Andhra Pradesh",CINEMA000857,locality,South,Andhra Pradesh,Ananthapur,,
N,"Qube Aruna Picture Palace, Visakhapatnam, Andhra Pradesh",CINEMA000858,locality,South,Andhra Pradesh,Visakhapatnam,,
N,"Qube Ashoka DTS, Rajahmundry, Andhra Pradesh",CINEMA000859,locality,South,Andhra Pradesh,Rajahmundry,,
N,"Qube ASR A/c Theatre, Madanapalle, Andhra Pradesh",CINEMA000860,locality,South,Andhra Pradesh,Madanapalle,,
N,"Qube AVG Cinemas Screen 1, Bhimavaram, Andhra Pradesh",CINEMA000861,locality,South,Andhra Pradesh,Bhimavaram,,534202
N,"Qube B S Picture Palace, Rajampet, Andhra Pradesh",CINEMA000862,locality,South,Andhra Pradesh,Rajampet,,
N,"Qube Bala Murali Theatre, Kothapatnam, Andhra Pradesh",CINEMA000863,locality,South,Andhra Pradesh,Kothapatnam,,
N,"Qube Balaji Drive, Visakhapatnam, Andhra Pradesh",CINEMA000864,locality,South,Andhra Pradesh,Visakhapatnam,,530012
N,"Qube Balaji Picture Palace, Uravakonda, Andhra Pradesh",CINEMA000865,locality,South,Andhra Pradesh,Uravakonda,,515812
N,"Qube Balaji Theatre, Vijayawada, Andhra Pradesh",CINEMA000866,locality,South,Andhra Pradesh,Vijayawada,,521456
N,"Qube Balaji Village Cinema Screen 1, Visakhapatnam, Andhra Pradesh",CINEMA000867,locality,South,Andhra Pradesh,Visakhapatnam,,530013
N,"Qube Siva Krishna Cinemas Screen 1, Kondapalli, Andhra Pradesh",CINEMA000868,locality,South,Andhra Pradesh,Kondapalli,,521228
N,"Qube Basaveswara Theatre, Guntur, Andhra Pradesh",CINEMA000869,locality,South,Andhra Pradesh,Guntur,,522265
N,"Qube Bharath Picture Palace, Mydukur, Andhra Pradesh",CINEMA000870,locality,South,Andhra Pradesh,Mydukur,,516172
N,"Qube Bharath Talkies, Venkatagirikota, Andhra Pradesh",CINEMA000871,locality,South,Andhra Pradesh,Venkatagirikota,,
N,"Qube Bhaskar 35 MM, Gudivada, Andhra Pradesh",CINEMA000872,locality,South,Andhra Pradesh,Gudivada,,521301
N,"Qube Bhaskar 70 MM, Gudivada, Andhra Pradesh",CINEMA000873,locality,South,Andhra Pradesh,Gudivada,,
N,"Qube Bhaskar Picture Palace, Chilakaluripet, Andhra Pradesh",CINEMA000874,locality,South,Andhra Pradesh,Chilakaluripet,,522616
N,"Qube Bhaskar Theatre, Cherukupalli, Andhra Pradesh",CINEMA000875,locality,South,Andhra Pradesh,Cherukupalli,,522309
N,"Qube Bheemeswara Theatre, Angara, Andhra Pradesh",CINEMA000876,locality,South,Andhra Pradesh,Angara,,
N,"Qube Bollywood A/C Dts, Guntur, Andhra Pradesh",CINEMA000877,locality,South,Andhra Pradesh,Guntur,,
N,"Qube Bommarillu Theatre, Gudivada, Andhra Pradesh",CINEMA000878,locality,South,Andhra Pradesh,Gudivada,,521301
N,"Qube Bramaramba Theatre, Venkatagiri, Andhra Pradesh",CINEMA000879,locality,South,Andhra Pradesh,Venkatagiri,,
N,"Qube Chakrapani Picture Palace, Chagalamarri, Andhra Pradesh",CINEMA000880,locality,South,Andhra Pradesh,Chagalamarri,,518553
N,"Qube Chanakya Theatre, Chittoor, Andhra Pradesh",CINEMA000881,locality,South,Andhra Pradesh,Chittoor,,
N,"Qube Chand Talkies, Gonegandla, Andhra Pradesh",CINEMA000882,locality,South,Andhra Pradesh,Gonegandla,,518463
N,"Qube Chandra Mahal, Narasannapeta, Andhra Pradesh",CINEMA000883,locality,South,Andhra Pradesh,Narasannapeta,,
N,"Qube Chandrasekhara Theatre Complex, Gorantla, Andhra Pradesh",CINEMA000884,locality,South,Andhra Pradesh,Gorantla,,515231
N,"Qube Chikaneshwara Picture Palace, Kanekal, Andhra Pradesh",CINEMA000885,locality,South,Andhra Pradesh,Kanekal,,
N,"Qube Cine Prime Screen 1, Guntur, Andhra Pradesh",CINEMA000886,locality,South,Andhra Pradesh,Guntur,,522004
N,"Qube Cine Square, Guntur, Andhra Pradesh",CINEMA000887,locality,South,Andhra Pradesh,Guntur,,522034
N,"Qube City Square Cinemas Screen 1, Kurnool, Andhra Pradesh",CINEMA000888,locality,South,Andhra Pradesh,Kurnool,,518004
N,"Qube Durga Picture Palace, Bantumilli, Andhra Pradesh",CINEMA000889,locality,South,Andhra Pradesh,Bantumilli,,521324
N,"Qube Dwaraka A/C DTS, Nuzividu, Andhra Pradesh",CINEMA000890,locality,South,Andhra Pradesh,Nuzividu,,
N,"Qube Dwaraka Mini A/C DTS Screen 3, Nuzivid, Andhra Pradesh",CINEMA000891,locality,South,Andhra Pradesh,Nuzivid,,
N,"Qube Dwarakanatha Picture Palace, B.Kothakota, Andhra Pradesh",CINEMA000892,locality,South,Andhra Pradesh,B.Kothakota,,
N,"Qube Eswar Theatre, Sattenapalle, Andhra Pradesh",CINEMA000893,locality,South,Andhra Pradesh,Sattenapalle,,
N,"Qube Eswara Sai Theatre, Phirangipuram, Andhra Pradesh",CINEMA000894,locality,South,Andhra Pradesh,Phirangipuram,,
N,"Qube G3 Mayuri Theatre, Nandigama, Andhra Pradesh",CINEMA000895,locality,South,Andhra Pradesh,Nandigama,,521185
N,"Qube Ganga Theatre, Ananthapur, Andhra Pradesh",CINEMA000896,locality,South,Andhra Pradesh,Ananthapur,,
N,"Qube Gangaraj Kalamandhir, Vizianagaram, Andhra Pradesh",CINEMA000897,locality,South,Andhra Pradesh,Vizianagaram,,
N,"Qube Gayathree Theatre, Kovvur, Andhra Pradesh",CINEMA000898,locality,South,Andhra Pradesh,Kovvur,,
N,"Qube Gayathri Theatre, Ananthapur, Andhra Pradesh",CINEMA000899,locality,South,Andhra Pradesh,Ananthapur,,
N,"Qube Gayatri Theatre, Yerragondapalem, Andhra Pradesh",CINEMA000900,locality,South,Andhra Pradesh,Yerragondapalem,,523327
N,"Qube Geetha Apsara Theatre, Rajahmundry, Andhra Pradesh",CINEMA000901,locality,South,Andhra Pradesh,Rajahmundry,,
N,"Qube GM Picture Palace, Banaganapalle, Andhra Pradesh",CINEMA000902,locality,South,Andhra Pradesh,Banaganapalle,,
N,"Qube Gopala Krishna Theatre, Bhogapuram, Andhra Pradesh",CINEMA000903,locality,South,Andhra Pradesh,Bhogapuram,,535216
N,"Qube Gorantla Screen 2, Ongole, Andhra Pradesh",CINEMA000904,locality,South,Andhra Pradesh,Ongole,,523001
N,"Qube Goury Theatre, Ananthapur, Andhra Pradesh",CINEMA000905,locality,South,Andhra Pradesh,Ananthapur,,515005
N,"Qube Goverdhan Talkies, Guntakal, Andhra Pradesh",CINEMA000906,locality,South,Andhra Pradesh,Guntakal,,
N,"Qube Gowri Talkies, Veldurthi, Andhra Pradesh",CINEMA000907,locality,South,Andhra Pradesh,Veldurthi,,
N,"Qube Gowthami Theatre, Ananthapur, Andhra Pradesh",CINEMA000908,locality,South,Andhra Pradesh,Ananthapur,,
N,"Qube Hari Krishna Super Deluxe Theatre, Podili, Andhra Pradesh",CINEMA000909,locality,South,Andhra Pradesh,Podili,,
N,"Qube Hema Picture Palace, Yerraguntla, Andhra Pradesh",CINEMA000910,locality,South,Andhra Pradesh,Yerraguntla,,516309
N,"Qube Hollywood A/C Dts, Guntur, Andhra Pradesh",CINEMA000911,locality,South,Andhra Pradesh,Guntur,,522007
N,"Qube Hussain Baba Theatre, Guntur, Andhra Pradesh",CINEMA000912,locality,South,Andhra Pradesh,Guntur,,522402
N,"Qube Jagadaamba 70MM Theatre, Visakhapatnam, Andhra Pradesh",CINEMA000913,locality,South,Andhra Pradesh,Visakhapatnam,,530020
N,"Qube Jaihind Talkies, Cherukupalli, Andhra Pradesh",CINEMA000914,locality,South,Andhra Pradesh,Cherukupalli,,
N,"Qube Jameela Mahal, Buchireddypalem, Andhra Pradesh",CINEMA000915,locality,South,Andhra Pradesh,Buchireddypalem,,524305
N,"Qube Jamuna Complex Screen 1, Podalakur, Andhra Pradesh",CINEMA000916,locality,South,Andhra Pradesh,Podalakur,,
N,"Qube Jaya Ram Theatre, Vijayawada, Andhra Pradesh",CINEMA000917,locality,South,Andhra Pradesh,Vijayawada,,520003
N,"Qube Jayalakshmi Movie Land, Edlapadu, Andhra Pradesh",CINEMA000918,locality,South,Andhra Pradesh,Edlapadu,,522233
N,"Qube Jayaprada Theatre, Prakasam, Andhra Pradesh",CINEMA000919,locality,South,Andhra Pradesh,Prakasam,,
N,"Qube Jayasyam Picture Palace, Tirupati, Andhra Pradesh",CINEMA000920,locality,South,Andhra Pradesh,Tirupati,,517507
N,"Qube Jyothi Mahal, Araku Valley, Andhra Pradesh",CINEMA000921,locality,South,Andhra Pradesh,Araku Valley,,
N,"Qube Jyothi Mahal Theatre, Venkatagiri, Andhra Pradesh",CINEMA000922,locality,South,Andhra Pradesh,Venkatagiri,,524132
N,"Qube K B Picture Palace, Rayadurg, Andhra Pradesh",CINEMA000923,locality,South,Andhra Pradesh,Rayadurg,,515865
N,"Qube K3K Screens - 1, Chimakurty, Andhra Pradesh",CINEMA000924,locality,South,Andhra Pradesh,Chimakurty,,
N,"Qube K3K Screens - 2, Chimakurty, Andhra Pradesh",CINEMA000925,locality,South,Andhra Pradesh,Chimakurty,,523226
N,"Qube K3K Screens - 3, Chimakurty, Andhra Pradesh",CINEMA000926,locality,South,Andhra Pradesh,Chimakurty,,523226
N,"Qube Kalanjali Theatre, Ponduru, Andhra Pradesh",CINEMA000927,locality,South,Andhra Pradesh,Ponduru,,532168
N,"Qube Kalyan Theatre, Proddattur, Andhra Pradesh",CINEMA000928,locality,South,Andhra Pradesh,Proddattur,,
N,"Qube Kalyani Theatre, Besthavaripeta, Andhra Pradesh",CINEMA000929,locality,South,Andhra Pradesh,Besthavaripeta,,523334
N,"Qube Kamala Theatre, Jaggayyapeta, Andhra Pradesh",CINEMA000930,locality,South,Andhra Pradesh,Jaggayyapeta,,521175
N,"Qube Kameswari A/C DTS, Visakhapatnam, Andhra Pradesh",CINEMA000931,locality,South,Andhra Pradesh,Visakhapatnam,,
N,"Qube Kanya Theatre, Visakhapatnam, Andhra Pradesh",CINEMA000932,locality,South,Andhra Pradesh,Visakhapatnam,,530016
N,"Qube Keerthana  A/C Theatre, Guntur, Andhra Pradesh",CINEMA000933,locality,South,Andhra Pradesh,Guntur,,
N,"Qube Keerthi Deluxe, Vinukonda, Andhra Pradesh",CINEMA000934,locality,South,Andhra Pradesh,Vinukonda,,
N,"Qube Keerthi Deluxe Mini, Vinukonda, Andhra Pradesh",CINEMA000935,locality,South,Andhra Pradesh,Vinukonda,,
N,"Qube Kinnera A/c Dts, Visakhapatnam, Andhra Pradesh",CINEMA000936,locality,South,Andhra Pradesh,Visakhapatnam,,530013
N,"Qube Kishore Theatre, Bhimavaram, Andhra Pradesh",CINEMA000937,locality,South,Andhra Pradesh,Bhimavaram,,
N,"Qube KR Mini Theatre, Chilakaluripet, Andhra Pradesh",CINEMA000938,locality,South,Andhra Pradesh,Chilakaluripet,,
N,"Qube Krishna Deluxe Theatre, Kadiri, Andhra Pradesh",CINEMA000939,locality,South,Andhra Pradesh,Kadiri,,515591
N,"Qube Krishna Mahal, Chilakaluripet, Andhra Pradesh",CINEMA000940,locality,South,Andhra Pradesh,Chilakaluripet,,522616
N,"Qube Krishnaveni Theatre, Jaggampeta, Andhra Pradesh",CINEMA000941,locality,South,Andhra Pradesh,Jaggampeta,,
N,"Qube Kumar Theatre, Proddattur, Andhra Pradesh",CINEMA000942,locality,South,Andhra Pradesh,Proddattur,,
N,"Qube Lakshmi Cine Theatre, Pattikonda, Andhra Pradesh",CINEMA000943,locality,South,Andhra Pradesh,Pattikonda,,
N,"Qube Lakshmi Deluxe, Tenali, Andhra Pradesh",CINEMA000944,locality,South,Andhra Pradesh,Tenali,,522201
N,"Qube Lakshmi Narayana Talkies - Screen 1, Tadepalligudem, Andhra Pradesh",CINEMA000945,locality,South,Andhra Pradesh,Tadepalligudem,,534102
N,"Qube Lakshmi Priya Turing Talkies, S.K.P.Temple, Andhra Pradesh",CINEMA000946,locality,South,Andhra Pradesh,S.K.P.Temple,,
N,"Qube Lakshmi Ranga Delux, Atmakur, Andhra Pradesh",CINEMA000947,locality,South,Andhra Pradesh,Atmakur,,518422
N,"Qube Lakshmi Talkies, Sattenapalle, Andhra Pradesh",CINEMA000948,locality,South,Andhra Pradesh,Sattenapalle,,
N,"Qube Lakshmi Talkies, Hindupur, Andhra Pradesh",CINEMA000949,locality,South,Andhra Pradesh,Hindupur,,
N,"Qube Lalitha Talkies, Rampachodavaram, Andhra Pradesh",CINEMA000950,locality,South,Andhra Pradesh,Rampachodavaram,,533288
N,"Qube Lalitha Theatre, Peddapuram, Andhra Pradesh",CINEMA000951,locality,South,Andhra Pradesh,Peddapuram,,533437
N,"Qube Latha Cine Theatre, Nellore, Andhra Pradesh",CINEMA000952,locality,South,Andhra Pradesh,Nellore,,
N,"Qube Lava Dts A/c, Kodur, Andhra Pradesh",CINEMA000953,locality,South,Andhra Pradesh,Kodur,,
N,"Qube Likitha Theatre, Visakhapatnam, Andhra Pradesh",CINEMA000954,locality,South,Andhra Pradesh,Visakhapatnam,,
N,"Qube M M Deluxe Theatre, Rompicherla, Andhra Pradesh",CINEMA000955,locality,South,Andhra Pradesh,Rompicherla,,
N,"Qube Madhu Talkies, Rayadurg, Andhra Pradesh",CINEMA000956,locality,South,Andhra Pradesh,Rayadurg,,515865
N,"Qube Mahalakshmi Mini Theatre, Ganapavaram, Andhra Pradesh",CINEMA000957,locality,South,Andhra Pradesh,Ganapavaram,,
N,"Qube Mahalakshmi Theatre, Routhulapudi, Andhra Pradesh",CINEMA000958,locality,South,Andhra Pradesh,Routhulapudi,,533446
N,"Qube Manju Picture Palace, Pamidi, Andhra Pradesh",CINEMA000959,locality,South,Andhra Pradesh,Pamidi,,515775
N,"Qube Manjunath Deluxe Theatre, Palamaner, Andhra Pradesh",CINEMA000960,locality,South,Andhra Pradesh,Palamaner,,
N,"Qube Maruthi Deluxe, Srikakulam, Andhra Pradesh",CINEMA000961,locality,South,Andhra Pradesh,Srikakulam,,
N,"Qube Maruthi DeluxeTheatre, Pulivendula, Andhra Pradesh",CINEMA000962,locality,South,Andhra Pradesh,Pulivendula,,516390
N,"Qube Mehaboob Talkies, Vidapanakal, Andhra Pradesh",CINEMA000963,locality,South,Andhra Pradesh,Vidapanakal,,
N,"Qube Minerva Theatre, Penugonda, Andhra Pradesh",CINEMA000964,locality,South,Andhra Pradesh,Penugonda,,534320
N,"Qube Mini Bommarillu A/C DTS, Gudivada, Andhra Pradesh",CINEMA000965,locality,South,Andhra Pradesh,Gudivada,,521301
N,"Qube Mini Prathap Theatre, Nandyal, Andhra Pradesh",CINEMA000966,locality,South,Andhra Pradesh,Nandyal,,518501
N,"Qube Mohan Theatre, Chirala, Andhra Pradesh",CINEMA000967,locality,South,Andhra Pradesh,Chirala,,523155
N,"Qube N S R Theatre, Rajampet, Andhra Pradesh",CINEMA000968,locality,South,Andhra Pradesh,Rajampet,,516115
N,"Qube Nagarjuna Kalamandir, Macherla, Andhra Pradesh",CINEMA000969,locality,South,Andhra Pradesh,Macherla,,522426
N,"Qube Narayana Theatre, Mylavaram, Andhra Pradesh",CINEMA000970,locality,South,Andhra Pradesh,Mylavaram,,521230
N,"Qube Natraj Screen 1, Visakhapatnam, Andhra Pradesh",CINEMA000971,locality,South,Andhra Pradesh,Visakhapatnam,,
N,"Qube Nawaz Mahal Theatre, Chittoor, Andhra Pradesh",CINEMA000972,locality,South,Andhra Pradesh,Chittoor,,517001
N,"Qube New Talkies Picture Palace, Nellore, Andhra Pradesh",CINEMA000973,locality,South,Andhra Pradesh,Nellore,,
N,"Qube Nidhi Cinema, Nandyal, Andhra Pradesh",CINEMA000974,locality,South,Andhra Pradesh,Nandyal,,518501
N,"Qube Nobel Picture Palace, Chagalamarri, Andhra Pradesh",CINEMA000975,locality,South,Andhra Pradesh,Chagalamarri,,
N,"Qube Om Navayuga Theatre, Chiintoor, Andhra Pradesh",CINEMA000976,locality,South,Andhra Pradesh,Chiintoor,,
N,"Qube Om Srinivasa Theater, Uppada, Andhra Pradesh",CINEMA000977,locality,South,Andhra Pradesh,Uppada,,533448
N,"Qube P G R Movie Land, Tirupati, Andhra Pradesh",CINEMA000978,locality,South,Andhra Pradesh,Tirupati,,
N,"Qube P Y Picture Palace, Rajampet, Andhra Pradesh",CINEMA000979,locality,South,Andhra Pradesh,Rajampet,,
N,"Qube Padmapriya Theatre, Gokavaram, Andhra Pradesh",CINEMA000980,locality,South,Andhra Pradesh,Gokavaram,,533286
N,"Qube Padmasri Theatre, Ravulapalem, Andhra Pradesh",CINEMA000981,locality,South,Andhra Pradesh,Ravulapalem,,
N,"Qube Padmavathi Mini Theatre, Penukonda, Andhra Pradesh",CINEMA000982,locality,South,Andhra Pradesh,Penukonda,,
N,"Qube Padmavathi Srinivasa Theatre, Marturu, Andhra Pradesh",CINEMA000983,locality,South,Andhra Pradesh,Marturu,,523260
N,"Qube Pallavi, Guntur, Andhra Pradesh",CINEMA000984,locality,South,Andhra Pradesh,Guntur,,522002
N,"Qube Panduranga Picture Palace, Koilkuntla, Andhra Pradesh",CINEMA000985,locality,South,Andhra Pradesh,Koilkuntla,,518134
N,"Qube Parameswari Theatre, Katrenikona, Andhra Pradesh",CINEMA000986,locality,South,Andhra Pradesh,Katrenikona,,533212
N,"Qube Parthi Sai AC DTS, Anakapalle, Andhra Pradesh",CINEMA000987,locality,South,Andhra Pradesh,Anakapalle,,
N,"Qube Pavani Theatre, Galiveedu, Andhra Pradesh",CINEMA000988,locality,South,Andhra Pradesh,Galiveedu,,
N,"Qube Pemmasani's Theatre, Tenali, Andhra Pradesh",CINEMA000989,locality,South,Andhra Pradesh,Tenali,,
N,"Qube Picture Time, Kumuram Bheem, Telangana",CINEMA000990,locality,South,Telangana,Kumuram Bheem,,504293
N,"Qube Poorna Theatre, Pitapuram, Andhra Pradesh",CINEMA000991,locality,South,Andhra Pradesh,Pitapuram,,533450
N,"Qube Poornima Picture Palace, Mudinepalle, Andhra Pradesh",CINEMA000992,locality,South,Andhra Pradesh,Mudinepalle,,
N,"Qube Prasad Picture Palace, Kalikiri, Andhra Pradesh",CINEMA000993,locality,South,Andhra Pradesh,Kalikiri,,
N,"Qube Prasad Picture Palace, Rayachoti, Andhra Pradesh",CINEMA000994,locality,South,Andhra Pradesh,Rayachoti,,516269
N,"Qube Prasanthi Theatre, Kandukur, Andhra Pradesh",CINEMA000995,locality,South,Andhra Pradesh,Kandukur,,
N,"Qube Prathap Theatre, Kadapa, Andhra Pradesh",CINEMA000996,locality,South,Andhra Pradesh,Kadapa,,516001
N,"Qube Prathap Theatre, Nandyal, Andhra Pradesh",CINEMA000997,locality,South,Andhra Pradesh,Nandyal,,518501
N,"Qube Priya Theatre, Tenali, Andhra Pradesh",CINEMA000998,locality,South,Andhra Pradesh,Tenali,,
N,"Qube R.R. Picture Palace, Srikalahasti, Andhra Pradesh",CINEMA000999,locality,South,Andhra Pradesh,Srikalahasti,,517644
N,"Qube RadhaKrishna Picture Palace, Nidadavolu, Andhra Pradesh",CINEMA001000,locality,South,Andhra Pradesh,Nidadavolu,,
N,"Qube Radhakrishna Talkies, Allagadda, Andhra Pradesh",CINEMA001001,locality,South,Andhra Pradesh,Allagadda,,
N,"Qube Ragavendra Theatre, Devarakota, Telangana",CINEMA001002,locality,South,Telangana,Devarakota,,
N,"Qube Raghu Rama Mini Theatre, Nandyal, Andhra Pradesh",CINEMA001003,locality,South,Andhra Pradesh,Nandyal,,518501
N,"Qube Rain Cinema Screen 1, Dargamitta, Andhra Pradesh",CINEMA001004,locality,South,Andhra Pradesh,Dargamitta,,524003
N,"Qube Raj 70MM A/c DTS, Vijayawada, Andhra Pradesh",CINEMA001005,locality,South,Andhra Pradesh,Vijayawada,,520011
N,"Qube Raj Mini Theatre A/c DTS, Kazipet, Andhra Pradesh",CINEMA001006,locality,South,Andhra Pradesh,Kazipet,,
N,"Qube Raja Picture Palace, Anakapalle, Andhra Pradesh",CINEMA001007,locality,South,Andhra Pradesh,Anakapalle,,
N,"Qube Raja Picture Palace Screen 1, Kothavalasa, Andhra Pradesh",CINEMA001008,locality,South,Andhra Pradesh,Kothavalasa,,535183
N,"Qube Ram Lakshmana Theatre, Srikakulam, Andhra Pradesh",CINEMA001009,locality,South,Andhra Pradesh,Srikakulam,,
N,"Qube Ram Mohan Theater, Gampalagudem, Andhra Pradesh",CINEMA001010,locality,South,Andhra Pradesh,Gampalagudem,,521403
N,"Qube Rama Krishna Mini A/C Deluxe, Inkolu, Andhra Pradesh",CINEMA001011,locality,South,Andhra Pradesh,Inkolu,,523167
N,"Qube Rama Krishna Theatre, Gudlavalleru, Andhra Pradesh",CINEMA001012,locality,South,Andhra Pradesh,Gudlavalleru,,521356
N,"Qube Rama Krishna Theatre, Rayavaram, Andhra Pradesh",CINEMA001013,locality,South,Andhra Pradesh,Rayavaram,,
N,"Qube Rama Krishna Theatre, Pangulur, Andhra Pradesh",CINEMA001014,locality,South,Andhra Pradesh,Pangulur,,
N,"Qube Rama Picture Palace, Amalapuram, Andhra Pradesh",CINEMA001015,locality,South,Andhra Pradesh,Amalapuram,,
N,"Qube Ramachandra Theatre, Anakapalle, Andhra Pradesh",CINEMA001016,locality,South,Andhra Pradesh,Anakapalle,,531001
N,"Qube Ramachandra Theatre, Kodumuru, Andhra Pradesh",CINEMA001017,locality,South,Andhra Pradesh,Kodumuru,,
N,"Qube Ramakrishna Super Deluxe, Inkollu, Andhra Pradesh",CINEMA001018,locality,South,Andhra Pradesh,Inkollu,,523167
N,"Qube Ramakrishna Super Deluxe, Vetapalem, Andhra Pradesh",CINEMA001019,locality,South,Andhra Pradesh,Vetapalem,,
N,"Qube Ramakrishna Super Deluxe Mini, Vetapalem, Andhra Pradesh",CINEMA001020,locality,South,Andhra Pradesh,Vetapalem,,
N,"Qube Ramakrishna Theatre, Hindupur, Andhra Pradesh",CINEMA001021,locality,South,Andhra Pradesh,Hindupur,,515201
N,"Qube Ramesh Theatre, Kadapa, Andhra Pradesh",CINEMA001022,locality,South,Andhra Pradesh,Kadapa,,516001
N,"Qube Ramgopal Theatre, Telaprolu, Andhra Pradesh",CINEMA001023,locality,South,Andhra Pradesh,Telaprolu,,521109
N,"Qube Ramnath Theatre, Nandyal, Andhra Pradesh",CINEMA001024,locality,South,Andhra Pradesh,Nandyal,,518501
N,"Qube Ranga Mahal Dts Theatre, Atmakur, Andhra Pradesh",CINEMA001025,locality,South,Andhra Pradesh,Atmakur,,518422
N,"Qube Ranga Mahal Theatre, Palamaner, Andhra Pradesh",CINEMA001026,locality,South,Andhra Pradesh,Palamaner,,517408
N,"Qube Ranjani Theatre, Vizianagaram, Andhra Pradesh",CINEMA001027,locality,South,Andhra Pradesh,Vizianagaram,,
N,"Qube Ravi A/C Theatre, Madanapalle, Andhra Pradesh",CINEMA001028,locality,South,Andhra Pradesh,Madanapalle,,
N,"Qube Ravi Kalamandir Theatre, Narasaraopet, Andhra Pradesh",CINEMA001029,locality,South,Andhra Pradesh,Narasaraopet,,522601
N,"Qube Ravi Priya Mall & Multiplex Screen 1, Ongole, Andhra Pradesh",CINEMA001030,locality,South,Andhra Pradesh,Ongole,,
N,"Qube Ravi Theatre A/C, Kadapa, Andhra Pradesh",CINEMA001031,locality,South,Andhra Pradesh,Kadapa,,516001
N,"Qube Ravindra Cinemas Screen 1, Vijayawada, Andhra Pradesh",CINEMA001032,locality,South,Andhra Pradesh,Vijayawada,,
N,"Qube Revathi Theatre, Tadikalapudi, Andhra Pradesh",CINEMA001033,locality,South,Andhra Pradesh,Tadikalapudi,,534452
N,"Qube Royal Talkies Screen 1, Rayavaram, Andhra Pradesh",CINEMA001034,locality,South,Andhra Pradesh,Rayavaram,,533264
N,"Qube S.V.P.Picture Palace, Visakhapatnam, Andhra Pradesh",CINEMA001035,locality,South,Andhra Pradesh,Visakhapatnam,,530013
N,"Qube Sagar Picture Palace, Challapalli, Andhra Pradesh",CINEMA001036,locality,South,Andhra Pradesh,Challapalli,,521126
N,"Qube Sai Baba Movie Land, Kadapa, Andhra Pradesh",CINEMA001037,locality,South,Andhra Pradesh,Kadapa,,
N,"Qube Sai Kaarthik Screen 1, Guntur, Andhra Pradesh",CINEMA001038,locality,South,Andhra Pradesh,Guntur,,
N,"Qube Sai Krishna DTS, Sattenapalle, Andhra Pradesh",CINEMA001039,locality,South,Andhra Pradesh,Sattenapalle,,
N,"Qube Sai Mahal Theatre, Krishna, Andhra Pradesh",CINEMA001040,locality,South,Andhra Pradesh,Krishna,,521165
N,"Qube Sai Picture Palace, Rayachoti, Andhra Pradesh",CINEMA001041,locality,South,Andhra Pradesh,Rayachoti,,
N,"Qube Sai Ram Screen 1, Vijayawada, Andhra Pradesh",CINEMA001042,locality,South,Andhra Pradesh,Vijayawada,,520001
N,"Qube Sai Teja Theatre, Tadipatri, Andhra Pradesh",CINEMA001043,locality,South,Andhra Pradesh,Tadipatri,,515411
N,"Qube Sailaja AC DTS, Vijayawada, Andhra Pradesh",CINEMA001044,locality,South,Andhra Pradesh,Vijayawada,,520008
N,"Qube Sangam Theatre, Visakhapatnam, Andhra Pradesh",CINEMA001045,locality,South,Andhra Pradesh,Visakhapatnam,,
N,"Qube Sangam Theatre A/C DTS, Gudur, Andhra Pradesh",CINEMA001046,locality,South,Andhra Pradesh,Gudur,,524101
N,"Qube Sangam Theatre, Ananthapur, Andhra Pradesh",CINEMA001047,locality,South,Andhra Pradesh,Ananthapur,,
N,"Qube Sangameswara Mini Theatre, Tenali, Andhra Pradesh",CINEMA001048,locality,South,Andhra Pradesh,Tenali,,
N,"Qube Sangeeth Picture Palace, Nandyal, Andhra Pradesh",CINEMA001049,locality,South,Andhra Pradesh,Nandyal,,
N,"Qube Santhi Theatre, Chirala, Andhra Pradesh",CINEMA001050,locality,South,Andhra Pradesh,Chirala,,523155
N,"Qube Santhi Theatre, Vuyyuru, Andhra Pradesh",CINEMA001051,locality,South,Andhra Pradesh,Vuyyuru,,
N,"Qube Sapthagiri A/C DTS, Chittivalasa, Andhra Pradesh",CINEMA001052,locality,South,Andhra Pradesh,Chittivalasa,,
N,"Qube Sapthagiri Srinivasa Theatre, Nellore, Andhra Pradesh",CINEMA001053,locality,South,Andhra Pradesh,Nellore,,
N,"Qube Sathya Chandra Theatre, Kothapeta, Andhra Pradesh",CINEMA001054,locality,South,Andhra Pradesh,Kothapeta,,
N,"Qube Sathyanarayana Kalamandir Screen 1, Addanki, Andhra Pradesh",CINEMA001055,locality,South,Andhra Pradesh,Addanki,,523201
N,"Qube Satyam 70 MM A/c DTS, Ongole, Andhra Pradesh",CINEMA001056,locality,South,Andhra Pradesh,Ongole,,
N,"Qube Satyanarayana Kalamandir Screen 2, Addanki, Andhra Pradesh",CINEMA001057,locality,South,Andhra Pradesh,Addanki,,
N,"Qube Sesha Mahal, Pamur, Andhra Pradesh",CINEMA001058,locality,South,Andhra Pradesh,Pamur,,523108
N,"Qube Sesha Mahal, Krishna, Andhra Pradesh",CINEMA001059,locality,South,Andhra Pradesh,Krishna,,
N,"Qube Shirdi Sai A/C DTS, Anakapalle, Andhra Pradesh",CINEMA001060,locality,South,Andhra Pradesh,Anakapalle,,423109
N,"Qube Shoba Theatre, Peddapuram, Andhra Pradesh",CINEMA001061,locality,South,Andhra Pradesh,Peddapuram,,
N,"Qube Shukur Picture Palace, Piler, Andhra Pradesh",CINEMA001062,locality,South,Andhra Pradesh,Piler,,517214
N,"Qube Siddartha A/C Picture Palace, Dharmavaram, Andhra Pradesh",CINEMA001063,locality,South,Andhra Pradesh,Dharmavaram,,
N,"Qube Siddeswara Theatre, Rly Kodur, Andhra Pradesh",CINEMA001064,locality,South,Andhra Pradesh,Rly Kodur,,516101
N,"Qube Sikindhar Picture Palace, Udayagiri, Andhra Pradesh",CINEMA001065,locality,South,Andhra Pradesh,Udayagiri,,
N,"Qube Siri Krishna Theatre, Machilipatnam, Andhra Pradesh",CINEMA001066,locality,South,Andhra Pradesh,Machilipatnam,,
N,"Qube Siva City Centre Screen 1, Guntur, Andhra Pradesh",CINEMA001067,locality,South,Andhra Pradesh,Guntur,,522007
N,"Qube Siva Krishna Cinemas Screen 2, Vijayawada, Andhra Pradesh",CINEMA001068,locality,South,Andhra Pradesh,Vijayawada,,521228
N,"Qube Siva Priya Talkies, Yemmiganur, Andhra Pradesh",CINEMA001069,locality,South,Andhra Pradesh,Yemmiganur,,518360
N,"Qube Siva Ranjani Theatre, Vizianagaram, Andhra Pradesh",CINEMA001070,locality,South,Andhra Pradesh,Vizianagaram,,
N,"Qube Siva Talkies, Yemmiganur, Andhra Pradesh",CINEMA001071,locality,South,Andhra Pradesh,Yemmiganur,,518360
N,"Qube Siva Theatre, Guntur, Andhra Pradesh",CINEMA001072,locality,South,Andhra Pradesh,Guntur,,522002
N,"Qube Sivaram Picture Palace, Banaganapalle, Andhra Pradesh",CINEMA001073,locality,South,Andhra Pradesh,Banaganapalle,,518124
N,"Qube Sivaranjani Theatre, Draksharamam, Andhra Pradesh",CINEMA001074,locality,South,Andhra Pradesh,Draksharamam,,533262
N,"Qube SJ Cinemas Sreenivasa Picture Palace, Nagari, Andhra Pradesh",CINEMA001075,locality,South,Andhra Pradesh,Nagari,,
N,"Qube Sowbhagya Chitramandir, Kalyandurg, Andhra Pradesh",CINEMA001076,locality,South,Andhra Pradesh,Kalyandurg,,
N,"Qube Sowbhagya Theatre Screen 1, Jangareddygudem, Andhra Pradesh",CINEMA001077,locality,South,Andhra Pradesh,Jangareddygudem,,534447
N,"Qube Sowmya Theatre, Vijayawada, Andhra Pradesh",CINEMA001078,locality,South,Andhra Pradesh,Vijayawada,,520001
N,"Qube Sree Bhaskara Picture Palace, Guntur, Andhra Pradesh",CINEMA001079,locality,South,Andhra Pradesh,Guntur,,522616
N,"Qube Sree Gopi Krishna Cineplex, Kothapalli, Andhra Pradesh",CINEMA001080,locality,South,Andhra Pradesh,Kothapalli,,533285
N,"Qube Sree Gurunath Theatre, Hindupur, Andhra Pradesh",CINEMA001081,locality,South,Andhra Pradesh,Hindupur,,515201
N,"Qube Sree Hanuman Talkies, Pamidi, Andhra Pradesh",CINEMA001082,locality,South,Andhra Pradesh,Pamidi,,
N,"Qube Sree Kanakadurga Theatre, Attili, Andhra Pradesh",CINEMA001083,locality,South,Andhra Pradesh,Attili,,
N,"Qube Sree Kanya Combines (KANYA THEATRE), Visakhapatnam, Andhra Pradesh",CINEMA001084,locality,South,Andhra Pradesh,Visakhapatnam,,530016
N,"Qube Sree Kanya Heaven Theatre, Visakhapatnam, Andhra Pradesh",CINEMA001085,locality,South,Andhra Pradesh,Visakhapatnam,,
N,"Qube Sree Leela Mahal, Visakhapatnam, Andhra Pradesh",CINEMA001086,locality,South,Andhra Pradesh,Visakhapatnam,,530020
N,"Qube Sree Raghavendra Picture Palace, Podili, Andhra Pradesh",CINEMA001087,locality,South,Andhra Pradesh,Podili,,
N,"Qube Sree Rajaveni Theatre, Jaggampeta, Andhra Pradesh",CINEMA001088,locality,South,Andhra Pradesh,Jaggampeta,,533435
N,"Qube Sree Rama A/C Theatre, Nandyal, Andhra Pradesh",CINEMA001089,locality,South,Andhra Pradesh,Nandyal,,518502
N,"Qube Sree Venkateswara Picture Palace, Guntur, Andhra Pradesh",CINEMA001090,locality,South,Andhra Pradesh,Guntur,,
N,"Qube SV Cinemas - Ambika Theatre, Chandragiri, Andhra Pradesh",CINEMA001091,locality,South,Andhra Pradesh,Chandragiri,,517101
N,"Qube Sri Annapurna Theatre, Palakollu, Andhra Pradesh",CINEMA001092,locality,South,Andhra Pradesh,Palakollu,,534260
N,"Qube Sri Bala Balaji Theatre, Markapuram, Andhra Pradesh",CINEMA001093,locality,South,Andhra Pradesh,Markapuram,,
N,"Qube Sri Chandra Theatre, Kankipadu, Andhra Pradesh",CINEMA001094,locality,South,Andhra Pradesh,Kankipadu,,521151
N,"Qube Sri Chitra Mini Theatre, Tanuku, Andhra Pradesh",CINEMA001095,locality,South,Andhra Pradesh,Tanuku,,534211
N,"Qube Sri Desai Mahal, Porumamilla, Andhra Pradesh",CINEMA001096,locality,South,Andhra Pradesh,Porumamilla,,516193
N,"Qube Sri Durga Mahal, Kamavarapukota, Andhra Pradesh",CINEMA001097,locality,South,Andhra Pradesh,Kamavarapukota,,534449
N,"Qube Sri Durga Theatre, Dowlaiswaram, Andhra Pradesh",CINEMA001098,locality,South,Andhra Pradesh,Dowlaiswaram,,
N,"Qube Sri Ganga Mahal A/c DTS, Piduguralla, Andhra Pradesh",CINEMA001099,locality,South,Andhra Pradesh,Piduguralla,,
N,"Qube Sri Gowri A/C DTS, Chintalapudi, Andhra Pradesh",CINEMA001100,locality,South,Andhra Pradesh,Chintalapudi,,534460
N,"Qube Sri Gowri Shankar Talkies, VaradaIahpalem, Andhra Pradesh",CINEMA001101,locality,South,Andhra Pradesh,VaradaIahpalem,,517541
N,"Qube Sri Gowri Shankar Theatre Screen 1, Kotturu, Andhra Pradesh",CINEMA001102,locality,South,Andhra Pradesh,Kotturu,,532455
N,"Qube Sri Gurunatha Talkies, Chittoor, Andhra Pradesh",CINEMA001103,locality,South,Andhra Pradesh,Chittoor,,517001
N,"Qube Sri Gururaja Touring Talkies, Kavuthalam, Andhra Pradesh",CINEMA001104,locality,South,Andhra Pradesh,Kavuthalam,,518344
N,"Qube Sri Jaya Talkies, Vizianagaram, Andhra Pradesh",CINEMA001105,locality,South,Andhra Pradesh,Vizianagaram,,
N,"Qube Sri Koteswara Talkies, Ongole, Andhra Pradesh",CINEMA001106,locality,South,Andhra Pradesh,Ongole,,
N,"Qube Sri Krishna Chitralaya Theatre, Narasaraopet, Andhra Pradesh",CINEMA001107,locality,South,Andhra Pradesh,Narasaraopet,,522601
N,"Qube Sri Krishna Movie land Theatre, Madanapalle, Andhra Pradesh",CINEMA001108,locality,South,Andhra Pradesh,Madanapalle,,
N,"Qube Sri Krishna Talkies, Repalle, Andhra Pradesh",CINEMA001109,locality,South,Andhra Pradesh,Repalle,,522265
N,"Qube Sri Krishna Theatre, Rly Kodur, Andhra Pradesh",CINEMA001110,locality,South,Andhra Pradesh,Rly Kodur,,
N,"Qube Sri Krishna Tulasi Theatre, Pedana, Andhra Pradesh",CINEMA001111,locality,South,Andhra Pradesh,Pedana,,521366
N,"Qube Sri Lakshmi Narasimha Picture Palace Screen 2, Visakhapatnam, Andhra Pradesh",CINEMA001112,locality,South,Andhra Pradesh,Visakhapatnam,,530007
N,"Qube Sri Lakshmi Narasimha Theatre, Visakhapatnam, Andhra Pradesh",CINEMA001113,locality,South,Andhra Pradesh,Visakhapatnam,,530007
N,"Qube Sri Lakshmi Narasimha Theatre, Jami, Andhra Pradesh",CINEMA001114,locality,South,Andhra Pradesh,Jami,,535250
N,"Qube Sri Lakshmi Narasimha Swamy Touring Talkies, Alur, Andhra Pradesh",CINEMA001115,locality,South,Andhra Pradesh,Alur,,518395
N,"Qube Sri Lakshmi Picture Palace, Guntur, Andhra Pradesh",CINEMA001116,locality,South,Andhra Pradesh,Guntur,,522002
N,"Qube Sri Lakshmi Srinivasa Theatre, Tripurantakam, Andhra Pradesh",CINEMA001117,locality,South,Andhra Pradesh,Tripurantakam,,523326
N,"Qube Sri Lakshmi Talkies, Kalla, Andhra Pradesh",CINEMA001118,locality,South,Andhra Pradesh,Kalla,,534237
N,"Qube Sri Lakshmi Talkies, Tatipaka, Andhra Pradesh",CINEMA001119,locality,South,Andhra Pradesh,Tatipaka,,
N,"Qube Sri Lakshmi Talkies, Narasannapeta, Andhra Pradesh",CINEMA001120,locality,South,Andhra Pradesh,Narasannapeta,,
N,"Qube Sri Lakshmi Talkies, Cheemalapadu, Andhra Pradesh",CINEMA001121,locality,South,Andhra Pradesh,Cheemalapadu,,
N,"Qube Sri Lakshmi Theatre, Tenali, Andhra Pradesh",CINEMA001122,locality,South,Andhra Pradesh,Tenali,,
N,"Qube Sri Lakshmi Theatre, Sullurpeta, Andhra Pradesh",CINEMA001123,locality,South,Andhra Pradesh,Sullurpeta,,524121
N,"Qube Sri Lakshmi Theatre, Kakarapalli, Andhra Pradesh",CINEMA001124,locality,South,Andhra Pradesh,Kakarapalli,,533407
N,"Qube Sri Lakshmi Touring Talkies, Pedapadu, Andhra Pradesh",CINEMA001125,locality,South,Andhra Pradesh,Pedapadu,,
N,"Qube Sri Lakshmi Venkateswara Talkies, Yerragondapalem, Andhra Pradesh",CINEMA001126,locality,South,Andhra Pradesh,Yerragondapalem,,
N,"Qube Sri Lakshmi Venkateswara Talkies, KoilKuntla, Andhra Pradesh",CINEMA001127,locality,South,Andhra Pradesh,KoilKuntla,,
N,"Qube Sri Lakshminarayana Theatre, Kothapeta, Andhra Pradesh",CINEMA001128,locality,South,Andhra Pradesh,Kothapeta,,533223
N,"Qube Sri Lalitha Theatre, Peddapuram, Andhra Pradesh",CINEMA001129,locality,South,Andhra Pradesh,Peddapuram,,
N,"Qube Sri Laxmi Theatre, Payakaraopeta, Andhra Pradesh",CINEMA001130,locality,South,Andhra Pradesh,Payakaraopeta,,531126
N,"Qube Sri Laxminarasimha Theatre, Kothavalasa, Andhra Pradesh",CINEMA001131,locality,South,Andhra Pradesh,Kothavalasa,,
N,"Qube Sri Leela Mahal, Vizianagaram, Andhra Pradesh",CINEMA001132,locality,South,Andhra Pradesh,Vizianagaram,,
N,"Qube Sri Maheswari Touring Talkies, Devarapalle, Andhra Pradesh",CINEMA001133,locality,South,Andhra Pradesh,Devarapalle,,
N,"Qube Sri Malleswara Picture Palace, Uravakonda, Andhra Pradesh",CINEMA001134,locality,South,Andhra Pradesh,Uravakonda,,
N,"Qube Sri Manjunatha Theatre, Venkatagirikota, Andhra Pradesh",CINEMA001135,locality,South,Andhra Pradesh,Venkatagirikota,,517424
N,"Qube Sri Maruthi Palace, Prathipadu, Andhra Pradesh",CINEMA001136,locality,South,Andhra Pradesh,Prathipadu,,522019
N,"Qube Sri Murugan Talkies, Sathyavedu, Andhra Pradesh",CINEMA001137,locality,South,Andhra Pradesh,Sathyavedu,,
N,"Qube Sri Priya Theatre, Tenali, Andhra Pradesh",CINEMA001138,locality,South,Andhra Pradesh,Tenali,,522201
N,"Qube Sri Raja Rajeshwari Talkies, Kota, Andhra Pradesh",CINEMA001139,locality,South,Andhra Pradesh,Kota,,
N,"Qube Sri Rajarathna Theatre Screen 2, Mandapeta, Andhra Pradesh",CINEMA001140,locality,South,Andhra Pradesh,Mandapeta,,533308
N,"Qube Sri Rajaratna AC Theatre - Screen 1, Mandapeta, Andhra Pradesh",CINEMA001141,locality,South,Andhra Pradesh,Mandapeta,,533308
N,"Qube Sri Rajeswari Kalamandir, Narasannapeta, Andhra Pradesh",CINEMA001142,locality,South,Andhra Pradesh,Narasannapeta,,
N,"Qube Sri Ram Theatre, Vissannapeta, Andhra Pradesh",CINEMA001143,locality,South,Andhra Pradesh,Vissannapeta,,
N,"Qube Sri Rama Chandra Theatre, Kankipadu, Andhra Pradesh",CINEMA001144,locality,South,Andhra Pradesh,Kankipadu,,
N,"Qube Sri Rama Chitra Mandiram, Kuppam, Andhra Pradesh",CINEMA001145,locality,South,Andhra Pradesh,Kuppam,,517425
N,"Qube Sri Rama Durga Theatre, Koyyalagudem, Andhra Pradesh",CINEMA001146,locality,South,Andhra Pradesh,Koyyalagudem,,
N,"Qube Sri Rama Krishna Deluxe, Venkatagirikota, Andhra Pradesh",CINEMA001147,locality,South,Andhra Pradesh,Venkatagirikota,,
N,"Qube Sri Rama Mini A/C Dts Theatre, Allagadda, Andhra Pradesh",CINEMA001148,locality,South,Andhra Pradesh,Allagadda,,518543
N,"Qube Sri Rama Talkies, Macherla, Andhra Pradesh",CINEMA001149,locality,South,Andhra Pradesh,Macherla,,
N,"Qube Sri Rama Theater, Peapully, Andhra Pradesh",CINEMA001150,locality,South,Andhra Pradesh,Peapully,,518221
N,"Qube Sri Ramakrishna Picture, Korukonda, Andhra Pradesh",CINEMA001151,locality,South,Andhra Pradesh,Korukonda,,533289
N,"Qube Sri Ramakrishna Picture Palace, Krishna, Andhra Pradesh",CINEMA001152,locality,South,Andhra Pradesh,Krishna,,521102
N,"Qube Sri Ramakrishna Talkies, Balijipeta, Andhra Pradesh",CINEMA001153,locality,South,Andhra Pradesh,Balijipeta,,
N,"Qube Sri Ramulamma Theatre, Thagarapuvalasa, Andhra Pradesh",CINEMA001154,locality,South,Andhra Pradesh,Thagarapuvalasa,,531162
N,"Qube Sri Ratna Picture Palace-Chinthalapudi, West Godavari, Andhra Pradesh",CINEMA001155,locality,South,Andhra Pradesh,West Godavari,,
N,"Qube Sri Saikrishna Cine Screen 1, Pusapatirega, Andhra Pradesh",CINEMA001156,locality,South,Andhra Pradesh,Pusapatirega,,
N,"Qube Sri Saraswathi Mahal, Narasannapeta, Andhra Pradesh",CINEMA001157,locality,South,Andhra Pradesh,Narasannapeta,,
N,"Qube Sri Satya Gouri Theater, Anaparthy, Andhra Pradesh",CINEMA001158,locality,South,Andhra Pradesh,Anaparthy,,533342
N,"Qube Sri Satyanarayana Inox, Gurazala, Andhra Pradesh",CINEMA001159,locality,South,Andhra Pradesh,Gurazala,,
N,"Qube Sri Satyanarayana Picture Palace Screen 1, Anakapalle, Andhra Pradesh",CINEMA001160,locality,South,Andhra Pradesh,Anakapalle,,531002
N,"Qube Sri Satyanarayana Theater 1, Kathipudi, Andhra Pradesh",CINEMA001161,locality,South,Andhra Pradesh,Kathipudi,,533444
N,"Qube Sri Seetha Ramaya Cine complex Screen 1, Paravada, Andhra Pradesh",CINEMA001162,locality,South,Andhra Pradesh,Paravada,,531021
N,"Qube Sri Seetharama Picture Palace, Valaparla, Andhra Pradesh",CINEMA001163,locality,South,Andhra Pradesh,Valaparla,,
N,"Qube Sri Siva Krishna Picture Palace, Kotabommali, Andhra Pradesh",CINEMA001164,locality,South,Andhra Pradesh,Kotabommali,,532195
N,"Qube Sri Siva Shankar Deluxe, Darsi, Andhra Pradesh",CINEMA001165,locality,South,Andhra Pradesh,Darsi,,
N,"Qube Sri Sreenivasa Mahal, Kanchikacherla, Andhra Pradesh",CINEMA001166,locality,South,Andhra Pradesh,Kanchikacherla,,
N,"Qube Sri Sri Raja Rajeswari Picture Palace, Narsapur, Andhra Pradesh",CINEMA001167,locality,South,Andhra Pradesh,Narsapur,,534275
N,"Qube Sri Srinivas Mahal, Nallajerla, Andhra Pradesh",CINEMA001168,locality,South,Andhra Pradesh,Nallajerla,,
N,"Qube Sri Srinivasa Mahal, Giddalur, Andhra Pradesh",CINEMA001169,locality,South,Andhra Pradesh,Giddalur,,
N,"Qube Sri Srinivasa Theater, Kolluru, Andhra Pradesh",CINEMA001170,locality,South,Andhra Pradesh,Kolluru,,522324
N,"Qube Sri Srinivasa Touring Talkies, Karapa, Andhra Pradesh",CINEMA001171,locality,South,Andhra Pradesh,Karapa,,533016
N,"Qube Sri Surya Deluxe, Undi, Andhra Pradesh",CINEMA001172,locality,South,Andhra Pradesh,Undi,,
N,"Qube Sri Surya Rama Mahal Screen 1, Kirlampudi, Andhra Pradesh",CINEMA001173,locality,South,Andhra Pradesh,Kirlampudi,,
N,"Qube Sri Swami Venkateshwara Picture Palace, Yerraguntla, Andhra Pradesh",CINEMA001174,locality,South,Andhra Pradesh,Yerraguntla,,516309
N,"Qube Sri Veera Bhadra Theatre, Peddapuram, Andhra Pradesh",CINEMA001175,locality,South,Andhra Pradesh,Peddapuram,,533437
N,"Qube Sri Veerabhadra Talkies, Nidadavole, Andhra Pradesh",CINEMA001176,locality,South,Andhra Pradesh,Nidadavole,,534301
N,"Qube Sri Venkata Gangaratana Theatre, Akiveedu, Andhra Pradesh",CINEMA001177,locality,South,Andhra Pradesh,Akiveedu,,
N,"Qube Sri Venkata Lakshmi Talkies, Akiveedu, Andhra Pradesh",CINEMA001178,locality,South,Andhra Pradesh,Akiveedu,,
N,"Qube Sri Venkata Manikyamba Theatre, Srikakulam, Andhra Pradesh",CINEMA001179,locality,South,Andhra Pradesh,Srikakulam,,
N,"Qube Sri Venkata Narayana Picture Palace, Malikipuram, Andhra Pradesh",CINEMA001180,locality,South,Andhra Pradesh,Malikipuram,,
N,"Qube Sri Venkata Rama Picture Palace, Chagallu, Andhra Pradesh",CINEMA001181,locality,South,Andhra Pradesh,Chagallu,,534342
N,"Qube Sri Venkata Surya Theatre, Rajahmundry, Andhra Pradesh",CINEMA001182,locality,South,Andhra Pradesh,Rajahmundry,,533103
N,"Qube Sri Venkata Surya Theatre, Yeleswaram, Andhra Pradesh",CINEMA001183,locality,South,Andhra Pradesh,Yeleswaram,,533429
N,"Qube Sri Venkata Theatre, Machilipatnam, Andhra Pradesh",CINEMA001184,locality,South,Andhra Pradesh,Machilipatnam,,
N,"Qube Sri Venkatarama Theatre, Tadepalligudem, Andhra Pradesh",CINEMA001185,locality,South,Andhra Pradesh,Tadepalligudem,,534102
N,"Qube Sri Venkateshwara Cineplex, Tirupati, Andhra Pradesh",CINEMA001186,locality,South,Andhra Pradesh,Tirupati,,
N,"Qube Sri Venkateshwara Theatre, Rapur, Andhra Pradesh",CINEMA001187,locality,South,Andhra Pradesh,Rapur,,
N,"Qube Sri Venkateswara Mahal Screen 1, Narasannapeta, Andhra Pradesh",CINEMA001188,locality,South,Andhra Pradesh,Narasannapeta,,532421
N,"Qube Sri Venkateswara Picture Palace, Tiruvuru, Andhra Pradesh",CINEMA001189,locality,South,Andhra Pradesh,Tiruvuru,,
N,"Qube Sri Venkateswara Talkies, Tanuku, Andhra Pradesh",CINEMA001190,locality,South,Andhra Pradesh,Tanuku,,
N,"Qube Sri Venkateswara Talkies, Manikonda, Andhra Pradesh",CINEMA001191,locality,South,Andhra Pradesh,Manikonda,,521260
N,"Qube Sri Venkateswara Talkies, Vidyanagar, Andhra Pradesh",CINEMA001192,locality,South,Andhra Pradesh,Vidyanagar,,
N,"Qube Sri Venkateswara Talkies, Vatsavai, Andhra Pradesh",CINEMA001193,locality,South,Andhra Pradesh,Vatsavai,,521402
N,"Qube Sri Venkateswara Talkies, Avanigadda, Andhra Pradesh",CINEMA001194,locality,South,Andhra Pradesh,Avanigadda,,521121
N,"Qube Sri Venkateswara Talkies, Mummidivaram, Andhra Pradesh",CINEMA001195,locality,South,Andhra Pradesh,Mummidivaram,,533216
N,"Qube Sri Venkateswara Talkies, Butteyagudem, Andhra Pradesh",CINEMA001196,locality,South,Andhra Pradesh,Butteyagudem,,
N,"Qube Sri Venkateswara Talkies, Ananthapur, Andhra Pradesh",CINEMA001197,locality,South,Andhra Pradesh,Ananthapur,,
N,"Qube Sri Venkateswara Theatre, Betancharla, Andhra Pradesh",CINEMA001198,locality,South,Andhra Pradesh,Betancharla,,
N,"Qube Sri Venkateswara Theatre, Visakhapatnam, Andhra Pradesh",CINEMA001199,locality,South,Andhra Pradesh,Visakhapatnam,,530020
N,"Qube Sri Venkateswara Theatre, Macherla, Andhra Pradesh",CINEMA001200,locality,South,Andhra Pradesh,Macherla,,
N,"Qube Sri Venkateswara Theatre, Porumamilla, Andhra Pradesh",CINEMA001201,locality,South,Andhra Pradesh,Porumamilla,,
N,"Qube Sri Venkateswara Theatre, Chittoor, Andhra Pradesh",CINEMA001202,locality,South,Andhra Pradesh,Chittoor,,517002
N,"Qube Sri Venkateswara Theatre, Chilakaluripet, Andhra Pradesh",CINEMA001203,locality,South,Andhra Pradesh,Chilakaluripet,,
N,"Qube Sri Vijaya Lakshmi Theatre, Kaikaluru, Andhra Pradesh",CINEMA001204,locality,South,Andhra Pradesh,Kaikaluru,,
N,"Qube Sri Vijaya Mahal, Mandapeta, Andhra Pradesh",CINEMA001205,locality,South,Andhra Pradesh,Mandapeta,,533308
N,"Qube Sri Vijayalakshmi Talkies, Ipurupalem, Andhra Pradesh",CINEMA001206,locality,South,Andhra Pradesh,Ipurupalem,,
N,"Qube Sri Vijayalaxmi Theater, Kommugudem, Andhra Pradesh",CINEMA001207,locality,South,Andhra Pradesh,Kommugudem,,534426
N,"Qube Srinavasa Mahal, Bapatla, Andhra Pradesh",CINEMA001208,locality,South,Andhra Pradesh,Bapatla,,522101
N,"Qube Srinivasa, Yemmiganur, Andhra Pradesh",CINEMA001209,locality,South,Andhra Pradesh,Yemmiganur,,518360
N,"Qube Srinivasa AC DTS Screen 1, Amaravathi, Andhra Pradesh",CINEMA001210,locality,South,Andhra Pradesh,Amaravathi,,522020
N,"Qube Srinivasa KB Cinemax, Pamur, Andhra Pradesh",CINEMA001211,locality,South,Andhra Pradesh,Pamur,,523108
N,"Qube Srinivasa Mahal, Sattenapalle, Andhra Pradesh",CINEMA001212,locality,South,Andhra Pradesh,Sattenapalle,,
N,"Qube Srinivasa Mahal, Kanigiri, Andhra Pradesh",CINEMA001213,locality,South,Andhra Pradesh,Kanigiri,,
N,"Qube Srinivasa Mahal, Sompeta, Andhra Pradesh",CINEMA001214,locality,South,Andhra Pradesh,Sompeta,,
N,"Qube Srinivasa Mahal, Guntur, Andhra Pradesh",CINEMA001215,locality,South,Andhra Pradesh,Guntur,,522508
N,"Qube Srinivasa Mini Talkies, Yemmiganur, Andhra Pradesh",CINEMA001216,locality,South,Andhra Pradesh,Yemmiganur,,
N,"Qube Srinivasa Picture Palace, Pulivendula, Andhra Pradesh",CINEMA001217,locality,South,Andhra Pradesh,Pulivendula,,516390
N,"Qube Srinivasa Picture Palace, Penukonda, Andhra Pradesh",CINEMA001218,locality,South,Andhra Pradesh,Penukonda,,515110
N,"Qube Srinivasa Talkies, Puttur, Andhra Pradesh",CINEMA001219,locality,South,Andhra Pradesh,Puttur,,517583
N,"Qube Srinivasa Talkies, Nellore, Andhra Pradesh",CINEMA001220,locality,South,Andhra Pradesh,Nellore,,524002
N,"Qube Srinivasa Theater, Kovur, Andhra Pradesh",CINEMA001221,locality,South,Andhra Pradesh,Kovur,,524137
N,"Qube Srinivasa Theatre, Vuyyuru, Andhra Pradesh",CINEMA001222,locality,South,Andhra Pradesh,Vuyyuru,,521165
N,"Qube Srinivasa Theatre, Tatipaka, Andhra Pradesh",CINEMA001223,locality,South,Andhra Pradesh,Tatipaka,,533249
N,"Qube Srinivasa Theatre, Dhone, Andhra Pradesh",CINEMA001224,locality,South,Andhra Pradesh,Dhone,,518222
N,"Qube Srinivasa Theatre, Chilakaluripet, Andhra Pradesh",CINEMA001225,locality,South,Andhra Pradesh,Chilakaluripet,,
N,"Qube SRT Cinemas, Pedanandipadu, Andhra Pradesh",CINEMA001226,locality,South,Andhra Pradesh,Pedanandipadu,,
N,"Qube Star Theatre, Nellore, Andhra Pradesh",CINEMA001227,locality,South,Andhra Pradesh,Nellore,,
N,"Qube STBL, Bantumilli, Andhra Pradesh",CINEMA001228,locality,South,Andhra Pradesh,Bantumilli,,530049
N,"Qube Sudarshan Theatre, Kanigiri, Andhra Pradesh",CINEMA001229,locality,South,Andhra Pradesh,Kanigiri,,523230
N,"Qube Sudarshan Theatre, Tekkali, Andhra Pradesh",CINEMA001230,locality,South,Andhra Pradesh,Tekkali,,
N,"Qube Sudha Theatre, Kadapa, Andhra Pradesh",CINEMA001231,locality,South,Andhra Pradesh,Kadapa,,516001
N,"Qube Sujana 70MM A/C DTS, Chityala, Telangana",CINEMA001232,locality,South,Telangana,Chityala,,
N,"Qube Sunil A/C Theatre, Madanapalle, Andhra Pradesh",CINEMA001233,locality,South,Andhra Pradesh,Madanapalle,,
N,"Qube Suresh Mahal, Vinukonda, Andhra Pradesh",CINEMA001234,locality,South,Andhra Pradesh,Vinukonda,,
N,"Qube Surya Mahal, Srikakulam, Andhra Pradesh",CINEMA001235,locality,South,Andhra Pradesh,Srikakulam,,532001
N,"Qube Surya Sree theatre, Anaparthy, Andhra Pradesh",CINEMA001236,locality,South,Andhra Pradesh,Anaparthy,,533342
N,"Qube SV Cinemas, Chittoor, Andhra Pradesh",CINEMA001237,locality,South,Andhra Pradesh,Chittoor,,517131
N,"Qube SV Talkies, Nindra, Andhra Pradesh",CINEMA001238,locality,South,Andhra Pradesh,Nindra,,
N,"Qube Swarna Cine Max Screen 1, Ibrahimpatnam, Andhra Pradesh",CINEMA001239,locality,South,Andhra Pradesh,Ibrahimpatnam,,521456
N,"Qube Swarna Palace, Vijayawada, Andhra Pradesh",CINEMA001240,locality,South,Andhra Pradesh,Vijayawada,,520002
N,"Qube Swathi Theatre, Vijayawada, Andhra Pradesh",CINEMA001241,locality,South,Andhra Pradesh,Vijayawada,,
N,"Qube Tarangini Theatre, Ananthapur, Andhra Pradesh",CINEMA001242,locality,South,Andhra Pradesh,Ananthapur,,515005
N,"Qube Tata Picture Palace, Visakhapatnam, Andhra Pradesh",CINEMA001243,locality,South,Andhra Pradesh,Visakhapatnam,,
N,"Qube Tejaswini Theatre, Ananthapur, Andhra Pradesh",CINEMA001244,locality,South,Andhra Pradesh,Ananthapur,,515005
N,"Qube Thahar Picture Palace, Kadapa, Andhra Pradesh",CINEMA001245,locality,South,Andhra Pradesh,Kadapa,,516001
N,"Qube The Gudivada Central, Gudivada, Andhra Pradesh",CINEMA001246,locality,South,Andhra Pradesh,Gudivada,,
N,"Qube Theatre Padma Priya, Kakinada, Andhra Pradesh",CINEMA001247,locality,South,Andhra Pradesh,Kakinada,,533003
N,"Qube Theatre Sree Kanya, Visakhapatnam, Andhra Pradesh",CINEMA001248,locality,South,Andhra Pradesh,Visakhapatnam,,
N,"Qube Theatre Sri Priya, Kakinada, Andhra Pradesh",CINEMA001249,locality,South,Andhra Pradesh,Kakinada,,533003
N,"Qube Theatre Vijaya Bhaskar, Chilakaluripet, Andhra Pradesh",CINEMA001250,locality,South,Andhra Pradesh,Chilakaluripet,,
N,"Qube Tirumala A/c DTS, Nuzividu, Andhra Pradesh",CINEMA001251,locality,South,Andhra Pradesh,Nuzividu,,521201
N,"Qube TNR Picture Palace, Jammalamadugu, Andhra Pradesh",CINEMA001252,locality,South,Andhra Pradesh,Jammalamadugu,,516434
N,"Qube TPR Movie Land, Jammalamadugu, Andhra Pradesh",CINEMA001253,locality,South,Andhra Pradesh,Jammalamadugu,,
N,"Qube Triveni Theatre, Ananthapur, Andhra Pradesh",CINEMA001254,locality,South,Andhra Pradesh,Ananthapur,,515005
N,"Qube Urvasi A/c DTS, Mangalagiri, Andhra Pradesh",CINEMA001255,locality,South,Andhra Pradesh,Mangalagiri,,
N,"Qube V EPIQ Screen 1, Sullurpeta, Andhra Pradesh",CINEMA001256,locality,South,Andhra Pradesh,Sullurpeta,,524123
N,"Qube V.V.Mahal, Palamaner, Andhra Pradesh",CINEMA001257,locality,South,Andhra Pradesh,Palamaner,,517408
N,"Qube Vaibhav Cinemas, Guntur, Andhra Pradesh",CINEMA001258,locality,South,Andhra Pradesh,Guntur,,522002
N,"Qube Veerabramendra, Sirivella, Andhra Pradesh",CINEMA001259,locality,South,Andhra Pradesh,Sirivella,,
N,"Qube Inox Palnadu, Guntur, Andhra Pradesh",CINEMA001260,locality,South,Andhra Pradesh,Guntur,,
N,"Qube Venkat Theatre, Proddattur, Andhra Pradesh",CINEMA001261,locality,South,Andhra Pradesh,Proddattur,,
N,"Qube Venkata Siva Mahal, Rajahmundry, Andhra Pradesh",CINEMA001262,locality,South,Andhra Pradesh,Rajahmundry,,
N,"Qube Venkata Swarna Palace, Vijayawada, Andhra Pradesh",CINEMA001263,locality,South,Andhra Pradesh,Vijayawada,,520002
N,"Qube Venkateshwara DTS, Mangalagiri, Andhra Pradesh",CINEMA001264,locality,South,Andhra Pradesh,Mangalagiri,,
N,"Qube Venkateswara Mini Theatre, Betancharla, Andhra Pradesh",CINEMA001265,locality,South,Andhra Pradesh,Betancharla,,
N,"Qube Venkateswara Movie Mart, Anakapalle, Andhra Pradesh",CINEMA001266,locality,South,Andhra Pradesh,Anakapalle,,
N,"Qube Venkateswara Palace, Vijayawada, Andhra Pradesh",CINEMA001267,locality,South,Andhra Pradesh,Vijayawada,,520002
N,"Qube Venkateswara Picture Palace, Kalyandurg, Andhra Pradesh",CINEMA001268,locality,South,Andhra Pradesh,Kalyandurg,,
N,"Qube Venkateswara Theatre, Visakhapatnam, Andhra Pradesh",CINEMA001269,locality,South,Andhra Pradesh,Visakhapatnam,,530020
N,"Qube Venkateswara Theatre, Darsi, Andhra Pradesh",CINEMA001270,locality,South,Andhra Pradesh,Darsi,,523247
N,"Qube Vigneswara Theatre, Chebrolu, Andhra Pradesh",CINEMA001271,locality,South,Andhra Pradesh,Chebrolu,,
N,"Qube Vijaya Deluxe, Mangalagiri, Andhra Pradesh",CINEMA001272,locality,South,Andhra Pradesh,Mangalagiri,,522503
N,"Qube Vijaya Lakshmi Theatre, T.Narasapuram, Andhra Pradesh",CINEMA001273,locality,South,Andhra Pradesh,T.Narasapuram,,
N,"Qube Vijaya Picture Palace, Nandigama, Andhra Pradesh",CINEMA001274,locality,South,Andhra Pradesh,Nandigama,,
N,"Qube Vijayalakshmi Picture Palace, Khajipalem, Andhra Pradesh",CINEMA001275,locality,South,Andhra Pradesh,Khajipalem,,
N,"Qube Vijayalakshmi Theatre, Mirthipadu, Andhra Pradesh",CINEMA001276,locality,South,Andhra Pradesh,Mirthipadu,,533293
N,"Qube Vijayalakshmi Theatre, Vijayawada, Andhra Pradesh",CINEMA001277,locality,South,Andhra Pradesh,Vijayawada,,520007
N,"Qube Vijayalakshmi Theatre, Indukuripet, Andhra Pradesh",CINEMA001278,locality,South,Andhra Pradesh,Indukuripet,,
N,"Qube Vijayalakshmi Theatre, Revendrapadu, Andhra Pradesh",CINEMA001279,locality,South,Andhra Pradesh,Revendrapadu,,
N,"Qube Vijetha Deluxe, Narasaraopet, Andhra Pradesh",CINEMA001280,locality,South,Andhra Pradesh,Narasaraopet,,
N,"Qube Vishnu Mahal Theatre - Puttur, Chittoor, Andhra Pradesh",CINEMA001281,locality,South,Andhra Pradesh,Chittoor,,517583
N,"Qube Yuvaraj Theatre, Kandukur, Andhra Pradesh",CINEMA001282,locality,South,Andhra Pradesh,Kandukur,,523105
N,"Qube Yuvraj 35MM A/c DTS, Vijayawada, Andhra Pradesh",CINEMA001283,locality,South,Andhra Pradesh,Vijayawada,,520008
N,"Qube CB Talkies, Tezu, Arunachal Pradesh",CINEMA001284,locality,North East,Arunachal Pradesh,Tezu,,792001
N,"Qube Drodel Cine World, Itanagar, Arunachal Pradesh",CINEMA001285,locality,North East,Arunachal Pradesh,Itanagar,,791111
N,"Qube MY Digital Cinema, Doimukh, Arunachal Pradesh",CINEMA001286,locality,North East,Arunachal Pradesh,Doimukh,,
N,"Qube Tenzing Cinema Screen 1, Dirang, Arunachal Pradesh",CINEMA001287,locality,North East,Arunachal Pradesh,Dirang,,790101
N,"Qube Tenzing Cinemas Screen 1, Itanagar, Arunachal Pradesh",CINEMA001288,locality,North East,Arunachal Pradesh,Itanagar,,791111
N,"Qube Anwar VRS Cinema, Tezpur, Assam",CINEMA001289,locality,North East,Assam,Tezpur,,784154
N,"Qube Galaxy Cinema, Diphu, Assam",CINEMA001290,locality,North East,Assam,Diphu,,
N,"Qube Gold Digital Mini Cinema Hall, Kokrajhar, Assam",CINEMA001291,locality,North East,Assam,Kokrajhar,,783370
N,"Qube Gold Digital Mini Cinema Hall, Darrang, Assam",CINEMA001292,locality,North East,Assam,Darrang,,784115
N,"Qube Nakshtra Cinema, North Lakhimpur, Assam",CINEMA001293,locality,North East,Assam,North Lakhimpur,,
N,"Qube Nazira Bolchabi Cinema, Nazira, Assam",CINEMA001294,locality,North East,Assam,Nazira,,785685
N,"Qube Oriental Talkies, Silchar, Assam",CINEMA001295,locality,North East,Assam,Silchar,,788001
N,"Qube Prerana Cinema, Bihupuria, Assam",CINEMA001296,locality,North East,Assam,Bihupuria,,784161
N,"Qube Saya Mini Digital Cinema Hall, Tangla, Assam",CINEMA001297,locality,North East,Assam,Tangla,,784521
N,"Qube SVF Cinema Tezpur Audi 1, Tezpur, Assam",CINEMA001298,locality,North East,Assam,Tezpur,,
N,"Qube Ambika Picture Palace Screen 1, Ghorasahan, Bihar",CINEMA001299,locality,East,Bihar,Ghorasahan,,845303
N,"Qube Chandra Talkies, Supaul, Bihar",CINEMA001300,locality,East,Bihar,Supaul,,852131
N,"Qube Cinema Cafe Smart Theatre, Patna, Bihar",CINEMA001301,locality,East,Bihar,Patna,,
N,"Qube CITY CINE CAFE, Patna, Bihar",CINEMA001302,locality,East,Bihar,Patna,,800009
N,"Qube Connplex Smart Theatre Katihar Screen 1, Katihar, Bihar",CINEMA001303,locality,East,Bihar,Katihar,,854106
N,"Qube Connplex Smart Theatre Patna Screen 1, Patna, Bihar",CINEMA001304,locality,East,Bihar,Patna,,801505
N,"Qube Diana Cinetone, Patna, Bihar",CINEMA001305,locality,East,Bihar,Patna,,
N,"Qube Jai Rajan Chitramandir, Raghopur, Bihar",CINEMA001306,locality,East,Bihar,Raghopur,,852111
N,"Qube Krishna Talkies, Patna, Bihar",CINEMA001307,locality,East,Bihar,Patna,,800008
N,"Qube Meera Talkies, Araria, Bihar",CINEMA001308,locality,East,Bihar,Araria,,854311
N,"Qube Meera Talkies, Saharsa, Bihar",CINEMA001309,locality,East,Bihar,Saharsa,,852201
N,"Qube Mitro Talkies, Kishanganj, Bihar",CINEMA001310,locality,East,Bihar,Kishanganj,,855107
N,"Qube Pankaj Palace, Chhapra, Bihar",CINEMA001311,locality,East,Bihar,Chhapra,,841301
N,"Qube PREM TALKIES, Gaya, Bihar",CINEMA001312,locality,East,Bihar,Gaya,,
N,"Qube Prem Talkies, Araria, Bihar",CINEMA001313,locality,East,Bihar,Araria,,854318
N,"Qube Rajnish Cineplex Screen 1, Laheriasarai, BIHAR",CINEMA001314,locality,East,Bihar,Laheriasarai,,846001
N,"Qube Regent Cinema, Patna, Bihar",CINEMA001315,locality,East,Bihar,Patna,,800004
N,"Qube Roopbani Cinema, Purnia, Bihar",CINEMA001316,locality,East,Bihar,Purnia,,854301
N,"Qube Sahu Talkies, Rohtas, Bihar",CINEMA001317,locality,East,Bihar,Rohtas,,821115
N,"Qube Shyam Talkies ( Muzaffarpur ), Muzaffarpur, Bihar",CINEMA001318,locality,East,Bihar,Muzaffarpur,,842001
N,"Qube Star Picture Palace, Jokihat, Bihar",CINEMA001319,locality,East,Bihar,Jokihat,,854329
N,"Qube Adeshwar Globals (AG Cinemas), Narayanpur, Chhattisgarh",CINEMA001320,locality,Central,Chhattisgarh,Narayanpur,,494661
N,"Qube EOS Cinemas, Kondagaon, Chhattisgarh",CINEMA001321,locality,Central,Chhattisgarh,Kondagaon,,494226
N,"Qube Prashanth SRM Multiplex Screen 1 formally known as EOS Cinemas, Dhamtari, Chhattisgarh",CINEMA001322,locality,Central,Chhattisgarh,Dhamtari,,493773
N,"Qube Colors Mall Screen 1, Raipur, Chhattisgarh",CINEMA001323,locality,Central,Chhattisgarh,Raipur,,492001
N,"Qube Silver Screen Miniplex - Screen 1, Rajnandgaon, Chhattisgarh",CINEMA001324,locality,Central,Chhattisgarh,Rajnandgaon,,491441
N,"Qube Tarun LV Cinema Screen 1, Rajnandgaon, Chhattisgarh",CINEMA001325,locality,Central,Chhattisgarh,Rajnandgaon,,491441
N,"Qube Daman Talkies, Daman, Daman and Diu",CINEMA001326,locality,West,Daman and Diu,Daman,,396210
N,"Qube M2K Cinemas ( Rohini ) - Screen 1, New Delhi, Delhi & NCR",CINEMA001327,locality,North,Delhi,New Delhi,,110085
N,"Qube M2K Cinemas Screen 1, New Delhi, Delhi & NCR",CINEMA001328,locality,North,Delhi,New Delhi,,110001
N,"Qube Batra Reels Cinemas (Formerly Known as Batra Glitz Cinema), Delhi, Delhi & NCR",CINEMA001329,locality,North,Delhi,Delhi,,110025
N,"Qube Gagan Theatre, Delhi, Delhi & NCR",CINEMA001330,locality,North,Delhi,Delhi,,
N,"Qube Pristine Cinemas Screen 1, Faridabad, Delhi & NCR",CINEMA001331,locality,North,Delhi,Faridabad,,121003
N,"Qube Rolling Reels Cinema Omex Mall Screen 1, Gurugram, Delhi & NCR",CINEMA001332,locality,North,Delhi,Gurugram,,
N,"Qube Rolling Reels Cinema Screen 1, Indirapuram, Delhi & NCR",CINEMA001333,locality,North,Delhi,Indirapuram,,201020
N,"Qube Silver City Cinemas Scr 1, Ghaziabad, Delhi & NCR",CINEMA001334,locality,North,Delhi,Ghaziabad,,201009
N,"Qube Silvercity Cinemas- Screen 1, Faridabad, Delhi & NCR",CINEMA001335,locality,North,Delhi,Faridabad,,121013
N,"Qube Wave Cinema (Noida) Screen 1, Noida, Delhi & NCR",CINEMA001336,locality,North,Delhi,Noida,,201301
N,"Qube Wave Cinemas ( Kaushambi ) - Screen 1, Kaushambi, Delhi & NCR",CINEMA001337,locality,North,Delhi,Kaushambi,,
N,"Qube Waves Cinemas ( New Raj Nagar ) - Screen 1, New Raj Nagar, Delhi & NCR",CINEMA001338,locality,North,Delhi,New Raj Nagar,,203001
N,"Qube AMP Amisha Miniplex Screen 1, Kosamba, Gujarat",CINEMA001339,locality,West,Gujarat,Kosamba,,
N,"Qube Anand Cinema Screen - 1, Navsari, Gujarat",CINEMA001340,locality,West,Gujarat,Navsari,,
N,"Qube Anant Cinema Screen 1, Vapi, Gujarat",CINEMA001341,locality,West,Gujarat,Vapi,,
N,"Qube Bajrang Gold Laser Cinema (Bajrang 6), Surat, Gujarat",CINEMA001342,locality,West,Gujarat,Surat,,
N,"Qube Bajrang Laser Video Screen 3, Surat, Gujarat",CINEMA001343,locality,West,Gujarat,Surat,,
N,"Qube Cine 36 Screen 1, Tankara, Gujarat",CINEMA001344,locality,West,Gujarat,Tankara,,363641
N,"Qube Cinemarc Cinema Screen 1, Vadodara, Gujarat",CINEMA001345,locality,West,Gujarat,Vadodara,,
N,"Qube Cinemarc Screen 1, Vadodara, Gujarat",CINEMA001346,locality,West,Gujarat,Vadodara,,
N,"Qube Cineverse Multiplex Screen 1, Surat, Gujarat",CINEMA001347,locality,West,Gujarat,Surat,,395007
N,"Qube Cinezza Multiplex Screen 1, Surat, Gujarat",CINEMA001348,locality,West,Gujarat,Surat,,395005
N,"Qube Havelock Cineflix Cinemas Screen 1 formelly Name know as Connplex Smart Theatre Kankaria Screen 1, Ahmedabad, Gujarat",CINEMA001349,locality,West,Gujarat,Ahmedabad,,
N,"Qube Connplex Cinemas Screen 1, Ahmedabad, Gujarat",CINEMA001350,locality,West,Gujarat,Ahmedabad,,
N,"Qube Connplex Smart Theatre Screen 1, Dhrangadhra, Gujarat",CINEMA001351,locality,West,Gujarat,Dhrangadhra,,
N,"Qube Connplex Cinemas Screen 2, Ahmedabad, Gujarat",CINEMA001352,locality,West,Gujarat,Ahmedabad,,
N,"Qube Connplex Smart Theatre Screen 2, Dhrangadhra, Gujarat",CINEMA001353,locality,West,Gujarat,Dhrangadhra,,
N,"Qube Connplex Cinemas Screen 3, Ahmedabad, Gujarat",CINEMA001354,locality,West,Gujarat,Ahmedabad,,380060
N,"Qube Dariyalal Multiplex Screen 1, Morbi, Gujarat",CINEMA001355,locality,West,Gujarat,Morbi,,363642
N,"Qube Empress Mall Screen 1, Vapi, Gujarat",CINEMA001356,locality,West,Gujarat,Vapi,,396191
N,"Qube Gopal Talkies, Khambhat, Gujarat",CINEMA001357,locality,West,Gujarat,Khambhat,,388620
N,"Qube Laxmi Screen 1, Surat, Gujarat",CINEMA001358,locality,West,Gujarat,Surat,,
N,"Qube Milano Multiplex - Screen 1 - Bardoli, Bardoli, Gujarat",CINEMA001359,locality,West,Gujarat,Bardoli,,
N,"Qube Milano Multiplex - Screen 3, Bardoli, Gujarat",CINEMA001360,locality,West,Gujarat,Bardoli,,394601
N,"Qube Fantasy Miniplex Screen 1, Ahmedabad, Gujarat",CINEMA001361,locality,West,Gujarat,Ahmedabad,,
N,"Qube Newfangled Miniplex Screen 1, Ahmedabad, Gujarat",CINEMA001362,locality,West,Gujarat,Ahmedabad,,380059
N,"Qube Nexus Cinema Screen 1, Borsad, Gujarat",CINEMA001363,locality,West,Gujarat,Borsad,,
N,"Qube Odeon Video Gruh, Vapi, Gujarat",CINEMA001364,locality,West,Gujarat,Vapi,,396195
N,"Qube Om Cineplex Screen 1 - Gandhidham, Gandhidham, Gujarat",CINEMA001365,locality,West,Gujarat,Gandhidham,,370205
N,"Qube Orange Cinemas Screen 1, Bapunagar, Gujarat",CINEMA001366,locality,West,Gujarat,Bapunagar,,382345
N,"Qube Orbis Infinium Multiplex - Audi 1, Bhavnagar, Gujarat",CINEMA001367,locality,West,Gujarat,Bhavnagar,,
N,"Qube Rupam Cinema Screen 1, Surat, Gujarat",CINEMA001368,locality,West,Gujarat,Surat,,395002
N,"Qube Span Cineone Screen 1, Visnagar, Gujarat",CINEMA001369,locality,West,Gujarat,Visnagar,,384315
N,"Qube Surmandir Cinema Screen 1, Palanpur, Gujarat",CINEMA001370,locality,West,Gujarat,Palanpur,,385001
N,"Qube The Cine Star Miniplex Screen 1, Bhat, Gujarat",CINEMA001371,locality,West,Gujarat,Bhat,,382428
N,"Qube The Friday Cinema Screen 1, Surat, Gujarat",CINEMA001372,locality,West,Gujarat,Surat,,394101
N,"Qube Time Cinema Screen 1, Idar, Gujarat",CINEMA001373,locality,West,Gujarat,Idar,,
N,"Qube Time Cinema Screen 1, Surat, Gujarat",CINEMA001374,locality,West,Gujarat,Surat,,
N,"Qube Time Cinema Screen 2, Idar, Gujarat",CINEMA001375,locality,West,Gujarat,Idar,,383430
N,"Qube Time Cinema Screen 2, Surat, Gujarat",CINEMA001376,locality,West,Gujarat,Surat,,
N,"Qube Velvet Cinema Screen 1, Halol, Gujarat",CINEMA001377,locality,West,Gujarat,Halol,,
N,"Qube Vihar Cinema Screen 2, Vadodara, Gujarat",CINEMA001378,locality,West,Gujarat,Vadodara,,390004
N,"Qube Roongta Multiplex formerly known as Vinay Cineplex Screen 1, Adipur, Gujarat",CINEMA001379,locality,West,Gujarat,Adipur,,
N,"Qube (Divine Cineplex) Divine Business Park Screen 1, Kurukshetra, Haryana",CINEMA001380,locality,North,Haryana,Kurukshetra,,
N,"Qube (Divine Cineplex)Divine Business Park Screen 2, Kurukshetra, Haryana",CINEMA001381,locality,North,Haryana,Kurukshetra,,136131
N,"Qube BMG Multiplex Rewari Scr 1, Rewari, Haryana",CINEMA001382,locality,North,Haryana,Rewari,,123401
N,"Qube BMG Multiplex Screen 2, Rewari, Haryana",CINEMA001383,locality,North,Haryana,Rewari,,123401
N,"Qube Cinetime Cinemas Screen 1, Gobhana, Haryana",CINEMA001384,locality,North,Haryana,Gobhana,,
N,"Qube CSR Cinemas formally known as Cinetime Cinemas Screen 1, Jind, Haryana",CINEMA001385,locality,North,Haryana,Jind,,126102
N,"Qube Cinetime Cinemas Screen 2, Gobhana, Haryana",CINEMA001386,locality,North,Haryana,Gobhana,,124105
N,"Qube CSR Cinemas formally known as Cinetime Cinemas Screen 2, Jind, Haryana",CINEMA001387,locality,North,Haryana,Jind,,126102
N,"Qube Citi Max Cinemas Screen 1, Rohtak, Haryana",CINEMA001388,locality,North,Haryana,Rohtak,,124001
N,"Qube Elite Cinema Screen 1, Hisar, Haryana",CINEMA001389,locality,North,Haryana,Hisar,,125001
N,"Qube Minerva Cineplex - Screen 1, Ambala, Haryana",CINEMA001390,locality,North,Haryana,Ambala,,133001
N,"Qube Padma Cine Square - Screen 1, Kaithal, Haryana",CINEMA001391,locality,North,Haryana,Kaithal,,136027
N,"Qube R.K Palace Screen 1, Fatehabad, Haryana",CINEMA001392,locality,North,Haryana,Fatehabad,,125050
N,"Qube R.S Cinemas Screen 1, Safidon, Haryana",CINEMA001393,locality,North,Haryana,Safidon,,126112
N,"Qube R.S Cinemas Screen 2, Movie Max, Haryana",CINEMA001394,locality,North,Haryana,Movie Max,,
N,"Qube RS Cinemas Screen 1, Jind, Haryana",CINEMA001395,locality,North,Haryana,Jind,,
N,"Qube RN Cinemas Screen 1, Rohtak, Haryana",CINEMA001396,locality,North,Haryana,Rohtak,,124001
N,"Qube Saim Cinemas Screen 1, Palwal, Haryana",CINEMA001397,locality,North,Haryana,Palwal,,121102
N,"Qube Dimple Cine Complex - Screen 1, Jagadhri, Haryana",CINEMA001398,locality,North,Haryana,Jagadhri,,135003
N,"Qube Spiti Cinemas Screen 1, Kural, Haryana",CINEMA001399,locality,North,Haryana,Kural,,127021
N,"Qube Suncity Cinema Screen 1, Hisar, Haryana",CINEMA001400,locality,North,Haryana,Hisar,,125005
N,"Qube Aayan Cinemas Screen 1, Shimla, Himachal Pradesh",CINEMA001401,locality,North,Himachal Pradesh,Shimla,,171004
N,"Qube Maurice Multiplex Baddi Screen 1 formally know us Connplex Smart Theatre, Baddi, Himachal Pradesh",CINEMA001402,locality,North,Himachal Pradesh,Baddi,,173205
N,"Qube Prime Cinemas Screen 1, Kangra, Himachal Pradesh",CINEMA001403,locality,North,Himachal Pradesh,Kangra,,176001
N,"Qube Shobla Multiplex - Screen 1, Kullu, Himachal Pradesh",CINEMA001404,locality,North,Himachal Pradesh,Kullu,,
N,"Qube Amar Cineplex - Screen 1, Katra, Jammu and Kashmir",CINEMA001405,locality,North,Jammu and Kashmir,Katra,,
N,"Qube Apsara Theatre Screen 1, Gandhinagar, Jammu and Kashmir",CINEMA001406,locality,North,Jammu and Kashmir,Gandhinagar,,
N,"Qube Hari Theatre, Jammu, Jammu and Kashmir",CINEMA001407,locality,North,Jammu and Kashmir,Jammu,,180001
N,"Qube Waves Cinemas ( Chani Himat ) - Screen 1, Jammu, Jammu and Kashmir",CINEMA001408,locality,North,Jammu and Kashmir,Jammu,,
N,"Qube JD Cinemas Screen 1, Ranchi, Jharkhand",CINEMA001409,locality,East,Jharkhand,Ranchi,,
N,"Qube Mini Saroj, Jamtara, Jharkhand",CINEMA001410,locality,East,Jharkhand,Jamtara,,
N,"Qube Orbit Cinema, Giridih, Jharkhand",CINEMA001411,locality,East,Jharkhand,Giridih,,
N,"Qube Swarn Chitra Mandir Screen 1, Giridih, Jharkhand",CINEMA001412,locality,East,Jharkhand,Giridih,,815301
N,"Qube Abhilash Theatre, Chikkaballapur, Karnataka",CINEMA001413,locality,South,Karnataka,Chikkaballapur,,561208
N,"Qube Akash Cinema, Bangalore, Karnataka",CINEMA001414,locality,South,Karnataka,Bangalore,,
N,"Qube Akash Theatre, Kunigal, Karnataka",CINEMA001415,locality,South,Karnataka,Kunigal,,572130
N,"Qube Alankar Talkies, Pavagada, Karnataka",CINEMA001416,locality,South,Karnataka,Pavagada,,561202
N,"Qube Alankar Theatre, Gajendragad, Karnataka",CINEMA001417,locality,South,Karnataka,Gajendragad,,
N,"Qube Anjan Theatre, Bangalore, Karnataka",CINEMA001418,locality,South,Karnataka,Bangalore,,560023
N,"Qube Arkavathi Theatre, Kanakapura, Karnataka",CINEMA001419,locality,South,Karnataka,Kanakapura,,562117
N,"Qube Ashoka Theatre, Davanagere, Karnataka",CINEMA001420,locality,South,Karnataka,Davanagere,,577006
N,"Qube Bala Picture House, Hospet, Karnataka",CINEMA001421,locality,South,Karnataka,Hospet,,583201
N,"Qube Balaji Chitra Mandir Rural, Bangalore Rural, Karnataka",CINEMA001422,locality,South,Karnataka,Bangalore Rural,,560061
N,"Qube Balaji Chitra Mandira, Bangalore, Karnataka",CINEMA001423,locality,South,Karnataka,Bangalore,,
N,"Qube Balaji Cinemas Screen 1, Bangalore, Karnataka",CINEMA001424,locality,South,Karnataka,Bangalore,,560061
N,"Qube Balaji Picture Palace, Siruguppa, Karnataka",CINEMA001425,locality,South,Karnataka,Siruguppa,,583121
N,"Qube Benaka Cinemas, Malur, Karnataka",CINEMA001426,locality,South,Karnataka,Malur,,563130
N,"Qube Bhagyalakshmi Chitra Mandira, Sira, Karnataka",CINEMA001427,locality,South,Karnataka,Sira,,
N,"Qube Bharath Chitra Mandira, Raichur, Karnataka",CINEMA001428,locality,South,Karnataka,Raichur,,
N,"Qube Bharath Cinemas Screen 1, Puttur, Karnataka",CINEMA001429,locality,South,Karnataka,Puttur,,574201
N,"Qube Bharathi Talkies - Mandya, Mandya, Karnataka",CINEMA001430,locality,South,Karnataka,Mandya,,
N,"Qube Chandrahas Theatre - Gangavathi, Gangavathi, Karnataka",CINEMA001431,locality,South,Karnataka,Gangavathi,,
N,"Qube Channambika Chitra Mandira, Holenarasipura, Karnataka",CINEMA001432,locality,South,Karnataka,Holenarasipura,,
N,"Qube DRC Cinemas(Keystone Entertainment)Scr 1, Mysore, Karnataka",CINEMA001433,locality,South,Karnataka,Mysore,,570012
N,"Qube Empire Cinema, Lingasugur, Karnataka",CINEMA001434,locality,South,Karnataka,Lingasugur,,584122
N,"Qube Ganga Theatre, Bellary, Karnataka",CINEMA001435,locality,South,Karnataka,Bellary,,583101
N,"Qube Gayatri Talkies, Channarayapatna, Karnataka",CINEMA001436,locality,South,Karnataka,Channarayapatna,,573116
N,"Qube Govardhan Talkies, Bangalore, Karnataka",CINEMA001437,locality,South,Karnataka,Bangalore,,560022
N,"Qube Gowri Shankara Chitramandira, Bangalore, Karnataka",CINEMA001438,locality,South,Karnataka,Bangalore,,560024
N,"Qube H.C Shankarappa & Sons Theatre Guru Shree, Mandya, Karnataka",CINEMA001439,locality,South,Karnataka,Mandya,,571401
N,"Qube Janata Talkies, Annigeri, Karnataka",CINEMA001440,locality,South,Karnataka,Annigeri,,
N,"Qube Jayashree Theatre, Shahapur, Karnataka",CINEMA001441,locality,South,Karnataka,Shahapur,,
N,"Qube Kanakadurga Talkies AC Dts, Gangavati, Karnataka",CINEMA001442,locality,South,Karnataka,Gangavati,,583227
N,"Qube Kiran Chitra Mandir, Shikaripura, Karnataka",CINEMA001443,locality,South,Karnataka,Shikaripura,,
N,"Qube Kokila Chitra Mandira, Mandya, Karnataka",CINEMA001444,locality,South,Karnataka,Mandya,,
N,"Qube Lakshmi Chitra Mandira, Mandya, Karnataka",CINEMA001445,locality,South,Karnataka,Mandya,,
N,"Qube Mahadeswara Theatre, Mysore, Karnataka",CINEMA001446,locality,South,Karnataka,Mysore,,571107
N,"Qube Mahalakshmi Theatre, Mandya, Karnataka",CINEMA001447,locality,South,Karnataka,Mandya,,571430
N,"Qube Mahalakshmi Theatre, Gadag, Karnataka",CINEMA001448,locality,South,Karnataka,Gadag,,
N,"Qube Mahaveer Theatre, Mandya, Karnataka",CINEMA001449,locality,South,Karnataka,Mandya,,571401
N,"Qube Manjunath Talkies, Raichur, Karnataka",CINEMA001450,locality,South,Karnataka,Raichur,,
N,"Qube Maruthi Chitra Mandira, Mandya, Karnataka",CINEMA001451,locality,South,Karnataka,Mandya,,
N,"Qube Milan Theatre, Chikkamagalur, Karnataka",CINEMA001452,locality,South,Karnataka,Chikkamagalur,,
N,"Qube Mohan Theatre, Bangalore, Karnataka",CINEMA001453,locality,South,Karnataka,Bangalore,,
N,"Qube Murugan Talkies, T Narasipura, Karnataka",CINEMA001454,locality,South,Karnataka,T Narasipura,,
N,"Qube N Lakshmi Chitra Mandira, Bangalore, Karnataka",CINEMA001455,locality,South,Karnataka,Bangalore,,560083
N,"Qube Nartaki Theatre, Bangalore, Karnataka",CINEMA001456,locality,South,Karnataka,Bangalore,,560009
N,"Qube Nataraj Theatre, Bellary, Karnataka",CINEMA001457,locality,South,Karnataka,Bellary,,
N,"Qube Padma Chitra Mandira, Mysore, Karnataka",CINEMA001458,locality,South,Karnataka,Mysore,,
N,"Qube Padma Cinema, Kunigal, Karnataka",CINEMA001459,locality,South,Karnataka,Kunigal,,572130
N,"Qube Poornima Janatha Theatre, Turuvekere, Karnataka",CINEMA001460,locality,South,Karnataka,Turuvekere,,572227
N,"Qube Poornima Theatre, Raichur, Karnataka",CINEMA001461,locality,South,Karnataka,Raichur,,584102
N,"Qube Prakash Chitra Mandira, Bangalore, Karnataka",CINEMA001462,locality,South,Karnataka,Bangalore,,
N,"Qube Pravin Chitra Mandira, Yelburga, Karnataka",CINEMA001463,locality,South,Karnataka,Yelburga,,
N,"Qube Pruthvi Theatre, Hassan, Karnataka",CINEMA001464,locality,South,Karnataka,Hassan,,573201
N,"Qube Pushpanjali Theatre, Bangalore, Karnataka",CINEMA001465,locality,South,Karnataka,Bangalore,,560016
N,"Qube R R Multiplex Screen 1, Bellary, Karnataka",CINEMA001466,locality,South,Karnataka,Bellary,,583101
N,"Qube Radhika AC Dts, Bellary, Karnataka",CINEMA001467,locality,South,Karnataka,Bellary,,583101
N,"Qube Rajkamal Premier Picture House, Mysore, Karnataka",CINEMA001468,locality,South,Karnataka,Mysore,,570001
N,"Qube Ramakrishna Picture Palace, Siruguppa, Karnataka",CINEMA001469,locality,South,Karnataka,Siruguppa,,583121
N,"Qube Rangamahal Chitramandira, Gownipalli, Karnataka",CINEMA001470,locality,South,Karnataka,Gownipalli,,563161
N,"Qube Rathna Talkies, Hassan, Karnataka",CINEMA001471,locality,South,Karnataka,Hassan,,573103
N,"Qube Ravi Chitra Mandira, Gadag, Karnataka",CINEMA001472,locality,South,Karnataka,Gadag,,
N,"Qube RKN Chitra Mandira, Gudebande, Karnataka",CINEMA001473,locality,South,Karnataka,Gudebande,,561209
N,"Qube Rockline Audi 1, Bangalore, Karnataka",CINEMA001474,locality,South,Karnataka,Bangalore,,560066
N,"Qube S L N Theatre, Chintamani, Karnataka",CINEMA001475,locality,South,Karnataka,Chintamani,,
N,"Qube Sadhana Talkies, Arasikare, Karnataka",CINEMA001476,locality,South,Karnataka,Arasikare,,
N,"Qube Sahyadri Theatre, Hassan, Karnataka",CINEMA001477,locality,South,Karnataka,Hassan,,573201
N,"Qube Sanjaya Theatre, Mandya, Karnataka",CINEMA001478,locality,South,Karnataka,Mandya,,571401
N,"Qube Santosh Chitra Mandira, Bangalore, Karnataka",CINEMA001479,locality,South,Karnataka,Bangalore,,560061
N,"Qube Santosh Theatre, Bangalore, Karnataka",CINEMA001480,locality,South,Karnataka,Bangalore,,560009
N,"Qube Sapna Multiplex Screen 1, Bidar, Karnataka",CINEMA001481,locality,South,Karnataka,Bidar,,
N,"Qube Sapna Theatre, Bangalore, Karnataka",CINEMA001482,locality,South,Karnataka,Bangalore,,560009
N,"Qube Sapthagiri Cinema, Sira, Karnataka",CINEMA001483,locality,South,Karnataka,Sira,,572137
N,"Qube SBG Theatre, Hassan, Karnataka",CINEMA001484,locality,South,Karnataka,Hassan,,
N,"Qube Shaan Theatre, Ramanagara, Karnataka",CINEMA001485,locality,South,Karnataka,Ramanagara,,562159
N,"Qube Shankar Talkies, Byndoor, Karnataka",CINEMA001486,locality,South,Karnataka,Byndoor,,
N,"Qube Shanthi Picture House, Mysore, Karnataka",CINEMA001487,locality,South,Karnataka,Mysore,,570011
N,"Qube Sharada Theatre, Kolar, Karnataka",CINEMA001488,locality,South,Karnataka,Kolar,,563101
N,"Qube Shiva Theatre, Bellary, Karnataka",CINEMA001489,locality,South,Karnataka,Bellary,,
N,"Qube Shiva Theatre, Koppal, Karnataka",CINEMA001490,locality,South,Karnataka,Koppal,,583231
N,"Qube Shive Cinema, Koppal, Karnataka",CINEMA001491,locality,South,Karnataka,Koppal,,583229
N,"Qube Shree Balaji Theatre, Malur, Karnataka",CINEMA001492,locality,South,Karnataka,Malur,,
N,"Qube Shree Bhramaramba Talkies, Chamarajanagar, Karnataka",CINEMA001493,locality,South,Karnataka,Chamarajanagar,,571129
N,"Qube Shree Shakti Talkies, Bagalkot, Karnataka",CINEMA001494,locality,South,Karnataka,Bagalkot,,587101
N,"Qube Shree Shankar Talkies, Ranebennuru, Karnataka",CINEMA001495,locality,South,Karnataka,Ranebennuru,,581115
N,"Qube Shree Talkies, Shimoga, Karnataka",CINEMA001496,locality,South,Karnataka,Shimoga,,577401
N,"Qube Shri Girijashankar Talkies, Muddebihal, Karnataka",CINEMA001497,locality,South,Karnataka,Muddebihal,,586212
N,"Qube Shri Krishna Talkies, Hosaritti, Karnataka",CINEMA001498,locality,South,Karnataka,Hosaritti,,
N,"Qube Simha Movie Paradise, Chamarajanagar, Karnataka",CINEMA001499,locality,South,Karnataka,Chamarajanagar,,
N,"Qube SLN Theatre, Bangalore, Karnataka",CINEMA001500,locality,South,Karnataka,Bangalore,,
N,"Qube Someswara Theatre, Mandya, Karnataka",CINEMA001501,locality,South,Karnataka,Mandya,,
N,"Qube Sree Mahadeswara Chitra Mandira, Bangalore, Karnataka",CINEMA001502,locality,South,Karnataka,Bangalore,,
N,"Qube Sri Adarsha Chitra Mandira, Chikkaballapur, Karnataka",CINEMA001503,locality,South,Karnataka,Chikkaballapur,,
N,"Qube Sri Annapoorneswari Chitra Mandira, Anekal, Karnataka",CINEMA001504,locality,South,Karnataka,Anekal,,560105
N,"Qube Sri Balaji Chitra Mandira, Dommasandra, Karnataka",CINEMA001505,locality,South,Karnataka,Dommasandra,,562125
N,"Qube Sri Basaveshwara Chitra Mandira, Mandya, Karnataka",CINEMA001506,locality,South,Karnataka,Mandya,,
N,"Qube Sri Basaveshwara Theatre, Chamarajanagar, Karnataka",CINEMA001507,locality,South,Karnataka,Chamarajanagar,,571313
N,"Qube Sri Basaveswara Picture Palace, Horpet, Karnataka",CINEMA001508,locality,South,Karnataka,Horpet,,
N,"Qube Sri Beereshwara Chitra Mandira, Mandya, Karnataka",CINEMA001509,locality,South,Karnataka,Mandya,,
N,"Qube Sri Bhavani Talkies, Kolar, Karnataka",CINEMA001510,locality,South,Karnataka,Kolar,,563114
N,"Qube Sri Chandrashekara Chitramandira, Bangalore, Karnataka",CINEMA001511,locality,South,Karnataka,Bangalore,,560087
N,"Qube Sri Gourishankar Chitramandira, Bangalore, Karnataka",CINEMA001512,locality,South,Karnataka,Bangalore,,
N,"Qube Sri Hemadri Chitra Mandira(Rathna Mahal), Mysore, Karnataka",CINEMA001513,locality,South,Karnataka,Mysore,,571429
N,"Qube Sri K J B Picture Palace - Mandya, Mandya, Karnataka",CINEMA001514,locality,South,Karnataka,Mandya,,
N,"Qube Sri Krishna Chitra Mandira, Bangalore, Karnataka",CINEMA001515,locality,South,Karnataka,Bangalore,,560061
N,"Qube Sri Krishna Talkies, Kollegal, Karnataka",CINEMA001516,locality,South,Karnataka,Kollegal,,571440
N,"Qube Sri Lakshmi Chitra Mandira, Koppal, Karnataka",CINEMA001517,locality,South,Karnataka,Koppal,,
N,"Qube Sri Lakshmi Picture Palace, Hospet, Karnataka",CINEMA001518,locality,South,Karnataka,Hospet,,
N,"Qube Sri Laxmi Chitramandira, Channagiri, Karnataka",CINEMA001519,locality,South,Karnataka,Channagiri,,577213
N,"Qube Sri Lakshmi Venkateswara Talkies, Bellary, Karnataka",CINEMA001520,locality,South,Karnataka,Bellary,,583103
N,"Qube Sri Mahadeswaraswamy Picture House, Periyapatna, Karnataka",CINEMA001521,locality,South,Karnataka,Periyapatna,,571107
N,"Qube Sri Mallikarjuna Mandira, Shimoga, Karnataka",CINEMA001522,locality,South,Karnataka,Shimoga,,577201
N,"Qube Sri Natraj Talkies, Jagaluru, Karnataka",CINEMA001523,locality,South,Karnataka,Jagaluru,,
N,"Qube Sri Radhakrishna Chitra Mandira, Bangalore, Karnataka",CINEMA001524,locality,South,Karnataka,Bangalore,,560061
N,"Qube Sri Radhika Theatre, Kanakgiri, Karnataka",CINEMA001525,locality,South,Karnataka,Kanakgiri,,583283
N,"Qube Sri Rajarajeswari Theatre, Mandya, Karnataka",CINEMA001526,locality,South,Karnataka,Mandya,,571430
N,"Qube Sri Rajmurali Chitra Mandira, Bangalore, Karnataka",CINEMA001527,locality,South,Karnataka,Bangalore,,560092
N,"Qube Sri Sangameswara Chitramandira, Vijayapura, Karnataka",CINEMA001528,locality,South,Karnataka,Vijayapura,,586205
N,"Qube Sri Shankar Talkies, Tumkur, Karnataka",CINEMA001529,locality,South,Karnataka,Tumkur,,
N,"Qube Sri Shankar Talkies, Huvina Hadagali, Karnataka",CINEMA001530,locality,South,Karnataka,Huvina Hadagali,,583219
N,"Qube Sri Shyla Theatre, Hiriyur, Karnataka",CINEMA001531,locality,South,Karnataka,Hiriyur,,
N,"Qube Sri Siddalingeswara Chitra Mandira, Bangalore, Karnataka",CINEMA001532,locality,South,Karnataka,Bangalore,,560061
N,"Qube Sri Siddeswara Chitra Mandira, Bangalore, Karnataka",CINEMA001533,locality,South,Karnataka,Bangalore,,560061
N,"Qube Sri Srinivasa Chitra Mandira, Sandur, Karnataka",CINEMA001534,locality,South,Karnataka,Sandur,,
N,"Qube Sri Srinivasa Theatre, Bangalore, Karnataka",CINEMA001535,locality,South,Karnataka,Bangalore,,560067
N,"Qube Sri Veerabhadreshwara Chitra Mandira, Arsikere, Karnataka",CINEMA001536,locality,South,Karnataka,Arsikere,,
N,"Qube Sri Veerabhadreshwara Touring Talkies, Ramapura, Karnataka",CINEMA001537,locality,South,Karnataka,Ramapura,,
N,"Qube Sri Venkateshwara Chitra Mandira, Bangalore, Karnataka",CINEMA001538,locality,South,Karnataka,Bangalore,,560026
N,"Qube Sri Venkateshwara Chitra Mandira, Sathanur, Karnataka",CINEMA001539,locality,South,Karnataka,Sathanur,,560063
N,"Qube Sri Venkateshwara Talkies, Bagepalli, Karnataka",CINEMA001540,locality,South,Karnataka,Bagepalli,,561207
N,"Qube Sri Vinayaka Theatre, Bangalore, Karnataka",CINEMA001541,locality,South,Karnataka,Bangalore,,
N,"Qube Sri Yajamaana Chitra Mandira, Nanjangud, Karnataka",CINEMA001542,locality,South,Karnataka,Nanjangud,,
N,"Qube Srinivasa Chitra Mandira, Bangalore, Karnataka",CINEMA001543,locality,South,Karnataka,Bangalore,,560099
N,"Qube Srinivasa Prasanna Chitra Mandira, Pavagada, Karnataka",CINEMA001544,locality,South,Karnataka,Pavagada,,
N,"Qube Tirumala Chitra Mandira, Bangalore, Karnataka",CINEMA001545,locality,South,Karnataka,Bangalore,,
N,"Qube Uma Theatre, Bellary, Karnataka",CINEMA001546,locality,South,Karnataka,Bellary,,583101
N,"Qube Vainidhi Theatre, Bangalore, Karnataka",CINEMA001547,locality,South,Karnataka,Bangalore,,560013
N,"Qube Vani Talkies, Chikkaballapur, Karnataka",CINEMA001548,locality,South,Karnataka,Chikkaballapur,,
N,"Qube Vani Theatre, Ramanagara, Karnataka",CINEMA001549,locality,South,Karnataka,Ramanagara,,562117
N,"Qube Vasanth Talkies, Davanagere, Karnataka",CINEMA001550,locality,South,Karnataka,Davanagere,,577001
N,"Qube Venkateswara Chitra Mandira, Bangalore, Karnataka",CINEMA001551,locality,South,Karnataka,Bangalore,,560026
N,"Qube Surya Chitra Mandira, Chamarajanagar, Karnataka",CINEMA001552,locality,South,Karnataka,Chamarajanagar,,
N,"Qube Vijaya Talkies, Bangarapet, Karnataka",CINEMA001553,locality,South,Karnataka,Bangarapet,,563114
N,"Qube Vijayalakshmi, Bangalore, Karnataka",CINEMA001554,locality,South,Karnataka,Bangalore,,
N,"Qube Vijayalakshmi Theatre, Toranagallu, Karnataka",CINEMA001555,locality,South,Karnataka,Toranagallu,,583123
N,"Qube Vinayaka Chitra Mandira, Mysore, Karnataka",CINEMA001556,locality,South,Karnataka,Mysore,,
N,"Qube Vinayaka Chitra Mandira, Bangalore, Karnataka",CINEMA001557,locality,South,Karnataka,Bangalore,,
N,"Qube Vinayaka Talkies, Chikkamagalur, Karnataka",CINEMA001558,locality,South,Karnataka,Chikkamagalur,,577301
N,"Qube Vjai Bhagavan Talkies, Mysore, Karnataka",CINEMA001559,locality,South,Karnataka,Mysore,,
N,"Qube Woodland Cineplex, Siddapura, Karnataka",CINEMA001560,locality,South,Karnataka,Siddapura,,571253
N,"Qube Woodlands Theatre, Mysore, Karnataka",CINEMA001561,locality,South,Karnataka,Mysore,,570001
N,"Qube Yashasvi Theatre, Shanivarsanthe, Karnataka",CINEMA001562,locality,South,Karnataka,Shanivarsanthe,,571235
N,"Qube Aashirvad Cineplexx Screen 1, Tiruvalla, Kerala",CINEMA001563,locality,South,Kerala,Tiruvalla,,689101
N,"Qube Aashish Theatre, Perumbavoor, Kerala",CINEMA001564,locality,South,Kerala,Perumbavoor,,
N,"Qube Aashish Theatre, Thodupuzha, Kerala",CINEMA001565,locality,South,Kerala,Thodupuzha,,685584
N,"Qube Abhilash Theatre, Mukkam, Kerala",CINEMA001566,locality,South,Kerala,Mukkam,,
N,"Qube Aiswarya Theatre, Kattappana, Kerala",CINEMA001567,locality,South,Kerala,Kattappana,,685508
N,"Qube Alakode Film City Screen 1, Alakode, Kerala",CINEMA001568,locality,South,Kerala,Alakode,,
N,"Qube Alex Cinemas, Pattambi, Kerala",CINEMA001569,locality,South,Kerala,Pattambi,,679306
N,"Qube Alex Movies, Pattambi, Kerala",CINEMA001570,locality,South,Kerala,Pattambi,,
N,"Qube Alinkeel Paradise Screen 2, Kannur, Kerala",CINEMA001571,locality,South,Kerala,Kannur,,
N,"Qube Alinkeel Theatre Screen 1, Taliparamba, Kerala",CINEMA001572,locality,South,Kerala,Taliparamba,,
N,"Qube Ambadi Theatre, Kozhikode, Kerala",CINEMA001573,locality,South,Kerala,Kozhikode,,673305
N,"Qube Anchani Cinemas Screen 1, Pallickathodu, Kerala",CINEMA001574,locality,South,Kerala,Pallickathodu,,686503
N,"Qube Anisha Theatre, Thodupuzha, Kerala",CINEMA001575,locality,South,Kerala,Thodupuzha,,
N,"Qube Anisha Theatre (Formerly Aashirvad Cineplexx ), Perumbavoor, Kerala",CINEMA001576,locality,South,Kerala,Perumbavoor,,
N,"Qube Annas Theatre, Mukkam, Kerala",CINEMA001577,locality,South,Kerala,Mukkam,,673602
N,"Qube Anoograha Theatre, Tirur, Kerala",CINEMA001578,locality,South,Kerala,Tirur,,676104
N,"Qube AR Cinemas Screen 1, Calicut, Kerala",CINEMA001579,locality,South,Kerala,Calicut,,
N,"Qube Aries Plex - Audi 2, Thiruvananthapuram, Kerala",CINEMA001580,locality,South,Kerala,Thiruvananthapuram,,695035
N,"Qube Aroma Screen 2, Palakkad, Kerala",CINEMA001581,locality,South,Kerala,Palakkad,,
N,"Qube Aroma Theatre, Palakkad, Kerala",CINEMA001582,locality,South,Kerala,Palakkad,,678001
N,"Qube Ashok CNC Screen 2, Vadakara, Kerala",CINEMA001583,locality,South,Kerala,Vadakara,,673101
N,"Qube B M Cinemas Screen 1, Kakkattil, Kerala",CINEMA001584,locality,South,Kerala,Kakkattil,,673507
N,"Qube Bala Cinemas Screen 1, Kalladikode, Kerala",CINEMA001585,locality,South,Kerala,Kalladikode,,678596
N,"Qube Blue Moon Theatre Screen 1, Pulpally, Kerala",CINEMA001586,locality,South,Kerala,Pulpally,,673579
N,"Qube Brahmakulam Theatre, Kanjani, Kerala",CINEMA001587,locality,South,Kerala,Kanjani,,680612
N,"Qube Carnival Cinemas - Blue Audi - Kollam, Kollam, Kerala",CINEMA001588,locality,South,Kerala,Kollam,,691305
N,"Qube Carnival Cinemas - Red Audi - Kollam, Kollam, Kerala",CINEMA001589,locality,South,Kerala,Kollam,,691305
N,"Qube Carnival Cinemas Screen 1, Angamaly, Kerala",CINEMA001590,locality,South,Kerala,Angamaly,,683572
N,"Qube Magic Frames Cinemas formally know as Carnival Cinemas Screen 1, Thalassery, Kerala",CINEMA001591,locality,South,Kerala,Thalassery,,
N,"Qube Carnival Cinemas Screen 1, Thalayolaparambu, Kerala",CINEMA001592,locality,South,Kerala,Thalayolaparambu,,686605
N,"Qube Carnival Cinemas Screen 2, Angamaly, Kerala",CINEMA001593,locality,South,Kerala,Angamaly,,683572
N,"Qube Magic Frames Cinemas formally know as Carnival Cinemas Screen 2, Thalassery, Kerala",CINEMA001594,locality,South,Kerala,Thalassery,,
N,"Qube Carnival Cinemas Screen 2, Thalayolaparambu, Kerala",CINEMA001595,locality,South,Kerala,Thalayolaparambu,,686605
N,"Qube Carnival Cinemas Screen 3, Angamaly, Kerala",CINEMA001596,locality,South,Kerala,Angamaly,,683572
N,"Qube Magic Frames Cinemas formally know as Carnival Cinemas Screen 3, Thalassery, Kerala",CINEMA001597,locality,South,Kerala,Thalassery,,
N,"Qube Central Talkies Screen 1, Trippunithura, Kerala",CINEMA001598,locality,South,Kerala,Trippunithura,,682301
N,"Qube Chandana Cinema, Marayoor, Kerala",CINEMA001599,locality,South,Kerala,Marayoor,,
N,"Qube Chellam Theatre, Puthoor, Kerala",CINEMA001600,locality,South,Kerala,Puthoor,,691507
N,"Qube CITY CINEMAS, Anakatty, Kerala",CINEMA001601,locality,South,Kerala,Anakatty,,
N,"Qube City Mall Cinemas Screen 1, Tamaracheri, Kerala",CINEMA001602,locality,South,Kerala,Tamaracheri,,
N,"Qube Cowmalaya Theatre Screen 1, Palakkad, Kerala",CINEMA001603,locality,South,Kerala,Palakkad,,678555
N,"Qube Davis Theatre Screen 1, Thrissur, Kerala",CINEMA001604,locality,South,Kerala,Thrissur,,
N,"Qube Deevaraagam Theatre, Peringottukara, Kerala",CINEMA001605,locality,South,Kerala,Peringottukara,,
N,"Qube Dev Cineplex, Pattambi, Kerala",CINEMA001606,locality,South,Kerala,Pattambi,,
N,"Qube Deva Theatre, Peringottukara, Kerala",CINEMA001607,locality,South,Kerala,Peringottukara,,680571
N,"Qube Devaki Cinemax, Manjeri, Kerala",CINEMA001608,locality,South,Kerala,Manjeri,,676123
N,"Qube Devi Theatre, Cherpalcheri, Kerala",CINEMA001609,locality,South,Kerala,Cherpalcheri,,
N,"Qube Dreamax Cinemas Screen 1, Thrissur, Kerala",CINEMA001610,locality,South,Kerala,Thrissur,,679105
N,"Qube Dwaraka Theatre, Koyilandy, Kerala",CINEMA001611,locality,South,Kerala,Koyilandy,,673305
N,"Qube Fairy Land Theatre Screen 2, Nilambur, Kerala",CINEMA001612,locality,South,Kerala,Nilambur,,679329
N,"Qube Four Star Movies Screen 1, Manjapra, Kerala",CINEMA001613,locality,South,Kerala,Manjapra,,683581
N,"Qube Fun Movies Screen 1, Thrissur, Kerala",CINEMA001614,locality,South,Kerala,Thrissur,,680306
N,"Qube G Cinemas Screen 1, Kothamangalam, Kerala",CINEMA001615,locality,South,Kerala,Kothamangalam,,686691
N,"Qube G Cinemas Screen 1, Kochi, Kerala",CINEMA001616,locality,South,Kerala,Kochi,,682002
N,"Qube G Cinemas Screen 2, Kothamangalam, Kerala",CINEMA001617,locality,South,Kerala,Kothamangalam,,
N,"Qube G Cinemas Screen 2, Kochi, Kerala",CINEMA001618,locality,South,Kerala,Kochi,,682002
N,"Qube G max Cinemas Screen 1, Thodupuzha, Kerala",CINEMA001619,locality,South,Kerala,Thodupuzha,,
N,"Qube Galaxy Cinemas Screen 1, Pookkottumpadam, Kerala",CINEMA001620,locality,South,Kerala,Pookkottumpadam,,
N,"Qube Ganam Movies, Kuriachira, Kerala",CINEMA001621,locality,South,Kerala,Kuriachira,,
N,"Qube Geetha Cinemax Screen 1, Kozhinjampara, Kerala",CINEMA001622,locality,South,Kerala,Kozhinjampara,,678555
N,"Qube Girija Stadium Theatre, Thrissur, Kerala",CINEMA001623,locality,South,Kerala,Thrissur,,680014
N,"Qube Gopalakrishna Theatre, Manjeri, Kerala",CINEMA001624,locality,South,Kerala,Manjeri,,
N,"Qube Govinda Talkies Screen 1, Edapal, Kerala",CINEMA001625,locality,South,Kerala,Edapal,,679576
N,"Qube Graand Multi Screens - Audi 1, Chalakudy, Kerala",CINEMA001626,locality,South,Kerala,Chalakudy,,682305
N,"Qube Greenland Cinema, Thodupuzha, Kerala",CINEMA001627,locality,South,Kerala,Thodupuzha,,685602
N,"Qube H.K Cinemas, Pothencode, Kerala",CINEMA001628,locality,South,Kerala,Pothencode,,695584
N,"Qube Harisree Theatre, Thiruvananthapuram, Kerala",CINEMA001629,locality,South,Kerala,Thiruvananthapuram,,695582
N,"Qube IMP Big Screen, Parassala, Kerala",CINEMA001630,locality,South,Kerala,Parassala,,695502
N,"Qube J M Movies Screen 1, Mookkannur, Kerala",CINEMA001631,locality,South,Kerala,Mookkannur,,683577
N,"Qube Jacobs Theatre, Kavumbhagam, Kerala",CINEMA001632,locality,South,Kerala,Kavumbhagam,,
N,"Qube Jayabharath Movies, Palakkad, Kerala",CINEMA001633,locality,South,Kerala,Palakkad,,678683
N,"Qube Jayabharath Theatre Screen 1, Palakkad, Kerala",CINEMA001634,locality,South,Kerala,Palakkad,,
N,"Qube Jayakerala Theatre, Malappuram, Kerala",CINEMA001635,locality,South,Kerala,Malappuram,,676303
N,"Qube Jayashree Theatre, Guruvayur, Kerala",CINEMA001636,locality,South,Kerala,Guruvayur,,680101
N,"Qube JM Movie Screen 2, Mookkannur, Kerala",CINEMA001637,locality,South,Kerala,Mookkannur,,683577
N,"Qube Jose Cinemas Screen 1, Mananthavady, Kerala",CINEMA001638,locality,South,Kerala,Mananthavady,,670645
N,"Qube Kairali Theatre, North Paravoor, Kerala",CINEMA001639,locality,South,Kerala,North Paravoor,,
N,"Qube Kairali Theatre, Chittor PG, Kerala",CINEMA001640,locality,South,Kerala,Chittor PG,,
N,"Qube Kairali Theatre (Extreme), Manjeri, Kerala",CINEMA001641,locality,South,Kerala,Manjeri,,676121
N,"Qube Kairali Theatre (Lexus), Manjeri, Kerala",CINEMA001642,locality,South,Kerala,Manjeri,,676121
N,"Qube Kalpaka Theatre, Kozhikode, Kerala",CINEMA001643,locality,South,Kerala,Kozhikode,,
N,"Qube KAM Movies, Vadakkencherry, Kerala",CINEMA001644,locality,South,Kerala,Vadakkencherry,,678683
N,"Qube Karthika Film City Screen 1, Valanchery, Kerala",CINEMA001645,locality,South,Kerala,Valanchery,,
N,"Qube Kaveri Cinema Screen 1, Kasaragod, Kerala",CINEMA001646,locality,South,Kerala,Kasaragod,,
N,"Qube Kenzo Plex, Kuttanad, Kerala",CINEMA001647,locality,South,Kerala,Kuttanad,,
N,"Qube Kripa Movies, Kurumassery, Kerala",CINEMA001648,locality,South,Kerala,Kurumassery,,
N,"Qube Krishna Cineplex, Pattambi, Kerala",CINEMA001649,locality,South,Kerala,Pattambi,,679303
N,"Qube Krishna Theatre, Karunagappally, Kerala",CINEMA001650,locality,South,Kerala,Karunagappally,,690518
N,"Qube Layam Cinemas, Kattakada, Kerala",CINEMA001651,locality,South,Kerala,Kattakada,,
N,"Qube Leena Theatre - Screen 1, Kottakkal, Kerala",CINEMA001652,locality,South,Kerala,Kottakkal,,676503
N,"Qube Little Rose Theatre, Mukkam, Kerala",CINEMA001653,locality,South,Kerala,Mukkam,,673602
N,"Qube Mahalakshmi Cinemas Screen 1, Thrissur, Kerala",CINEMA001654,locality,South,Kerala,Thrissur,,680731
N,"Qube Majestic Theatre Screen 1, Kochi, Kerala",CINEMA001655,locality,South,Kerala,Kochi,,
N,"Qube Mallika Theatre Screen 1, Cheruvannur, Kerala",CINEMA001656,locality,South,Kerala,Cheruvannur,,673631
N,"Qube Max Screen 1, Kasaragod, Kerala",CINEMA001657,locality,South,Kerala,Kasaragod,,
N,"Qube Milan Cinemas Screen 1, Mannarkkad, Kerala",CINEMA001658,locality,South,Kerala,Mannarkkad,,
N,"Qube Minerva Cinemas Screen 2, Kottarakkara, Kerala",CINEMA001659,locality,South,Kerala,Kottarakkara,,691506
N,"Qube MT Cineplex Screen 1, Pothencode, Kerala",CINEMA001660,locality,South,Kerala,Pothencode,,695584
N,"Qube N. S. Talkies, Kannur, Kerala",CINEMA001661,locality,South,Kerala,Kannur,,670643
N,"Qube Mallika Plex Screen 1, Malappuram, Kerala",CINEMA001662,locality,South,Kerala,Malappuram,,673631
N,"Qube New Aroma Theatre, Palakkad, Kerala",CINEMA001663,locality,South,Kerala,Palakkad,,
N,"Qube New Central Talkies Screen 1, Trippunithura, Kerala",CINEMA001664,locality,South,Kerala,Trippunithura,,682301
N,"Qube New Kavitha Theatre, Kozhikode, Kerala",CINEMA001665,locality,South,Kerala,Kozhikode,,673586
N,"Qube New Theatre Screen 1, Pudunagaram, Kerala",CINEMA001666,locality,South,Kerala,Pudunagaram,,
N,"Qube New Vinayaga Screen 2, Kanhangad, Kerala",CINEMA001667,locality,South,Kerala,Kanhangad,,671315
N,"Qube Nice Movie House, Thalayolaparambu, Kerala",CINEMA001668,locality,South,Kerala,Thalayolaparambu,,686605
N,"Qube Okaz Theatre, Palakkad, Kerala",CINEMA001669,locality,South,Kerala,Palakkad,,678582
N,"Qube One Two One Plus Film Screen 1, Vatakara, Kerala",CINEMA001670,locality,South,Kerala,Vatakara,,
N,"Qube Pakkanar Talkies, Kasaragod, Kerala",CINEMA001671,locality,South,Kerala,Kasaragod,,671313
N,"Qube Pallavi Theatre, Malappuram, Kerala",CINEMA001672,locality,South,Kerala,Malappuram,,676303
N,"Qube Pan Cinemas Screen 1, Alappuzha, Kerala",CINEMA001673,locality,South,Kerala,Alappuzha,,688013
N,"Qube Pan Cinemas Screen 1, Arakunnam, Kerala",CINEMA001674,locality,South,Kerala,Arakunnam,,
N,"Qube Pan Cinemas Screen 2, Alappuzha, Kerala",CINEMA001675,locality,South,Kerala,Alappuzha,,
N,"Qube Pan Cinemas Screen 2, Arakunnam, Kerala",CINEMA001676,locality,South,Kerala,Arakunnam,,
N,"Qube Pan Cinemas Screen 3, Alappuzha, Kerala",CINEMA001677,locality,South,Kerala,Alappuzha,,688013
N,"Qube Paradise Cinema Screen 1, Cherthala, Kerala",CINEMA001678,locality,South,Kerala,Cherthala,,688524
N,"Qube PEE CEE Talkies Screen 1, Mukkom, Kerala",CINEMA001679,locality,South,Kerala,Mukkom,,
N,"Qube Penta Cinemas - Blue, Pulpally, Kerala",CINEMA001680,locality,South,Kerala,Pulpally,,673579
N,"Qube Penta Cinemas - Green, Pulpally, Kerala",CINEMA001681,locality,South,Kerala,Pulpally,,
N,"Qube Penta Cinemas - Red, Pulpally, Kerala",CINEMA001682,locality,South,Kerala,Pulpally,,673579
N,"Qube Pranav Theatre, Thodupuzha, Kerala",CINEMA001683,locality,South,Kerala,Thodupuzha,,
N,"Qube Pranavam Theatre, Kollam, Kerala",CINEMA001684,locality,South,Kerala,Kollam,,
N,"Qube Mallika Plex Tela 1 formerly known as Preethi Chitralaya Theatre, Malappuram, Kerala",CINEMA001685,locality,South,Kerala,Malappuram,,
N,"Qube Premier M Plex Screen 2, Thiruvananthapuram, Kerala",CINEMA001686,locality,South,Kerala,Thiruvananthapuram,,695036
N,"Qube Priya Theatre, Palakkad, Kerala",CINEMA001687,locality,South,Kerala,Palakkad,,
N,"Qube Priyadarshini Theatre, Palakkad, Kerala",CINEMA001688,locality,South,Kerala,Palakkad,,
N,"Qube Priyathama Theatre, Palakkad, Kerala",CINEMA001689,locality,South,Kerala,Palakkad,,678001
N,"Qube Mallika Plex Screen 2, Malappuram, Kerala",CINEMA001690,locality,South,Kerala,Malappuram,,673631
N,"Qube Radha Picture Palace, Calicut, Kerala",CINEMA001691,locality,South,Kerala,Calicut,,673001
N,"Qube Rajadhani Cinema, Kannur, Kerala",CINEMA001692,locality,South,Kerala,Kannur,,
N,"Qube Rajadhani Miniplex, Kannur, Kerala",CINEMA001693,locality,South,Kerala,Kannur,,670643
N,"Qube Rani Theatre Screen 1, Nedumangad, Kerala",CINEMA001694,locality,South,Kerala,Nedumangad,,695561
N,"Qube RD Cinemas Screen 1, Mundakayam, Kerala",CINEMA001695,locality,South,Kerala,Mundakayam,,686513
N,"Qube Rose Cine Palace Screen 1, Mukkam, Kerala",CINEMA001696,locality,South,Kerala,Mukkam,,673602
N,"Qube RP Aashirvad Cineplex Screen 1, Kozhikode, Kerala",CINEMA001697,locality,South,Kerala,Kozhikode,,673004
N,"Qube Sandhya Cine House, Balusseri, Kerala",CINEMA001698,locality,South,Kerala,Balusseri,,673612
N,"Qube Sandra Movie House, Mavelikara, Kerala",CINEMA001699,locality,South,Kerala,Mavelikara,,690102
N,"Qube Sangam Movies, Edavanna, Kerala",CINEMA001700,locality,South,Kerala,Edavanna,,676541
N,"Qube Sangeeth Movies, Malappuram, Kerala",CINEMA001701,locality,South,Kerala,Malappuram,,673638
N,"Qube Sangeeth Screen 2 - Lumiere, Kottackal, Kerala",CINEMA001702,locality,South,Kerala,Kottackal,,
N,"Qube S Cinema formally known as Santhi Theatre, Konni, Kerala",CINEMA001703,locality,South,Kerala,Konni,,
N,"Qube Saptha Tharang Cinema, Kuttanad, Kerala",CINEMA001704,locality,South,Kerala,Kuttanad,,
N,"Qube Sarada Movies Screen 1, Edapal, Kerala",CINEMA001705,locality,South,Kerala,Edapal,,679576
N,"Qube Savitha Movie Magic, Kechery, Kerala",CINEMA001706,locality,South,Kerala,Kechery,,680501
N,"Qube Savitha Theatre, Ernakulam, Kerala",CINEMA001707,locality,South,Kerala,Ernakulam,,682018
N,"Qube Shivadham Cinemas Screen 1, Urakam, Kerala",CINEMA001708,locality,South,Kerala,Urakam,,
N,"Qube Sree Dhanalakshmi Theatre Velanthavala, Palakkad, Kerala",CINEMA001709,locality,South,Kerala,Palakkad,,678557
N,"Qube Sree Kaleeswary Cinemas - Screen 1, Kodungallur, Kerala",CINEMA001710,locality,South,Kerala,Kodungallur,,680664
N,"Qube Sree Muruga Movies, Chandrapinni, Kerala",CINEMA001711,locality,South,Kerala,Chandrapinni,,
N,"Qube Sree Theatre, North Paravoor, Kerala",CINEMA001712,locality,South,Kerala,North Paravoor,,683513
N,"Qube Sree Theatre, Chittor PG, Kerala",CINEMA001713,locality,South,Kerala,Chittor PG,,
N,"Qube Sreedevi Theatre, Manjeri, Kerala",CINEMA001714,locality,South,Kerala,Manjeri,,
N,"Qube Sreedhanya Cine Max, Kadakkal, Kerala",CINEMA001715,locality,South,Kerala,Kadakkal,,
N,"Qube Sumangali Cinema, Payyanur, Kerala",CINEMA001716,locality,South,Kerala,Payyanur,,670307
N,"Qube Sumangali Cineplex, Payyanur, Kerala",CINEMA001717,locality,South,Kerala,Payyanur,,670307
N,"Qube Sumangali Miniplex, Payyanur, Kerala",CINEMA001718,locality,South,Kerala,Payyanur,,
N,"Qube Surabhi Cinemas Screen 1, Kozhikode, Kerala",CINEMA001719,locality,South,Kerala,Kozhikode,,
N,"Qube Surya Multiplex -  Screen 1, Nedumangad, Kerala",CINEMA001720,locality,South,Kerala,Nedumangad,,
N,"Qube SV Cinemas Screen 1, Kayamkulam, Kerala",CINEMA001721,locality,South,Kerala,Kayamkulam,,690502
N,"Qube Swaram Cinemas, Kattakada, Kerala",CINEMA001722,locality,South,Kerala,Kattakada,,
N,"Qube Syndicate Cinemas Screen 1, Koppam, Kerala",CINEMA001723,locality,South,Kerala,Koppam,,679335
N,"Qube Thailakshmi Theatre, Punalur, Kerala",CINEMA001724,locality,South,Kerala,Punalur,,691331
N,"Qube Thankam Theatre, Kollengode, Kerala",CINEMA001725,locality,South,Kerala,Kollengode,,678534
N,"Qube Thankaraj theatre, Kollengode, Kerala",CINEMA001726,locality,South,Kerala,Kollengode,,
N,"Qube Thavoos Theatre, Kunnamkulam, Kerala",CINEMA001727,locality,South,Kerala,Kunnamkulam,,680503
N,"Qube Thrilok Cinemas Screen 1, Pandalam, Kerala",CINEMA001728,locality,South,Kerala,Pandalam,,689501
N,"Qube Trinity Cineplex Sceen 1, Pathanamthitta, Kerala",CINEMA001729,locality,South,Kerala,Pathanamthitta,,
N,"Qube Trinity Cineplex Sceen 2, Pathanamthitta, Kerala",CINEMA001730,locality,South,Kerala,Pathanamthitta,,689647
N,"Qube UGM Cinemas Ettumanoor - Screen 1, Ettumanur, Kerala",CINEMA001731,locality,South,Kerala,Ettumanur,,
N,"Qube Usha A/C Cinema, Kollam, Kerala",CINEMA001732,locality,South,Kerala,Kollam,,
N,"Qube Varna Theatre, Thrissur, Kerala",CINEMA001733,locality,South,Kerala,Thrissur,,
N,"Qube Vee Chee Cinemas, Edacheri, Kerala",CINEMA001734,locality,South,Kerala,Edacheri,,
N,"Qube VGM Multiplex Screen- Blue, Kanhangad, Kerala",CINEMA001735,locality,South,Kerala,Kanhangad,,671315
N,"Qube VGM Multiplex Screen- Green, Kanhangad, Kerala",CINEMA001736,locality,South,Kerala,Kanhangad,,671315
N,"Qube VGM Multiplex Screen- Red, Kanhangad, Kerala",CINEMA001737,locality,South,Kerala,Kanhangad,,671315
N,"Qube Victory CKM Screen 1, Peringottukurissi, Kerala",CINEMA001738,locality,South,Kerala,Peringottukurissi,,678573
N,"Qube Vismaya Cine Magix Screen 1, Perinthalmanna, Kerala",CINEMA001739,locality,South,Kerala,Perinthalmanna,,
N,"Qube Vismaya Theatre, Thodupuzha, Kerala",CINEMA001740,locality,South,Kerala,Thodupuzha,,685584
N,"Qube Vismayas Multiplex Screen 1, Haripad, Kerala",CINEMA001741,locality,South,Kerala,Haripad,,690514
N,"Qube Vrindhaaven Theatre Screen 1, Kozhinjampara, Kerala",CINEMA001742,locality,South,Kerala,Kozhinjampara,,
N,"Qube A4 Entertainment Cinemas Screen 1, Satna, Madhya Pradesh",CINEMA001743,locality,Central,Madhya Pradesh,Satna,,
N,"Qube Aarti Cinema, Khargone, Madhya Pradesh",CINEMA001744,locality,Central,Madhya Pradesh,Khargone,,
N,"Qube Alpana Cinema, Bhopal, Madhya Pradesh",CINEMA001745,locality,Central,Madhya Pradesh,Bhopal,,462001
N,"Qube B4 EOS Cinemas Screen 1, Jhabua, Madhya Pradesh",CINEMA001746,locality,Central,Madhya Pradesh,Jhabua,,
N,"Qube Chaitanya Cinema Screen 1, Manawar, Madhya Pradesh",CINEMA001747,locality,Central,Madhya Pradesh,Manawar,,
N,"Qube Cine Square Entertainment Screen 1, Indore, Madhya Pradesh",CINEMA001748,locality,Central,Madhya Pradesh,Indore,,452012
N,"Qube Cineflix Multiplex Screen 1, Datia, Madhya Pradesh",CINEMA001749,locality,Central,Madhya Pradesh,Datia,,475661
N,"Qube EOS Cinemas, Seoni, Madhya Pradesh",CINEMA001750,locality,Central,Madhya Pradesh,Seoni,,480661
N,"Qube Harbor Cinemas Screen 1 formally known as EOS Cinemas, Shahdol, Madhya Pradesh",CINEMA001751,locality,Central,Madhya Pradesh,Shahdol,,
N,"Qube EOS Fortune Cinema, Nagda, Madhya Pradesh",CINEMA001752,locality,Central,Madhya Pradesh,Nagda,,
N,"Qube Gopal Krishna Cineplex - Screen 1, Sarangpur, Madhya Pradesh",CINEMA001753,locality,Central,Madhya Pradesh,Sarangpur,,
N,"Qube I Musica Cinema Screen 1, Shajapur, Madhya Pradesh",CINEMA001754,locality,Central,Madhya Pradesh,Shajapur,,
N,"Qube J.P.Cinema - Screen 1, Chhatarpur, Madhya Pradesh",CINEMA001755,locality,Central,Madhya Pradesh,Chhatarpur,,
N,"Qube Joy Cinemas Screen 1, Kotma, Madhya Pradesh",CINEMA001756,locality,Central,Madhya Pradesh,Kotma,,
N,"Qube Kanchan Shree Talkies, Indore, Madhya Pradesh",CINEMA001757,locality,Central,Madhya Pradesh,Indore,,452009
N,"Qube Kingfisher Cinemas Screen 1, Mandla, Madhya Pradesh",CINEMA001758,locality,Central,Madhya Pradesh,Mandla,,481661
N,"Qube Manorama Cineplex, Shajapur, Madhya Pradesh",CINEMA001759,locality,Central,Madhya Pradesh,Shajapur,,465001
N,"Qube Megh Cinema, Vidisha, Madhya Pradesh",CINEMA001760,locality,Central,Madhya Pradesh,Vidisha,,
N,"Qube Natraj Cinema, Khurai, Madhya Pradesh",CINEMA001761,locality,Central,Madhya Pradesh,Khurai,,
N,"Qube Raj Cinema Bhopal Screen 1, Bhopal, Madhya Pradesh",CINEMA001762,locality,Central,Madhya Pradesh,Bhopal,,
N,"Qube Saaz Cinema, Khargone, Madhya Pradesh",CINEMA001763,locality,Central,Madhya Pradesh,Khargone,,451001
N,"Qube Sehore Talkies Lisa - Screen 1, Sehore, Madhya Pradesh",CINEMA001764,locality,Central,Madhya Pradesh,Sehore,,466001
N,"Qube Shankar Chitra Mandir, Burhanpur, Madhya Pradesh",CINEMA001765,locality,Central,Madhya Pradesh,Burhanpur,,450331
N,"Qube Shree Ji Cinemas, Pansemal, Madhya Pradesh",CINEMA001766,locality,Central,Madhya Pradesh,Pansemal,,451770
N,"Qube Shri Ganesh Talkies, Garhakota, Madhya Pradesh",CINEMA001767,locality,Central,Madhya Pradesh,Garhakota,,470229
N,"Qube Siyaram Cineplex, Barwani, Madhya Pradesh",CINEMA001768,locality,Central,Madhya Pradesh,Barwani,,
N,"Qube Time Out Cinemas, Kukshi, Madhya Pradesh",CINEMA001769,locality,Central,Madhya Pradesh,Kukshi,,454331
N,"Qube Virendra Cinema, Anjad, Madhya Pradesh",CINEMA001770,locality,Central,Madhya Pradesh,Anjad,,
N,"Qube Abhay Talkies, Chandrapur, Maharashtra",CINEMA001771,locality,West,Maharashtra,Chandrapur,,
N,"Qube Anand Cinema, Thane East, Maharashtra",CINEMA001772,locality,West,Maharashtra,Thane East,,400603
N,"Qube Bhagyarekha Citramandir, Ichalkaranji, Maharashtra",CINEMA001773,locality,West,Maharashtra,Ichalkaranji,,416115
N,"Qube Cine Square Cinemas - Screen 1, Shirpur, Maharashtra",CINEMA001774,locality,West,Maharashtra,Shirpur,,
N,"Qube Cinebliss Neelkamal Cinema, Lonavala, Maharashtra",CINEMA001775,locality,West,Maharashtra,Lonavala,,
N,"Qube Connplex Smart Theatre Ahmednagar Screen 1, Ahmednagar, Maharashtra",CINEMA001776,locality,West,Maharashtra,Ahmednagar,,414003
N,"Qube Empress Cinema Screen 3, Pulgaon, Maharashtra",CINEMA001777,locality,West,Maharashtra,Pulgaon,,
N,"Qube EOS Cinemas Screen 1, Gondia, Maharashtra",CINEMA001778,locality,West,Maharashtra,Gondia,,441614
N,"Qube Erra Cinema, Bhokardan, Maharashtra",CINEMA001779,locality,West,Maharashtra,Bhokardan,,
N,"Qube Eylex Multiplex Screen 1, Shani Shinganapur, Maharashtra",CINEMA001780,locality,West,Maharashtra,Shani Shinganapur,,414105
N,"Qube Fortune Cineplex - Screen 1, Ichalkaranji, Maharashtra",CINEMA001781,locality,West,Maharashtra,Ichalkaranji,,416115
N,"Qube Fun Square - Screen 1 - Sanpada, Sanpada, Maharashtra",CINEMA001782,locality,West,Maharashtra,Sanpada,,
N,"Qube Fun Square Cinema Screen 1, Pirangut, Maharashtra",CINEMA001783,locality,West,Maharashtra,Pirangut,,
N,"Qube Gaiety Cinema, Mumbai, Maharashtra",CINEMA001784,locality,West,Maharashtra,Mumbai,,
N,"Qube Galaxy Cinema, Mumbai, Maharashtra",CINEMA001785,locality,West,Maharashtra,Mumbai,,
N,"Qube Shree Ganesh Talkies Screen 1, Wardha, Maharashtra",CINEMA001786,locality,West,Maharashtra,Wardha,,
N,"Qube Gem Cinema, Mumbai, Maharashtra",CINEMA001787,locality,West,Maharashtra,Mumbai,,
N,"Qube Gemini Cinema, Mumbai, Maharashtra",CINEMA001788,locality,West,Maharashtra,Mumbai,,400099
N,"Qube Glamour Cinema, Mumbai, Maharashtra",CINEMA001789,locality,West,Maharashtra,Mumbai,,
N,"Qube Golden Cinema Screen -01, Barshi, Maharashtra",CINEMA001790,locality,West,Maharashtra,Barshi,,
N,"Qube Gossip Cinema, Mumbai, Maharashtra",CINEMA001791,locality,West,Maharashtra,Mumbai,,400099
N,"Qube Gunjan Cinema, Shikrapur, Maharashtra",CINEMA001792,locality,West,Maharashtra,Shikrapur,,
N,"Qube Gunjan Vedio Cinema, Pune, Maharashtra",CINEMA001793,locality,West,Maharashtra,Pune,,411068
N,"Qube Guru Chitra Mandir, Ichalkaranji, Maharashtra",CINEMA001794,locality,West,Maharashtra,Ichalkaranji,,
N,"Qube Kalpana Talkies, Ichalkaranji, Maharashtra",CINEMA001795,locality,West,Maharashtra,Ichalkaranji,,
N,"Qube Kamlakar Cinema, Lasalgaon, Maharashtra",CINEMA001796,locality,West,Maharashtra,Lasalgaon,,422306
N,"Qube Khinvasara Cineplex Screen 1, Aurangabad, Maharashtra",CINEMA001797,locality,West,Maharashtra,Aurangabad,,
N,"Qube Khinvasara Screen 1, Aurangabad, Maharashtra",CINEMA001798,locality,West,Maharashtra,Aurangabad,,431009
N,"Qube KK Cinema Screen 1, Mumbai, Maharashtra",CINEMA001799,locality,West,Maharashtra,Mumbai,,
N,"Qube Liberty Talkies, Nanded, Maharashtra",CINEMA001800,locality,West,Maharashtra,Nanded,,431604
N,"Qube Maratha Chira Mandir, Gadhinglaj, Maharashtra",CINEMA001801,locality,West,Maharashtra,Gadhinglaj,,416502
N,"Qube Maratha Mandir Cinema, Mumbai, Maharashtra",CINEMA001802,locality,West,Maharashtra,Mumbai,,400008
N,"Qube MH29 Fun Unlimited Screen 1, Yavatmal, Maharashtra",CINEMA001803,locality,West,Maharashtra,Yavatmal,,445001
N,"Qube Mohan Cinema Screen 1, Ambajogai, Maharashtra",CINEMA001804,locality,West,Maharashtra,Ambajogai,,431517
N,"Qube Naresh Chitra Mandir Screen 1, Parbhani, Maharashtra",CINEMA001805,locality,West,Maharashtra,Parbhani,,431536
N,"Qube Neelam Cinema Screen 2, Jalna, Maharashtra",CINEMA001806,locality,West,Maharashtra,Jalna,,
N,"Qube New Chitra Talkies, Wai, Maharashtra",CINEMA001807,locality,West,Maharashtra,Wai,,412803
N,"Qube Padma Chitra Mandir, Solapur, Maharashtra",CINEMA001808,locality,West,Maharashtra,Solapur,,413005
N,"Qube Patel Cineplex, Shahada, Maharashtra",CINEMA001809,locality,West,Maharashtra,Shahada,,425409
N,"Qube Plaza Cinema, Mumbai, Maharashtra",CINEMA001810,locality,West,Maharashtra,Mumbai,,400028
N,"Qube Prabhat Cinema, Amravati, Maharashtra",CINEMA001811,locality,West,Maharashtra,Amravati,,
N,"Qube Priya Cinema, Amravati, Maharashtra",CINEMA001812,locality,West,Maharashtra,Amravati,,
N,"Qube Rahul Screen 1 (Jagtap Theatres), Maharashtra, Maharashtra",CINEMA001813,locality,West,Maharashtra,Maharashtra,,
N,"Qube Rahul Screen-2 (Jagtap Theatres), Pune, Maharashtra",CINEMA001814,locality,West,Maharashtra,Pune,,
N,"Qube Rajlaxmi Cinema, Satara, Maharashtra",CINEMA001815,locality,West,Maharashtra,Satara,,415001
N,"Qube Ratnadeep Cinema, Jalna, Maharashtra",CINEMA001816,locality,West,Maharashtra,Jalna,,431203
N,"Qube City Pride Royal Cinemas Screen 1, Pune, Maharashtra",CINEMA001817,locality,West,Maharashtra,Pune,,411017
N,"Qube Sanskar Cineplex Screen 1, Hingoli, Maharashtra",CINEMA001818,locality,West,Maharashtra,Hingoli,,431513
N,"Qube Santoshimata Chitramandir Screen 1, Beed, Maharashtra",CINEMA001819,locality,West,Maharashtra,Beed,,431122
N,"Qube Shree Chitra Mandir, Osmanabad, Maharashtra",CINEMA001820,locality,West,Maharashtra,Osmanabad,,
N,"Qube Shree Ganesh Talkies Screen 2, Wardha, Maharashtra",CINEMA001821,locality,West,Maharashtra,Wardha,,442001
N,"Qube Shriram Chitra Mandir, Vadgaon, Maharashtra",CINEMA001822,locality,West,Maharashtra,Vadgaon,,412106
N,"Qube Sterling Cineplex Screen 1, Mumbai, Maharashtra",CINEMA001823,locality,West,Maharashtra,Mumbai,,400001
N,"Qube Sujata Talkies, Wani, Maharashtra",CINEMA001824,locality,West,Maharashtra,Wani,,
N,"Qube Swastik Talkies, Vaijapur, Maharashtra",CINEMA001825,locality,West,Maharashtra,Vaijapur,,423701
N,"Qube Tajmahel  Cinema Screen 1, Osmanabad, Maharashtra",CINEMA001826,locality,West,Maharashtra,Osmanabad,,
N,"Qube Vilas (R.K.) Video Cinema Screen 1, Udgir, Maharashtra",CINEMA001827,locality,West,Maharashtra,Udgir,,
N,"Qube Tanthapolis Cinema, Imphal, Manipur",CINEMA001828,locality,North East,Manipur,Imphal,,795004
N,"Qube Ashoka Talkies, Rayagada, Odisha",CINEMA001829,locality,East,Odisha,Rayagada,,
N,"Qube Bhagirathi Multiplex (Super Premium) Screen 1, Bhawanipatna, Odisha",CINEMA001830,locality,East,Odisha,Bhawanipatna,,766001
N,"Qube Bira Girish Talkies, Chandbali, Odisha",CINEMA001831,locality,East,Odisha,Chandbali,,756133
N,"Qube EOS Cinemas Screen 1, Sundergarh, Odisha",CINEMA001832,locality,East,Odisha,Sundergarh,,770020
N,"Qube Monarch Cinema, Junagarh, Odisha",CINEMA001833,locality,East,Odisha,Junagarh,,
N,"Qube New Star Cineplex -BLUE DIAMOND, Bhawanipatna, Odisha",CINEMA001834,locality,East,Odisha,Bhawanipatna,,766002
N,"Qube New Star Cineplex -PINK DIAMOND, Bhawanipatna, Odisha",CINEMA001835,locality,East,Odisha,Bhawanipatna,,
N,"Qube New Star Cineplex -RED DIAMOND, Bhawanipatna, Odisha",CINEMA001836,locality,East,Odisha,Bhawanipatna,,766002
N,"Qube New Star Cineplex -BLACK DIAMOND, Bhawanipatna, Odisha",CINEMA001837,locality,East,Odisha,Bhawanipatna,,
N,"Qube Padmalaya Talkies, Muniguda, Odisha",CINEMA001838,locality,East,Odisha,Muniguda,,
N,"Qube Payel Talkies, Berhampur, Odisha",CINEMA001839,locality,East,Odisha,Berhampur,,
N,"Qube Roxy Cinema, Baripada, Odisha",CINEMA001840,locality,East,Odisha,Baripada,,757001
N,"Qube Sangam Cinema, Cuttack, Odisha",CINEMA001841,locality,East,Odisha,Cuttack,,753012
N,"Qube Sangam Talkies Screen -2, Cuttack, Odisha",CINEMA001842,locality,East,Odisha,Cuttack,,753012
N,"Qube Ashok Theatre, Puducherry, Puducherry",CINEMA001843,locality,South,Puducherry,Puducherry,,605110
N,"Qube Balaji Theatre, Puducherry, Puducherry",CINEMA001844,locality,South,Puducherry,Puducherry,,605013
N,"Qube Jeya Theatre, Puducherry, Puducherry",CINEMA001845,locality,South,Puducherry,Puducherry,,605014
N,"Qube L.A. Cinemas Screen 1, Karaikal, Puducherry",CINEMA001846,locality,South,Puducherry,Karaikal,,609605
N,"Qube Murugaa Theatre, Puducherry, Puducherry",CINEMA001847,locality,South,Puducherry,Puducherry,,605009
N,"Qube Rathna Talkies, Puducherry, Puducherry",CINEMA001848,locality,South,Puducherry,Puducherry,,605001
N,"Qube Saraswathi Talkies, Puducherry, Puducherry",CINEMA001849,locality,South,Puducherry,Puducherry,,605008
N,"Qube Sudha Theatre, Puducherry, Puducherry",CINEMA001850,locality,South,Puducherry,Puducherry,,
N,"Qube Century City Cinemas Screen 1, Bathinda, Punjab",CINEMA001851,locality,North,Punjab,Bathinda,,151401
N,"Qube Cine Square Cinema - Screen 1, Doraha, Punjab",CINEMA001852,locality,North,Punjab,Doraha,,
N,"Qube Fun Island Cinemas Screen 1, Ferozepur, Punjab",CINEMA001853,locality,North,Punjab,Ferozepur,,142050
N,"Qube Golden Cinema's Screen 1, Sardulgarh, Punjab",CINEMA001854,locality,North,Punjab,Sardulgarh,,
N,"Qube Manju Theatre, Ludhiana, Punjab",CINEMA001855,locality,North,Punjab,Ludhiana,,141008
N,"Qube OHM Orbit Cinemas, Sangrur, Punjab",CINEMA001856,locality,North,Punjab,Sangrur,,148001
N,"Qube Orbit Cinemas Screen 1, Kotkapura, Punjab",CINEMA001857,locality,North,Punjab,Kotkapura,,
N,"Qube Sun City Plaza Screen 1 formally known as Unique Cinema, Rajiana, Punjab",CINEMA001858,locality,North,Punjab,Rajiana,,142038
N,"Qube Orbit Cinemas Screen 2, Kotkapura, Punjab",CINEMA001859,locality,North,Punjab,Kotkapura,,
N,"Qube Sun City Plaza Screen 2 formally known as Unique Cinema, Rajiana, Punjab",CINEMA001860,locality,North,Punjab,Rajiana,,142038
N,"Qube Origin Multiplex - Screen 1, Sangrur, Punjab",CINEMA001861,locality,North,Punjab,Sangrur,,148034
N,"Qube Prime Cinema Screen 1, Phagwara, Punjab",CINEMA001862,locality,North,Punjab,Phagwara,,
N,"Qube Prime Cinemas Screen 1, Patiala, Punjab",CINEMA001863,locality,North,Punjab,Patiala,,140402
N,"Qube Rajpal Cinemas Screen 2 formally known as SRS Cinemas, Muktsar, Punjab",CINEMA001864,locality,North,Punjab,Muktsar,,152026
N,"Qube GE Cinemas Screen 1 formally known as Red Rocks Cinemas, Barnala, Punjab",CINEMA001865,locality,North,Punjab,Barnala,,148101
N,"Qube Shyam Picture Palace Screen 1, Mandigobindgarh, Punjab",CINEMA001866,locality,North,Punjab,Mandigobindgarh,,147301
N,"Qube Silver Bird Cinemas Screen 1, Ferozepur, Punjab",CINEMA001867,locality,North,Punjab,Ferozepur,,
N,"Qube Sky Cine Screen 1, Malout, Punjab",CINEMA001868,locality,North,Punjab,Malout,,152107
N,"Qube Solitaire Cinemas Screen 1, Batala, Punjab",CINEMA001869,locality,North,Punjab,Batala,,
N,"Qube V2V Cinemas Screen 1 formally know as SRS Omex Plaza Screen 1, Ludhiana, Punjab",CINEMA001870,locality,North,Punjab,Ludhiana,,
N,"Qube Wave Cinema (Ludhiana) Screen 1, Ludhiana, Punjab",CINEMA001871,locality,North,Punjab,Ludhiana,,141012
N,"Qube Cine Plus Multiplex Audi 1, Abu Road, Rajasthan",CINEMA001872,locality,North,Rajasthan,Abu Road,,
N,"Qube Cine Square Cinemas Sikar Screen 1, Sikar, Rajasthan",CINEMA001873,locality,North,Rajasthan,Sikar,,332001
N,"Qube Cosmo Palace, Raisinghnagar, Rajasthan",CINEMA001874,locality,North,Rajasthan,Raisinghnagar,,335051
N,"Qube Crystal Park Cineplex, Madanganj Kishangarh, Rajasthan",CINEMA001875,locality,North,Rajasthan,Madanganj Kishangarh,,305801
N,"Qube Dream Light Theatre, Churu, Rajasthan",CINEMA001876,locality,North,Rajasthan,Churu,,331507
N,"Qube Giriraj Cineplex Screen 1, Jalore, Rajasthan",CINEMA001877,locality,North,Rajasthan,Jalore,,
N,"Qube Heera Moti Cinema, Kotputli, Rajasthan",CINEMA001878,locality,North,Rajasthan,Kotputli,,303108
N,"Qube JRG Movie Palace, Fatehpur Bazar, Rajasthan",CINEMA001879,locality,North,Rajasthan,Fatehpur Bazar,,332301
N,"Qube Kiran Talkies Screen 1 formally known as VU Cinemas, Tonk, Rajasthan",CINEMA001880,locality,North,Rajasthan,Tonk,,304001
N,"Qube Kiran Talkies Screen 2 formally known as VU Cinemas, Tonk Raj, Rajasthan",CINEMA001881,locality,North,Rajasthan,Tonk Raj,,304001
N,"Qube Kisan Talkies, Deoli, Rajasthan",CINEMA001882,locality,North,Rajasthan,Deoli,,304804
N,"Qube Legend SRS Cinema Screen 1, Bhiwadi, Rajasthan",CINEMA001883,locality,North,Rajasthan,Bhiwadi,,
N,"Qube Mohan Mandir Cinema, Renwal, Rajasthan",CINEMA001884,locality,North,Rajasthan,Renwal,,303603
N,"Qube Natraj Talkies, Vijay Nagar, Rajasthan",CINEMA001885,locality,North,Rajasthan,Vijay Nagar,,
N,"Qube Prem Prakash Talkies, Nawalgarh, Rajasthan",CINEMA001886,locality,North,Rajasthan,Nawalgarh,,333042
N,"Qube Ramesh Talkies, Jaisalmer, Rajasthan",CINEMA001887,locality,North,Rajasthan,Jaisalmer,,345001
N,"Qube Riflex Cinema, Aburoad, Rajasthan",CINEMA001888,locality,North,Rajasthan,Aburoad,,307026
N,"Qube Sangam Cinema, Khandela, Rajasthan",CINEMA001889,locality,North,Rajasthan,Khandela,,332709
N,"Qube Shri Laxmi Cinema, Pilani, Rajasthan",CINEMA001890,locality,North,Rajasthan,Pilani,,333031
N,"Qube Shri Ram Talkies, Bhilwara, Rajasthan",CINEMA001891,locality,North,Rajasthan,Bhilwara,,
N,"Qube Star Cineplex Audi 2, Kuchamancity, Rajasthan",CINEMA001892,locality,North,Rajasthan,Kuchamancity,,
N,"Qube The Gem Cinema, Jaipur, Rajasthan",CINEMA001893,locality,North,Rajasthan,Jaipur,,302003
N,"Qube Welcome Cineplex Audi 1, Makrana, Rajasthan",CINEMA001894,locality,North,Rajasthan,Makrana,,341505
N,"Qube Vajra Cinema Screen 1, Gangtok, Sikkim",CINEMA001895,locality,North East,Sikkim,Gangtok,,737103
N,"Qube  Sri Balasubramaniar Deluxe A/c DTS, Tiruvannamalai, Tamil Nadu",CINEMA001896,locality,South,Tamil Nadu,Tiruvannamalai,,606603
N,"Qube A.M Deluxe Theatre, Thiruthuraipoondi, Tamil Nadu",CINEMA001897,locality,South,Tamil Nadu,Thiruthuraipoondi,,614713
N,"Qube A.P.A Theatre, Kinathukadavu, Tamil Nadu",CINEMA001898,locality,South,Tamil Nadu,Kinathukadavu,,642109
N,"Qube A.R.R.S Screen 1, Salem, Tamil Nadu",CINEMA001899,locality,South,Tamil Nadu,Salem,,
N,"Qube Aanoor Theatre, Erode, Tamil Nadu",CINEMA001900,locality,South,Tamil Nadu,Erode,,
N,"Qube Aarthi Grand Cineplex - Screen 1, Dindigul, Tamil Nadu",CINEMA001901,locality,South,Tamil Nadu,Dindigul,,
N,"Qube Aascars A/c Theatre (formerly known as Balaji Theatre), Katpadi, Tamil Nadu",CINEMA001902,locality,South,Tamil Nadu,Katpadi,,632007
N,"Qube Sri Vijayalakshmi Films Screen 1 (formerly known as Aascar cinemas), Salem, Tamil Nadu",CINEMA001903,locality,South,Tamil Nadu,Salem,,636015
N,"Qube Ajantha Talkies, Karur, Tamil Nadu",CINEMA001904,locality,South,Tamil Nadu,Karur,,
N,"Qube Alankar Theatre, Pudukkottai, Tamil Nadu",CINEMA001905,locality,South,Tamil Nadu,Pudukkottai,,
N,"Qube Alankar Theatre, Salem, Tamil Nadu",CINEMA001906,locality,South,Tamil Nadu,Salem,,636001
N,"Qube Alankar Theatre, Vellore, Tamil Nadu",CINEMA001907,locality,South,Tamil Nadu,Vellore,,632001
N,"Qube Amman Arangam, Salem, Tamil Nadu",CINEMA001908,locality,South,Tamil Nadu,Salem,,636601
N,"Qube Amutha Theatre, Karur, Tamil Nadu",CINEMA001909,locality,South,Tamil Nadu,Karur,,639001
N,"Qube Anand Theatre, Dharmapuri, Tamil Nadu",CINEMA001910,locality,South,Tamil Nadu,Dharmapuri,,636701
N,"Qube Anand Theatre Screen 1, Kangeyam, Tamil Nadu",CINEMA001911,locality,South,Tamil Nadu,Kangeyam,,
N,"Qube Anbu Cinema, Lalgudi, Tamil Nadu",CINEMA001912,locality,South,Tamil Nadu,Lalgudi,,
N,"Qube Anna Theatre, Chennai, Tamil Nadu",CINEMA001913,locality,South,Tamil Nadu,Chennai,,600014
N,"Qube Annamalai Theatre Screen 1, Madurai, Tamil Nadu",CINEMA001914,locality,South,Tamil Nadu,Madurai,,
N,"Qube Annapoorna Theatre, Pattukottai, Tamil Nadu",CINEMA001915,locality,South,Tamil Nadu,Pattukottai,,
N,"Qube Anu EGA Theatre, Chennai, Tamil Nadu",CINEMA001916,locality,South,Tamil Nadu,Chennai,,
N,"Qube Anu Pallavi Theatre, Coimbatore, Tamil Nadu",CINEMA001917,locality,South,Tamil Nadu,Coimbatore,,
N,"Qube Anusham Theatre, Udumalpet, Tamil Nadu",CINEMA001918,locality,South,Tamil Nadu,Udumalpet,,
N,"Qube Apsara Theatre, Vellore, Tamil Nadu",CINEMA001919,locality,South,Tamil Nadu,Vellore,,
N,"Qube Arasan Theatre, Coimbatore, Tamil Nadu",CINEMA001920,locality,South,Tamil Nadu,Coimbatore,,641023
N,"Qube Arul Muruga Theatre, Thiruporur, Tamil Nadu",CINEMA001921,locality,South,Tamil Nadu,Thiruporur,,603105
N,"Qube Aruna, Devakottai, Tamil Nadu",CINEMA001922,locality,South,Tamil Nadu,Devakottai,,
N,"Qube Aruna Theatre, Oddanchatram, Tamil Nadu",CINEMA001923,locality,South,Tamil Nadu,Oddanchatram,,624619
N,"Qube Arunagiri Theatre, Tirunelveli, Tamil Nadu",CINEMA001924,locality,South,Tamil Nadu,Tirunelveli,,
N,"Qube AVK Cinemas A/C Screen 1, Mappedu, Tamil Nadu",CINEMA001925,locality,South,Tamil Nadu,Mappedu,,631402
N,"Qube Shree Valli Theatre(formerly AVM Theatre), Nagercoil, Tamil Nadu",CINEMA001926,locality,South,Tamil Nadu,Nagercoil,,629001
N,"Qube Ayya Theatre, Pattukottai, Tamil Nadu",CINEMA001927,locality,South,Tamil Nadu,Pattukottai,,
N,"Qube Babu Theatre, Tiruvallur, Tamil Nadu",CINEMA001928,locality,South,Tamil Nadu,Tiruvallur,,631301
N,"Qube Balaji Theatre, Chennai, Tamil Nadu",CINEMA001929,locality,South,Tamil Nadu,Chennai,,600089
N,"Qube Banu Theatre, Madurai, Tamil Nadu",CINEMA001930,locality,South,Tamil Nadu,Madurai,,
N,"Qube Bharat Theatre, Chennai, Tamil Nadu",CINEMA001931,locality,South,Tamil Nadu,Chennai,,600021
N,"Qube Bharath Theatre, Chinnamanur, Tamil Nadu",CINEMA001932,locality,South,Tamil Nadu,Chinnamanur,,
N,"Qube BHELEC Theatre, Tiruchirappalli, Tamil Nadu",CINEMA001933,locality,South,Tamil Nadu,Tiruchirappalli,,620014
N,"Qube Brindhavan Theatre, Omalur, Tamil Nadu",CINEMA001934,locality,South,Tamil Nadu,Omalur,,636455
N,"Qube Carnival Cinemas - Bala Ganesh, Sivakasi, Tamil Nadu",CINEMA001935,locality,South,Tamil Nadu,Sivakasi,,626189
N,"Qube Casino Theatre, Chennai, Tamil Nadu",CINEMA001936,locality,South,Tamil Nadu,Chennai,,
N,"Qube Cauvery Theatre, Tiruchirappalli, Tamil Nadu",CINEMA001937,locality,South,Tamil Nadu,Tiruchirappalli,,
N,"Qube Central Theatre, Madurai, Tamil Nadu",CINEMA001938,locality,South,Tamil Nadu,Madurai,,
N,"Qube Chakravarthy Cinemas Screen 1, Kavalkinaru, Tamil Nadu",CINEMA001939,locality,South,Tamil Nadu,Kavalkinaru,,627105
N,"Qube Chandira Talkies, Attayampatti, Tamil Nadu",CINEMA001940,locality,South,Tamil Nadu,Attayampatti,,
N,"Qube Cine Park Theatre, Tiruppur, Tamil Nadu",CINEMA001941,locality,South,Tamil Nadu,Tiruppur,,
N,"Qube Cini Rakki Theatre, Chennai, Tamil Nadu",CINEMA001942,locality,South,Tamil Nadu,Chennai,,600053
N,"Qube Cini Valluvar Theatre, Palani, Tamil Nadu",CINEMA001943,locality,South,Tamil Nadu,Palani,,
N,"Qube Crescent Theatre, Kachirapalayam, Tamil Nadu",CINEMA001944,locality,South,Tamil Nadu,Kachirapalayam,,
N,"Qube Sri Bala Theatre, Alangayam, Tamil Nadu",CINEMA001945,locality,South,Tamil Nadu,Alangayam,,635701
N,"Qube Deivam Theatre, Virudhunagar, Tamil Nadu",CINEMA001946,locality,South,Tamil Nadu,Virudhunagar,,
N,"Qube Devi Bala Theatre, Chennai, Tamil Nadu",CINEMA001947,locality,South,Tamil Nadu,Chennai,,600001
N,"Qube Devi Kala Theatre, Chennai, Tamil Nadu",CINEMA001948,locality,South,Tamil Nadu,Chennai,,
N,"Qube Devi Paradise, Chennai, Tamil Nadu",CINEMA001949,locality,South,Tamil Nadu,Chennai,,600099
N,"Qube Devi Theatre, Chennai, Tamil Nadu",CINEMA001950,locality,South,Tamil Nadu,Chennai,,600092
N,"Qube Devi Theatre (Formerly Known as Srinivasa Mini Theatre), Tiruppur, Tamil Nadu",CINEMA001951,locality,South,Tamil Nadu,Tiruppur,,641603
N,"Qube Diamond Theatre, Tiruppur, Tamil Nadu",CINEMA001952,locality,South,Tamil Nadu,Tiruppur,,641604
N,"Qube Dorais Movie Land, Pollachi, Tamil Nadu",CINEMA001953,locality,South,Tamil Nadu,Pollachi,,642001
N,"Qube EGA Theatre, Chennai, Tamil Nadu",CINEMA001954,locality,South,Tamil Nadu,Chennai,,600010
N,"Qube Ellora Theatre, Karur, Tamil Nadu",CINEMA001955,locality,South,Tamil Nadu,Karur,,639001
N,"Qube EPS Thiraiyarangam, Rajapalayam, Tamil Nadu",CINEMA001956,locality,South,Tamil Nadu,Rajapalayam,,
N,"Qube Eswari Thiraiarangam, Tirukoilur, Tamil Nadu",CINEMA001957,locality,South,Tamil Nadu,Tirukoilur,,605757
N,"Qube EVP Cinemas Screen 1, Chennai, Tamil Nadu",CINEMA001958,locality,South,Tamil Nadu,Chennai,,
N,"Qube Galaxy Cinema, Katpadi, Tamil Nadu",CINEMA001959,locality,South,Tamil Nadu,Katpadi,,632007
N,"Qube Ganapathyram Theatre, Chennai, Tamil Nadu",CINEMA001960,locality,South,Tamil Nadu,Chennai,,600020
N,"Qube Ganesh Deluxe, Madurai, Tamil Nadu",CINEMA001961,locality,South,Tamil Nadu,Madurai,,
N,"Qube Ganesh Paradise, Madurai, Tamil Nadu",CINEMA001962,locality,South,Tamil Nadu,Madurai,,
N,"Qube Ganga Theatre, Gudiyattam, Tamil Nadu",CINEMA001963,locality,South,Tamil Nadu,Gudiyattam,,
N,"Qube Ganga Theatre, Coimbatore, Tamil Nadu",CINEMA001964,locality,South,Tamil Nadu,Coimbatore,,641012
N,"Qube Gayathri Theatre, Gudiyattam, Tamil Nadu",CINEMA001965,locality,South,Tamil Nadu,Gudiyattam,,632602
N,"Qube Geethalaya 70 MM theatre, Salem, Tamil Nadu",CINEMA001966,locality,South,Tamil Nadu,Salem,,636001
N,"Qube GM Theatre, Dharmapuri, Tamil Nadu",CINEMA001967,locality,South,Tamil Nadu,Dharmapuri,,
N,"Qube Gokulam Cienmas Screen 1, Coimbatore, Tamil Nadu",CINEMA001968,locality,South,Tamil Nadu,Coimbatore,,
N,"Qube Golden Mini Theatre, Thiruttani, Tamil Nadu",CINEMA001969,locality,South,Tamil Nadu,Thiruttani,,631209
N,"Qube Gomathi Sankar Cines, Sankarankovil, Tamil Nadu",CINEMA001970,locality,South,Tamil Nadu,Sankarankovil,,627756
N,"Qube Gopuram Cinemas Screen 1, Madurai, Tamil Nadu",CINEMA001971,locality,South,Tamil Nadu,Madurai,,
N,"Qube Gowri Theatre, Gudiyattam, Tamil Nadu",CINEMA001972,locality,South,Tamil Nadu,Gudiyattam,,
N,"Qube Gowri Theatre, Salem, Tamil Nadu",CINEMA001973,locality,South,Tamil Nadu,Salem,,
N,"Qube Grande Cinemas (formerly Muthuram Theatre), Tirunelveli, Tamil Nadu",CINEMA001974,locality,South,Tamil Nadu,Tirunelveli,,
N,"Qube Hema Theatre, Kalakad, Tamil Nadu",CINEMA001975,locality,South,Tamil Nadu,Kalakad,,627501
N,"Qube Ilayarani Theatre, Aruppukottai, Tamil Nadu",CINEMA001976,locality,South,Tamil Nadu,Aruppukottai,,
N,"Qube Indira Thiraiarangam, Manapparai, Tamil Nadu",CINEMA001977,locality,South,Tamil Nadu,Manapparai,,
N,"Qube Jai Sai Krishna Theatre, Virudhachalam, Tamil Nadu",CINEMA001978,locality,South,Tamil Nadu,Virudhachalam,,
N,"Qube Jairam Theatre, Salem, Tamil Nadu",CINEMA001979,locality,South,Tamil Nadu,Salem,,
N,"Qube Janagar Theatre, Jayankondam, Tamil Nadu",CINEMA001980,locality,South,Tamil Nadu,Jayankondam,,
N,"Qube Janatha Theatre, Chennai, Tamil Nadu",CINEMA001981,locality,South,Tamil Nadu,Chennai,,600043
N,"Qube Jeya Anand A/C Theatre Screen 1, Rajapalayam, Tamil Nadu",CINEMA001982,locality,South,Tamil Nadu,Rajapalayam,,
N,"Qube Jayasakthi Theatre Screen 1, Sathyamangalam, Tamil Nadu",CINEMA001983,locality,South,Tamil Nadu,Sathyamangalam,,
N,"Qube Sri Jayalakshmi Theatre, Gurusamipalayam, Tamil Nadu",CINEMA001984,locality,South,Tamil Nadu,Gurusamipalayam,,637403
N,"Qube Jayanthi Theatre, Coimbatore, Tamil Nadu",CINEMA001985,locality,South,Tamil Nadu,Coimbatore,,
N,"Qube Jayanthy Theatre, Cheyur, Tamil Nadu",CINEMA001986,locality,South,Tamil Nadu,Cheyur,,
N,"Qube Jayaram Theatre - Panruty, Panrutti, Tamil Nadu",CINEMA001987,locality,South,Tamil Nadu,Panrutti,,607106
N,"Qube Jivan Theatre, Bodinayakkanur, Tamil Nadu",CINEMA001988,locality,South,Tamil Nadu,Bodinayakkanur,,625513
N,"Qube Jothi Theatre, Chennai, Tamil Nadu",CINEMA001989,locality,South,Tamil Nadu,Chennai,,600016
N,"Qube K K Cinema Screen 1, Minjur, Tamil Nadu",CINEMA001990,locality,South,Tamil Nadu,Minjur,,
N,"Qube K.S Theatre, Mettur, Tamil Nadu",CINEMA001991,locality,South,Tamil Nadu,Mettur,,636451
N,"Qube Kailash Theatre, Salem, Tamil Nadu",CINEMA001992,locality,South,Tamil Nadu,Salem,,636015
N,"Qube Kalaiarangam Theatre, Karur, Tamil Nadu",CINEMA001993,locality,South,Tamil Nadu,Karur,,
N,"Qube Kalaiarangam Theatre, Eddapadi, Tamil Nadu",CINEMA001994,locality,South,Tamil Nadu,Eddapadi,,637105
N,"Qube Kalaivani Theatre, Madurai, Tamil Nadu",CINEMA001995,locality,South,Tamil Nadu,Madurai,,
N,"Qube Kalaivani Thiraiarangam, Tiruppur, Tamil Nadu",CINEMA001996,locality,South,Tamil Nadu,Tiruppur,,
N,"Qube Kalyan Theatre - Screen 2, Villupuram, Tamil Nadu",CINEMA001997,locality,South,Tamil Nadu,Villupuram,,
N,"Qube Kalyani DTS Talkies, Ambasamudram, Tamil Nadu",CINEMA001998,locality,South,Tamil Nadu,Ambasamudram,,
N,"Qube Kamala Cinemas Screen 1, Chennai, Tamil Nadu",CINEMA001999,locality,South,Tamil Nadu,Chennai,,
N,"Qube Kamala Theatre, Ambur, Tamil Nadu",CINEMA002000,locality,South,Tamil Nadu,Ambur,,
N,"Qube Kamalam Theatre, Cuddalore, Tamil Nadu",CINEMA002001,locality,South,Tamil Nadu,Cuddalore,,607002
N,"Qube Karthikeyan Theatre Screen 1, Kanchipuram, Tamil Nadu",CINEMA002002,locality,South,Tamil Nadu,Kanchipuram,,631502
N,"Qube Kasi Kalaiarangam Theatre, Kumbakonam, Tamil Nadu",CINEMA002003,locality,South,Tamil Nadu,Kumbakonam,,612001
N,"Qube Kasi Theatre, Tiruppur, Tamil Nadu",CINEMA002004,locality,South,Tamil Nadu,Tiruppur,,641602
N,"Qube Kasi Theatre, Madurai, Tamil Nadu",CINEMA002005,locality,South,Tamil Nadu,Madurai,,625019
N,"Qube Kasiamman Theatre, Vikravandi, Tamil Nadu",CINEMA002006,locality,South,Tamil Nadu,Vikravandi,,605652
N,"Qube Kasthuri Talkies, Dharmapuri, Tamil Nadu",CINEMA002007,locality,South,Tamil Nadu,Dharmapuri,,
N,"Qube Kaveri Cinema, Coimbatore, Tamil Nadu",CINEMA002008,locality,South,Tamil Nadu,Coimbatore,,
N,"Qube Kaveri Theatre, Chennai, Tamil Nadu",CINEMA002009,locality,South,Tamil Nadu,Chennai,,600019
N,"Qube Kavitha Theatre, Bommidi, Tamil Nadu",CINEMA002010,locality,South,Tamil Nadu,Bommidi,,
N,"Qube Kavithalaya Theatre, Karur, Tamil Nadu",CINEMA002011,locality,South,Tamil Nadu,Karur,,639001
N,"Qube Kiruthika Theatre, Coimbatore, Tamil Nadu",CINEMA002012,locality,South,Tamil Nadu,Coimbatore,,641025
N,"Qube Krishna Theatre, Kolathupalayam, Tamil Nadu",CINEMA002013,locality,South,Tamil Nadu,Kolathupalayam,,638152
N,"Qube Krishnalaya Theatre A/c DTS, Cuddalore, Tamil Nadu",CINEMA002014,locality,South,Tamil Nadu,Cuddalore,,
N,"Qube Krishnaveni Theatre, Chennai, Tamil Nadu",CINEMA002015,locality,South,Tamil Nadu,Chennai,,
N,"Qube KS Theatre, Salem, Tamil Nadu",CINEMA002016,locality,South,Tamil Nadu,Salem,,636006
N,"Qube KSB Cineplex Screen 1, Tiruppur, Tamil Nadu",CINEMA002017,locality,South,Tamil Nadu,Tiruppur,,641666
N,"Qube Kural Thiraiarnagam, Vellore, Tamil Nadu",CINEMA002018,locality,South,Tamil Nadu,Vellore,,632013
N,"Qube LA Cinema Screen 1, Turaiyur, Tamil Nadu",CINEMA002019,locality,South,Tamil Nadu,Turaiyur,,
N,"Qube Lakshmi Bala, Chennai, Tamil Nadu",CINEMA002020,locality,South,Tamil Nadu,Chennai,,
N,"Qube Lakshmi Rakki Theatre, Chennai, Tamil Nadu",CINEMA002021,locality,South,Tamil Nadu,Chennai,,
N,"Qube Lakshmi Ram Theatre, Karur, Tamil Nadu",CINEMA002022,locality,South,Tamil Nadu,Karur,,639001
N,"Qube Lakshmi Talkies, Thiruparankundram, Tamil Nadu",CINEMA002023,locality,South,Tamil Nadu,Thiruparankundram,,
N,"Qube Lakshmi Theatre, Kanyakumari, Tamil Nadu",CINEMA002024,locality,South,Tamil Nadu,Kanyakumari,,629163
N,"Qube Lakshmi Theatre, Mettur, Tamil Nadu",CINEMA002025,locality,South,Tamil Nadu,Mettur,,636402
N,"Qube Lakshmi Theatre, Kulithalai, Tamil Nadu",CINEMA002026,locality,South,Tamil Nadu,Kulithalai,,
N,"Qube Vinod Cinemas, Vettavalam, Tamil Nadu",CINEMA002027,locality,South,Tamil Nadu,Vettavalam,,
N,"Qube Lakshmi Theatre, Keeranur, Tamil Nadu",CINEMA002028,locality,South,Tamil Nadu,Keeranur,,
N,"Qube Latha Cinemas Screen 1, Chengalpattu, Tamil Nadu",CINEMA002029,locality,South,Tamil Nadu,Chengalpattu,,603001
N,"Qube Lathangi Theatre, Udumalpet, Tamil Nadu",CINEMA002030,locality,South,Tamil Nadu,Udumalpet,,
N,"Qube Lena Theatre, Chidambaram, Tamil Nadu",CINEMA002031,locality,South,Tamil Nadu,Chidambaram,,608001
N,"Qube Lingam Theatre, Tiruppur, Tamil Nadu",CINEMA002032,locality,South,Tamil Nadu,Tiruppur,,
N,"Qube Little Lakshmi Theatre, Vellore, Tamil Nadu",CINEMA002033,locality,South,Tamil Nadu,Vellore,,
N,"Qube M.P.S Theatre, Tiruppur, Tamil Nadu",CINEMA002034,locality,South,Tamil Nadu,Tiruppur,,641602
N,"Qube Mahalakshmi Palace, Neyveli, Tamil Nadu",CINEMA002035,locality,South,Tamil Nadu,Neyveli,,
N,"Qube Mahalakshmi Theatre, Gudiyetram, Tamil Nadu",CINEMA002036,locality,South,Tamil Nadu,Gudiyetram,,
N,"Qube Mahalakshmi Theatre A/C Screen 1, Kallakurichi, Tamil Nadu",CINEMA002037,locality,South,Tamil Nadu,Kallakurichi,,
N,"Qube Makkal Theatre, Aravakurichi, Tamil Nadu",CINEMA002038,locality,South,Tamil Nadu,Aravakurichi,,
N,"Qube Mani Impala Magic Theatre, Madurai, Tamil Nadu",CINEMA002039,locality,South,Tamil Nadu,Madurai,,625002
N,"Qube Mani Impala Majestic Theatre - Madurai, Madurai, Tamil Nadu",CINEMA002040,locality,South,Tamil Nadu,Madurai,,
N,"Qube Mani Impala Melody Theatre, Madurai, Tamil Nadu",CINEMA002041,locality,South,Tamil Nadu,Madurai,,
N,"Qube Manju Theatre, Jolarpet, Tamil Nadu",CINEMA002042,locality,South,Tamil Nadu,Jolarpet,,
N,"Qube Mariyam Thiraiarangam, Tiruchirappalli, Tamil Nadu",CINEMA002043,locality,South,Tamil Nadu,Tiruchirappalli,,620001
N,"Qube Mayajaal Screen 1, Chennai, Tamil Nadu",CINEMA002044,locality,South,Tamil Nadu,Chennai,,600026
N,"Qube Meenakshi Talkies, Tindivanam, Tamil Nadu",CINEMA002045,locality,South,Tamil Nadu,Tindivanam,,
N,"Qube Meenakshi Theatre, Chennai, Tamil Nadu",CINEMA002046,locality,South,Tamil Nadu,Chennai,,
N,"Qube Meenakshi Theatre, Rajapalayam, Tamil Nadu",CINEMA002047,locality,South,Tamil Nadu,Rajapalayam,,
N,"Qube Mega Star Theatre, Tiruchirappalli, Tamil Nadu",CINEMA002048,locality,South,Tamil Nadu,Tiruchirappalli,,620018
N,"Qube Mini Rakki Theatre, Chennai, Tamil Nadu",CINEMA002049,locality,South,Tamil Nadu,Chennai,,600053
N,"Qube Amirtham Cinema (Formerly known as MSM Theatre – Thiruvottiyur), Chennai, Tamil Nadu",CINEMA002050,locality,South,Tamil Nadu,Chennai,,
N,"Qube N S Theatre, Atur, Tamil Nadu",CINEMA002051,locality,South,Tamil Nadu,Atur,,
N,"Qube Naaz Theatre, Coimbatore, Tamil Nadu",CINEMA002052,locality,South,Tamil Nadu,Coimbatore,,641001
N,"Qube Nallappas Theatre, Perundurai, Tamil Nadu",CINEMA002053,locality,South,Tamil Nadu,Perundurai,,
N,"Qube Nataraja Talkies, Karaikudi, Tamil Nadu",CINEMA002054,locality,South,Tamil Nadu,Karaikudi,,
N,"Qube Nataraja Theatre, Thammampatti, Tamil Nadu",CINEMA002055,locality,South,Tamil Nadu,Thammampatti,,
N,"Qube Natesh Theatre, Thiruvarur, Tamil Nadu",CINEMA002056,locality,South,Tamil Nadu,Thiruvarur,,
N,"Qube Nathamuni Talkies, Chennai, Tamil Nadu",CINEMA002057,locality,South,Tamil Nadu,Chennai,,
N,"Qube National Theatre, Chennai, Tamil Nadu",CINEMA002058,locality,South,Tamil Nadu,Chennai,,600045
N,"Qube New Cinema Theatre, Cuddalore, Tamil Nadu",CINEMA002059,locality,South,Tamil Nadu,Cuddalore,,607001
N,"Qube New Cleopatra Theatre, Thoothukudi, Tamil Nadu",CINEMA002060,locality,South,Tamil Nadu,Thoothukudi,,628001
N,"Qube New Dhanalakshmi Talkies, Virudhunagar, Tamil Nadu",CINEMA002061,locality,South,Tamil Nadu,Virudhunagar,,
N,"Qube Odeon Mani Thiraiarangam, CHENNAI, Tamil Nadu",CINEMA002062,locality,South,Tamil Nadu,CHENNAI,,600019
N,"Qube Oriental Sakthi Theatre, Salem, Tamil Nadu",CINEMA002063,locality,South,Tamil Nadu,Salem,,636001
N,"Qube Padmam Theatre, Chennai, Tamil Nadu",CINEMA002064,locality,South,Tamil Nadu,Chennai,,600118
N,"Qube Palace Theatre, Tiruchirappalli, Tamil Nadu",CINEMA002065,locality,South,Tamil Nadu,Tiruchirappalli,,620008
N,"Qube Pallavi Theatre, Coimbatore, Tamil Nadu",CINEMA002066,locality,South,Tamil Nadu,Coimbatore,,641018
N,"Qube Pandian Talkies, Nagapattinam, Tamil Nadu",CINEMA002067,locality,South,Tamil Nadu,Nagapattinam,,
N,"Qube Pandian Theatre, Karaikudi, Tamil Nadu",CINEMA002068,locality,South,Tamil Nadu,Karaikudi,,
N,"Qube Pathrakaliamman Theatre, Alanganallur, Tamil Nadu",CINEMA002069,locality,South,Tamil Nadu,Alanganallur,,625503
N,"Qube Pon Amutha Theatre, Karur, Tamil Nadu",CINEMA002070,locality,South,Tamil Nadu,Karur,,639001
N,"Qube Prakash Theatre, Salem, Tamil Nadu",CINEMA002071,locality,South,Tamil Nadu,Salem,,
N,"Qube PSK Theatre, Tiyagadrug, Tamil Nadu",CINEMA002072,locality,South,Tamil Nadu,Tiyagadrug,,
N,"Qube PVR Theatre, Nambiyur, Tamil Nadu",CINEMA002073,locality,South,Tamil Nadu,Nambiyur,,
N,"Qube R.S Theatre, Rasipuram, Tamil Nadu",CINEMA002074,locality,South,Tamil Nadu,Rasipuram,,
N,"Qube Raagam Theatre, Coimbatore, Tamil Nadu",CINEMA002075,locality,South,Tamil Nadu,Coimbatore,,
N,"Qube Radha Cinemas Screen 1, Chennai, Tamil Nadu",CINEMA002076,locality,South,Tamil Nadu,Chennai,,
N,"Qube Rahini Theatre, Chennai, Tamil Nadu",CINEMA002077,locality,South,Tamil Nadu,Chennai,,
N,"Qube Raja Paradise Theatre, Pennadam, Tamil Nadu",CINEMA002078,locality,South,Tamil Nadu,Pennadam,,606105
N,"Qube Raja Talkies, Kallakurichi, Tamil Nadu",CINEMA002079,locality,South,Tamil Nadu,Kallakurichi,,606202
N,"Qube Raja Talkies, Cuddalore, Tamil Nadu",CINEMA002080,locality,South,Tamil Nadu,Cuddalore,,
N,"Qube Rajalakshmi Theatre, Virudhunagar, Tamil Nadu",CINEMA002081,locality,South,Tamil Nadu,Virudhunagar,,
N,"Qube Rajendra Thetre, Dindigul, Tamil Nadu",CINEMA002082,locality,South,Tamil Nadu,Dindigul,,
N,"Qube Rajeswari Theatre, Ranipet, Tamil Nadu",CINEMA002083,locality,South,Tamil Nadu,Ranipet,,
N,"Qube Rajeswari Theatre, Arani, Tamil Nadu",CINEMA002084,locality,South,Tamil Nadu,Arani,,632301
N,"Qube Rajkamal Theatre, Ambur, Tamil Nadu",CINEMA002085,locality,South,Tamil Nadu,Ambur,,635802
N,"Qube Rakcini Theatre, Chennai, Tamil Nadu",CINEMA002086,locality,South,Tamil Nadu,Chennai,,600118
N,"Qube Rakki Cinemas Screen 1, Tiruvallur, Tamil Nadu",CINEMA002087,locality,South,Tamil Nadu,Tiruvallur,,602001
N,"Qube Rakki Screen 2 - Tiruvallu, Tiruvallur, Tamil Nadu",CINEMA002088,locality,South,Tamil Nadu,Tiruvallur,,
N,"Qube Rakki Theatre, Chennai, Tamil Nadu",CINEMA002089,locality,South,Tamil Nadu,Chennai,,
N,"Qube Ram Balaji Theatre, Dharmapuri, Tamil Nadu",CINEMA002090,locality,South,Tamil Nadu,Dharmapuri,,
N,"Qube Ramachandra Talkies, Pernambut, Tamil Nadu",CINEMA002091,locality,South,Tamil Nadu,Pernambut,,
N,"Qube Ramadass Theatre Screen 1, Sunguvar Chatram, Tamil Nadu",CINEMA002092,locality,South,Tamil Nadu,Sunguvar Chatram,,602106
N,"Qube Ramakrishna Talkies, Srivilliputhur, Tamil Nadu",CINEMA002093,locality,South,Tamil Nadu,Srivilliputhur,,
N,"Qube Ramba Theatre, Tiruchirappalli, Tamil Nadu",CINEMA002094,locality,South,Tamil Nadu,Tiruchirappalli,,
N,"Qube Randhini Theatre, Chennai, Tamil Nadu",CINEMA002095,locality,South,Tamil Nadu,Chennai,,
N,"Qube Revathi Theatre, Tiruppur, Tamil Nadu",CINEMA002096,locality,South,Tamil Nadu,Tiruppur,,
N,"Qube Revathy Theatre, Srivilliputhur, Tamil Nadu",CINEMA002097,locality,South,Tamil Nadu,Srivilliputhur,,
N,"Qube Rohini Theatre, Chennai, Tamil Nadu",CINEMA002098,locality,South,Tamil Nadu,Chennai,,
N,"Qube D-Lounge (formerly Roopam Theatre), Chennai, Tamil Nadu",CINEMA002099,locality,South,Tamil Nadu,Chennai,,600040
N,"Qube Royal Talkies, Pallipalayam, Tamil Nadu",CINEMA002100,locality,South,Tamil Nadu,Pallipalayam,,
N,"Qube Rukmini Theatre, Chennai, Tamil Nadu",CINEMA002101,locality,South,Tamil Nadu,Chennai,,600099
N,"Qube Rupini Theatre, Chennai, Tamil Nadu",CINEMA002102,locality,South,Tamil Nadu,Chennai,,
N,"Qube KVK Cinemas Screen 1, Coimbatore, Tamil Nadu",CINEMA002103,locality,South,Tamil Nadu,Coimbatore,,641653
N,"Qube S.S.Theatre, Madugadipet, Tamil Nadu",CINEMA002104,locality,South,Tamil Nadu,Madugadipet,,605107
N,"Qube Sakthi Cinemas, Papanasam, Tamil Nadu",CINEMA002105,locality,South,Tamil Nadu,Papanasam,,614205
N,"Qube Sakthi Murugan Theatre, Chennai, Tamil Nadu",CINEMA002106,locality,South,Tamil Nadu,Chennai,,
N,"Qube Sakthi Theatre, Tiruppur, Tamil Nadu",CINEMA002107,locality,South,Tamil Nadu,Tiruppur,,
N,"Qube Sakthi Theatre, Madurai, Tamil Nadu",CINEMA002108,locality,South,Tamil Nadu,Madurai,,625001
N,"Qube Sakthi Theatre Screen 1, Tiruvannamalai, Tamil Nadu",CINEMA002109,locality,South,Tamil Nadu,Tiruvannamalai,,606601
N,"Qube Sakthivel Murugan Theatre, Ponneri, Tamil Nadu",CINEMA002110,locality,South,Tamil Nadu,Ponneri,,
N,"Qube Sangam Theatre, Chennai, Tamil Nadu",CINEMA002111,locality,South,Tamil Nadu,Chennai,,600084
N,"Qube Sangam Theatre, Chengam, Tamil Nadu",CINEMA002112,locality,South,Tamil Nadu,Chengam,,606701
N,"Qube Sangam Theatre, Vaniyambadi, Tamil Nadu",CINEMA002113,locality,South,Tamil Nadu,Vaniyambadi,,635751
N,"Qube Sangeeth Theatre, Salem, Tamil Nadu",CINEMA002114,locality,South,Tamil Nadu,Salem,,
N,"Qube Sangeetha Theatre, Somanur, Tamil Nadu",CINEMA002115,locality,South,Tamil Nadu,Somanur,,
N,"Qube Sangeetha Theatre, Erode, Tamil Nadu",CINEMA002116,locality,South,Tamil Nadu,Erode,,
N,"Qube Santhanakrishna Talkies, Palani, Tamil Nadu",CINEMA002117,locality,South,Tamil Nadu,Palani,,
N,"Qube Saradha Theatre, Coimbatore, Tamil Nadu",CINEMA002118,locality,South,Tamil Nadu,Coimbatore,,641018
N,"Qube Saratha Theatre, Coimbatore, Tamil Nadu",CINEMA002119,locality,South,Tamil Nadu,Coimbatore,,
N,"Qube Saravana Theatre, Chennai, Tamil Nadu",CINEMA002120,locality,South,Tamil Nadu,Chennai,,
N,"Qube Saravana Theatre, Palakode, Tamil Nadu",CINEMA002121,locality,South,Tamil Nadu,Palakode,,636808
N,"Qube Saroja Theatre, Tiruchirappalli, Tamil Nadu",CINEMA002122,locality,South,Tamil Nadu,Tiruchirappalli,,620010
N,"Qube Sarojini Theatre, Kaveripattinam, Tamil Nadu",CINEMA002123,locality,South,Tamil Nadu,Kaveripattinam,,635112
N,"Qube Sathiyan Theatre, Karaikudi, Tamil Nadu",CINEMA002124,locality,South,Tamil Nadu,Karaikudi,,630002
N,"Qube Sathya Theatre, Sathyamangalam, Tamil Nadu",CINEMA002125,locality,South,Tamil Nadu,Sathyamangalam,,
N,"Qube Sathyam Touring Talkies, Thoothukudi, Tamil Nadu",CINEMA002126,locality,South,Tamil Nadu,Thoothukudi,,
N,"Qube Sangeetha Theatre Screen 4, Somanur, Tamil Nadu",CINEMA002127,locality,South,Tamil Nadu,Somanur,,641668
N,"Qube Selvakumar Theatre, Muthur, Tamil Nadu",CINEMA002128,locality,South,Tamil Nadu,Muthur,,638105
N,"Qube Senthil Theatre, Kattuputhur, Tamil Nadu",CINEMA002129,locality,South,Tamil Nadu,Kattuputhur,,
N,"Qube Shanthi Cinemas Screen 1, Mannargudi, Tamil Nadu",CINEMA002130,locality,South,Tamil Nadu,Mannargudi,,
N,"Qube Shanthi Theatre, Coimbatore, Tamil Nadu",CINEMA002131,locality,South,Tamil Nadu,Coimbatore,,
N,"Qube Shanthi Theatre, Tiruchirappalli, Tamil Nadu",CINEMA002132,locality,South,Tamil Nadu,Tiruchirappalli,,
N,"Qube Shanthi Theatre, Pudukkottai, Tamil Nadu",CINEMA002133,locality,South,Tamil Nadu,Pudukkottai,,622001
N,"Qube Sri Ganesh Theatre, Sivakasi, Tamil Nadu",CINEMA002134,locality,South,Tamil Nadu,Sivakasi,,626123
N,"Qube Sivakumar Theatre, Sirkazhi, Tamil Nadu",CINEMA002135,locality,South,Tamil Nadu,Sirkazhi,,609110
N,"Qube Sivam Theatre, Coimbatore, Tamil Nadu",CINEMA002136,locality,South,Tamil Nadu,Coimbatore,,641301
N,"Qube Sivan Theatre, Tiruppur, Tamil Nadu",CINEMA002137,locality,South,Tamil Nadu,Tiruppur,,
N,"Qube SNS Theatre, Thiruthuraipoondi, Tamil Nadu",CINEMA002138,locality,South,Tamil Nadu,Thiruthuraipoondi,,
N,"Qube Sree Baala A/C Theatre, Chennai, Tamil Nadu",CINEMA002139,locality,South,Tamil Nadu,Chennai,,600053
N,"Qube Sree Balaji Theatre A/c DTS, Ambasamudram, Tamil Nadu",CINEMA002140,locality,South,Tamil Nadu,Ambasamudram,,
N,"Qube Sree Lakshmi Talkies, Komarapalayam, Tamil Nadu",CINEMA002141,locality,South,Tamil Nadu,Komarapalayam,,
N,"Qube Sree Lakshmi Theatre, Chennai, Tamil Nadu",CINEMA002142,locality,South,Tamil Nadu,Chennai,,
N,"Qube Sree Manjunatha Talkies, Hosur, Tamil Nadu",CINEMA002143,locality,South,Tamil Nadu,Hosur,,
N,"Qube Sree Murugan Theatre, Tiruppattur, Tamil Nadu",CINEMA002144,locality,South,Tamil Nadu,Tiruppattur,,
N,"Qube Sree Murugan Theatre, Erode, Tamil Nadu",CINEMA002145,locality,South,Tamil Nadu,Erode,,638311
N,"Qube Sree Raja Sabari Theatre, Salem, Tamil Nadu",CINEMA002146,locality,South,Tamil Nadu,Salem,,636006
N,"Qube Sree Sivaji Theatre, Vaniyambadi, Tamil Nadu",CINEMA002147,locality,South,Tamil Nadu,Vaniyambadi,,635751
N,"Qube Sree Vijay Theatre Screen 1, Vaniyambadi, Tamil Nadu",CINEMA002148,locality,South,Tamil Nadu,Vaniyambadi,,635751
N,"Qube Sree Vinayaka Theatre, Annur, Tamil Nadu",CINEMA002149,locality,South,Tamil Nadu,Annur,,
N,"Qube Sri Baba Theatres Pvt Ltd - Archana 70MM, Coimbatore, Tamil Nadu",CINEMA002150,locality,South,Tamil Nadu,Coimbatore,,
N,"Qube Sri Bagiyalakshmi Theatre, Karimangalam, Tamil Nadu",CINEMA002151,locality,South,Tamil Nadu,Karimangalam,,
N,"Qube Sri Bala Krishna Talkies Screen 1, Thoothukudi, Tamil Nadu",CINEMA002152,locality,South,Tamil Nadu,Thoothukudi,,
N,"Qube Sri Balaji Theatre, Hosur, Tamil Nadu",CINEMA002153,locality,South,Tamil Nadu,Hosur,,
N,"Qube Sri Balaji Theatre, Rajapalayam, Tamil Nadu",CINEMA002154,locality,South,Tamil Nadu,Rajapalayam,,626108
N,"Qube Sri Balaji Theatre, Kondur, Tamil Nadu",CINEMA002155,locality,South,Tamil Nadu,Kondur,,
N,"Qube Sri Balamurugan Theatre, Tiruppattur, Tamil Nadu",CINEMA002156,locality,South,Tamil Nadu,Tiruppattur,,
N,"Qube Sri Balasubramaniar Deluxe Theatre, Kanchipuram, Tamil Nadu",CINEMA002157,locality,South,Tamil Nadu,Kanchipuram,,631501
N,"Qube Sri Balasubramaniar Talkies A/c, Tiruvannamalai, Tamil Nadu",CINEMA002158,locality,South,Tamil Nadu,Tiruvannamalai,,
N,"Qube Sri Balasubramaniar Theatre, Kanchipuram, Tamil Nadu",CINEMA002159,locality,South,Tamil Nadu,Kanchipuram,,631501
N,"Qube Sri Balasubramaniyar Paradise, Tiruvannamalai, Tamil Nadu",CINEMA002160,locality,South,Tamil Nadu,Tiruvannamalai,,
N,"Qube Sri Bhagavathi Theatre, Chennai, Tamil Nadu",CINEMA002161,locality,South,Tamil Nadu,Chennai,,
N,"Qube Sri Bhuvaneswari Theatre, Tirukalukundram, Tamil Nadu",CINEMA002162,locality,South,Tamil Nadu,Tirukalukundram,,
N,"Qube Sri Devi Theatre, Arakonam, Tamil Nadu",CINEMA002163,locality,South,Tamil Nadu,Arakonam,,
N,"Qube Sri Durga Theatre Screen 1, Thiruttani, Tamil Nadu",CINEMA002164,locality,South,Tamil Nadu,Thiruttani,,
N,"Qube Sri Ganesa Theatre, Uthangarai, Tamil Nadu",CINEMA002165,locality,South,Tamil Nadu,Uthangarai,,635207
N,"Qube Sri Ganga Theatre, Chennai, Tamil Nadu",CINEMA002166,locality,South,Tamil Nadu,Chennai,,
N,"Qube Sri Gopalakrishna Theatre Screen 1, Chennai, Tamil Nadu",CINEMA002167,locality,South,Tamil Nadu,Chennai,,
N,"Qube Sri Kalaimagal Theatre, Tiruppattur, Tamil Nadu",CINEMA002168,locality,South,Tamil Nadu,Tiruppattur,,
N,"Qube Sri Karthik Theatre, Ambur, Tamil Nadu",CINEMA002169,locality,South,Tamil Nadu,Ambur,,
N,"Qube Sri Karuna Theatre Screen 1, Annur, Tamil Nadu",CINEMA002170,locality,South,Tamil Nadu,Annur,,
N,"Qube Sri Krishna Talkies, Thiruchendur, Tamil Nadu",CINEMA002171,locality,South,Tamil Nadu,Thiruchendur,,628215
N,"Qube Sri Lakshmana Theatre, Dindigul, Tamil Nadu",CINEMA002172,locality,South,Tamil Nadu,Dindigul,,624401
N,"Qube Sri Lakshmi Devi Picture Palace, Hosur, Tamil Nadu",CINEMA002173,locality,South,Tamil Nadu,Hosur,,635126
N,"Qube Sri Lakshmi Talkies, Arani, Tamil Nadu",CINEMA002174,locality,South,Tamil Nadu,Arani,,
N,"Qube Sri Lakshmi Theatre, Chennai, Tamil Nadu",CINEMA002175,locality,South,Tamil Nadu,Chennai,,600006
N,"Qube Sri Meenambika Theatre, Somanur, Tamil Nadu",CINEMA002176,locality,South,Tamil Nadu,Somanur,,
N,"Qube Sri Muneswarar TheatreA/C, Madurai, Tamil Nadu",CINEMA002177,locality,South,Tamil Nadu,Madurai,,
N,"Qube Sri Murugan Theatre, Chennai, Tamil Nadu",CINEMA002178,locality,South,Tamil Nadu,Chennai,,600053
N,"Qube Sri Murugan Theatre, Ambur, Tamil Nadu",CINEMA002179,locality,South,Tamil Nadu,Ambur,,635802
N,"Qube Sri Murugan Theatre, Krishnagiri, Tamil Nadu",CINEMA002180,locality,South,Tamil Nadu,Krishnagiri,,
N,"Qube Sri Murugan Theatre, Coimbatore, Tamil Nadu",CINEMA002181,locality,South,Tamil Nadu,Coimbatore,,
N,"Qube Sri Palaniandavar Theatre, Sivakasi, Tamil Nadu",CINEMA002182,locality,South,Tamil Nadu,Sivakasi,,
N,"Qube Sri Pandian Theatre, Chennai, Tamil Nadu",CINEMA002183,locality,South,Tamil Nadu,Chennai,,600118
N,"Qube Sri Rajam Theatre, Komarapalayam, Tamil Nadu",CINEMA002184,locality,South,Tamil Nadu,Komarapalayam,,
N,"Qube Sri Rajam Theatre, Dharmapuri, Tamil Nadu",CINEMA002185,locality,South,Tamil Nadu,Dharmapuri,,
N,"Qube Sri Rajarajeswari Theatre, Chinnasalem, Tamil Nadu",CINEMA002186,locality,South,Tamil Nadu,Chinnasalem,,606201
N,"Qube Sri Ranga Raj Talkies, Srirangam, Tamil Nadu",CINEMA002187,locality,South,Tamil Nadu,Srirangam,,
N,"Qube Sri Rangaraja Talkies, Bhuvanagiri, Tamil Nadu",CINEMA002188,locality,South,Tamil Nadu,Bhuvanagiri,,
N,"Qube Sri Roja Theatre, Tiruvallur, Tamil Nadu",CINEMA002189,locality,South,Tamil Nadu,Tiruvallur,,602001
N,"Qube Sri Sakthi Theatre, Mettupalayam, Tamil Nadu",CINEMA002190,locality,South,Tamil Nadu,Mettupalayam,,
N,"Qube Sri Sakthivelan Thirai Arangam, Coimbatore, Tamil Nadu",CINEMA002191,locality,South,Tamil Nadu,Coimbatore,,
N,"Qube Sri Shanmuga Theatre, Chennai, Tamil Nadu",CINEMA002192,locality,South,Tamil Nadu,Chennai,,
N,"Qube Sri Sowdambigai Talkies, Mettur, Tamil Nadu",CINEMA002193,locality,South,Tamil Nadu,Mettur,,
N,"Qube Sri Vela Cinemas, Thirininravur, Tamil Nadu",CINEMA002194,locality,South,Tamil Nadu,Thirininravur,,
N,"Qube Sri Vela Cinemas, Tiruvallur, Tamil Nadu",CINEMA002195,locality,South,Tamil Nadu,Tiruvallur,,602024
N,"Qube Sri Vellai Vinayagar Theatre, Tiruchuli, Tamil Nadu",CINEMA002196,locality,South,Tamil Nadu,Tiruchuli,,
N,"Qube Sri Venkateswara Theatre, Chennai, Tamil Nadu",CINEMA002197,locality,South,Tamil Nadu,Chennai,,
N,"Qube Sri Vishnu Theatre, Bhavani, Tamil Nadu",CINEMA002198,locality,South,Tamil Nadu,Bhavani,,638301
N,"Qube Srinivasa Theatre, Tiruppur, Tamil Nadu",CINEMA002199,locality,South,Tamil Nadu,Tiruppur,,641603
N,"Qube Srinivasa Theatre, Vellore, Tamil Nadu",CINEMA002200,locality,South,Tamil Nadu,Vellore,,
N,"Qube Star Theatre, Tiruchirappalli, Tamil Nadu",CINEMA002201,locality,South,Tamil Nadu,Tiruchirappalli,,620008
N,"Qube STB Theatre, Melakudalur, Tamil Nadu",CINEMA002202,locality,South,Tamil Nadu,Melakudalur,,625518
N,"Qube Sumathi Theatre, Solinger, Tamil Nadu",CINEMA002203,locality,South,Tamil Nadu,Solinger,,631102
N,"Qube Sun Paradise Theatre, Kaveripattinam, Tamil Nadu",CINEMA002204,locality,South,Tamil Nadu,Kaveripattinam,,635112
N,"Qube Sundar Palace, Chennai, Tamil Nadu",CINEMA002205,locality,South,Tamil Nadu,Chennai,,
N,"Qube Sundar Paradise, Chennai, Tamil Nadu",CINEMA002206,locality,South,Tamil Nadu,Chennai,,600118
N,"Qube Suba Deluxe, Aranthangi, Tamil Nadu",CINEMA002207,locality,South,Tamil Nadu,Aranthangi,,
N,"Qube Suprageeth Theatre, Salem, Tamil Nadu",CINEMA002208,locality,South,Tamil Nadu,Salem,,
N,"Qube Swamy Deluxe Theatre, Perambalur, Tamil Nadu",CINEMA002209,locality,South,Tamil Nadu,Perambalur,,621212
N,"Qube Swastik Theatre, Tindivanam, Tamil Nadu",CINEMA002210,locality,South,Tamil Nadu,Tindivanam,,
N,"Qube Tara Talkies, Krishnagiri, Tamil Nadu",CINEMA002211,locality,South,Tamil Nadu,Krishnagiri,,
N,"Qube Thaanam Theatre, Coimbatore, Tamil Nadu",CINEMA002212,locality,South,Tamil Nadu,Coimbatore,,641018
N,"Qube Thai Cines, Vikramasingapuram, Tamil Nadu",CINEMA002213,locality,South,Tamil Nadu,Vikramasingapuram,,627425
N,"Qube Thailammai Theatre, Tiruvarur, Tamil Nadu",CINEMA002214,locality,South,Tamil Nadu,Tiruvarur,,
N,"Qube Thanga Regal Theatre, Madurai, Tamil Nadu",CINEMA002215,locality,South,Tamil Nadu,Madurai,,625001
N,"Qube Thangam DTS Theatre, Omalur, Tamil Nadu",CINEMA002216,locality,South,Tamil Nadu,Omalur,,
N,"Qube Thangam Theatre, Arumuganeri, Tamil Nadu",CINEMA002217,locality,South,Tamil Nadu,Arumuganeri,,
N,"Qube Thangam Thiraiarangam, Pollachi, Tamil Nadu",CINEMA002218,locality,South,Tamil Nadu,Pollachi,,
N,"Qube The Assembly Room, Udhagamandalam, Tamil Nadu",CINEMA002219,locality,South,Tamil Nadu,Udhagamandalam,,643001
N,"Qube Theatre Kalyan, Villupuram, Tamil Nadu",CINEMA002220,locality,South,Tamil Nadu,Villupuram,,605602
N,"Qube Midland Theatre, Madurai, Tamil Nadu",CINEMA002221,locality,South,Tamil Nadu,Madurai,,625016
N,"Qube Theatre Thiagaraja, Pannaipuram, Tamil Nadu",CINEMA002222,locality,South,Tamil Nadu,Pannaipuram,,
N,"Qube Theatre Yuvaraja, Cumbum, Tamil Nadu",CINEMA002223,locality,South,Tamil Nadu,Cumbum,,
N,"Qube Thinnappa Theatre, Karur, Tamil Nadu",CINEMA002224,locality,South,Tamil Nadu,Karur,,
N,"Qube Thirumagal Theatre, Tiruppattur, Tamil Nadu",CINEMA002225,locality,South,Tamil Nadu,Tiruppattur,,
N,"Qube Thirumagal Theatre, Uthangarai, Tamil Nadu",CINEMA002226,locality,South,Tamil Nadu,Uthangarai,,
N,"Qube Thirumalai Theatre, Vellore, Tamil Nadu",CINEMA002227,locality,South,Tamil Nadu,Vellore,,632002
N,"Qube Thirumurugan Thiraiarangam, Chennai, Tamil Nadu",CINEMA002228,locality,South,Tamil Nadu,Chennai,,
N,"Qube TPV Multiplex Screen 1, Alangulam, Tamil Nadu",CINEMA002229,locality,South,Tamil Nadu,Alangulam,,627851
N,"Qube Udayam Theatre, Manapparai, Tamil Nadu",CINEMA002230,locality,South,Tamil Nadu,Manapparai,,
N,"Qube Uma Theatre, Dindigul, Tamil Nadu",CINEMA002231,locality,South,Tamil Nadu,Dindigul,,
N,"Qube Usha Mega Theatre, Tiruppur, Tamil Nadu",CINEMA002232,locality,South,Tamil Nadu,Tiruppur,,638660
N,"Qube Usha Mini Theatre, Tiruppur, Tamil Nadu",CINEMA002233,locality,South,Tamil Nadu,Tiruppur,,638660
N,"Qube V.A.B Theatre, Cheyyar, Tamil Nadu",CINEMA002234,locality,South,Tamil Nadu,Cheyyar,,604407
N,"Qube V.P.S Theatre, Attayampatti, Tamil Nadu",CINEMA002235,locality,South,Tamil Nadu,Attayampatti,,
N,"Qube V.S Theatre, Aranthangi, Tamil Nadu",CINEMA002236,locality,South,Tamil Nadu,Aranthangi,,614616
N,"Qube Vaduganathan Theatre, Chidambaram, Tamil Nadu",CINEMA002237,locality,South,Tamil Nadu,Chidambaram,,
N,"Qube Valarmathi Theatre, Erode, Tamil Nadu",CINEMA002238,locality,South,Tamil Nadu,Erode,,638455
N,"Qube Varadaraja Theatre Screen 1, Chennai, Tamil Nadu",CINEMA002239,locality,South,Tamil Nadu,Chennai,,
N,"Qube Varanasi Theatre, Tiruppur, Tamil Nadu",CINEMA002240,locality,South,Tamil Nadu,Tiruppur,,
N,"Qube Vel Murugan Thiraiarangam, Chennai, Tamil Nadu",CINEMA002241,locality,South,Tamil Nadu,Chennai,,
N,"Qube Velco Pattu Theatre, Chennai, Tamil Nadu",CINEMA002242,locality,South,Tamil Nadu,Chennai,,600113
N,"Qube Velco Theatre, Chennai, Tamil Nadu",CINEMA002243,locality,South,Tamil Nadu,Chennai,,
N,"Qube Velmurugan Theatre, Cuddalore, Tamil Nadu",CINEMA002244,locality,South,Tamil Nadu,Cuddalore,,
N,"Qube Velmurugan Theatre, Melakudalur, Tamil Nadu",CINEMA002245,locality,South,Tamil Nadu,Melakudalur,,
N,"Qube Venkateshwara Theatre, Villupuram, Tamil Nadu",CINEMA002246,locality,South,Tamil Nadu,Villupuram,,
N,"Qube Sri Venkateswara Theatre, Arani, Tamil Nadu",CINEMA002247,locality,South,Tamil Nadu,Arani,,
N,"Qube Venkateswara Theatre, Solasiramani, Tamil Nadu",CINEMA002248,locality,South,Tamil Nadu,Solasiramani,,
N,"Qube Venkateswara Theatre Screen 1, Chennai, Tamil Nadu",CINEMA002249,locality,South,Tamil Nadu,Chennai,,
N,"Qube Venus Theatre, Vellore, Tamil Nadu",CINEMA002250,locality,South,Tamil Nadu,Vellore,,
N,"Qube VEST Talkies, Pudukkottai, Tamil Nadu",CINEMA002251,locality,South,Tamil Nadu,Pudukkottai,,622001
N,"Qube Vijay Theatre ( formerly M A J Cine Park ), Pudukkottai, Tamil Nadu",CINEMA002252,locality,South,Tamil Nadu,Pudukkottai,,622001
N,"Qube Vijaya Theatre, Modakuruchi, Tamil Nadu",CINEMA002253,locality,South,Tamil Nadu,Modakuruchi,,
N,"Qube Vijaya Theatre, Thanjavur, Tamil Nadu",CINEMA002254,locality,South,Tamil Nadu,Thanjavur,,
N,"Qube Vijayan Theatre, Perundalaiyur, Tamil Nadu",CINEMA002255,locality,South,Tamil Nadu,Perundalaiyur,,
N,"Qube Vijila Theatre, Thiruthuraipoondi, Tamil Nadu",CINEMA002256,locality,South,Tamil Nadu,Thiruthuraipoondi,,614713
N,"Qube Visuals Screen 1, Dharapuram, Tamil Nadu",CINEMA002257,locality,South,Tamil Nadu,Dharapuram,,638656
N,"Qube Rohini Theatre, Chennai, Tamil Nadu",CINEMA002258,locality,South,Tamil Nadu,Chennai,,
N,"Qube Woodlands Symphony Theatre, Chennai, Tamil Nadu",CINEMA002259,locality,South,Tamil Nadu,Chennai,,
N,"Qube Woodlands Theatre, Chennai, Tamil Nadu",CINEMA002260,locality,South,Tamil Nadu,Chennai,,600014
N,"Qube Yamuna Theatre, Coimbatore, Tamil Nadu",CINEMA002261,locality,South,Tamil Nadu,Coimbatore,,
N,"Qube Yamuna Theatre, Chennai, Tamil Nadu",CINEMA002262,locality,South,Tamil Nadu,Chennai,,600118
N,"Qube Yamuna Theatre, Panachamoodu, Tamil Nadu",CINEMA002263,locality,South,Tamil Nadu,Panachamoodu,,
N,"Qube Yazhini Gold Screen, Sivaganga, Tamil Nadu",CINEMA002264,locality,South,Tamil Nadu,Sivaganga,,
N,"Qube Yazhini Max, Sivaganga, Tamil Nadu",CINEMA002265,locality,South,Tamil Nadu,Sivaganga,,630561
N,"Qube Yazhini Mini, Sivaganga, Tamil Nadu",CINEMA002266,locality,South,Tamil Nadu,Sivaganga,,630561
N,"Qube Zeon Cinemas Screen 1, Gobichettipalayam, Tamil Nadu",CINEMA002267,locality,South,Tamil Nadu,Gobichettipalayam,,
N,"Qube Achi Reddy Theater, Haliya, Telangana",CINEMA002268,locality,South,Telangana,Haliya,,508377
N,"Qube Aditya 70MM AC DTS, Kamalapuram, Telangana",CINEMA002269,locality,South,Telangana,Kamalapuram,,
N,"Qube AMB Cinemas Screen 1, Hyderabad, Telangana",CINEMA002270,locality,South,Telangana,Hyderabad,,
N,"Qube Anand Theatre, Bhupalapally, Telangana",CINEMA002271,locality,South,Telangana,Bhupalapally,,
N,"Qube Annapurna Theatre, Huzurabad, Telangana",CINEMA002272,locality,South,Telangana,Huzurabad,,
N,"Qube Ashoka Theatre, Hanamkonda, Telangana",CINEMA002273,locality,South,Telangana,Hanamkonda,,506001
N,"Qube Ashoka Theatre, Kalwakurthy, Telangana",CINEMA002274,locality,South,Telangana,Kalwakurthy,,
N,"Qube Asian Cinemas - Screen 1, Hyderabad, Telangana",CINEMA002275,locality,South,Telangana,Hyderabad,,
N,"Qube Asian MJR Mall Multiplex Screen 1, Hyderabad, Telangana",CINEMA002276,locality,South,Telangana,Hyderabad,,500088
N,"Qube Asian Natraj Deluxe A/c Theatre, Sircilla, Telangana",CINEMA002277,locality,South,Telangana,Sircilla,,505301
N,"Qube Asian Sha 70MM Theatre, Hyderabad, Telangana",CINEMA002278,locality,South,Telangana,Hyderabad,,500054
N,"Qube Asian Shahensha 70MM Theatre, Hyderabad, Telangana",CINEMA002279,locality,South,Telangana,Hyderabad,,500054
N,"Qube Asian Sridevi Mall Screen 1, Hanamkonda, Telangana",CINEMA002280,locality,South,Telangana,Hanamkonda,,
N,"Qube Asian Venkateswara Kala Mandir (Formerly known as Venkatesh Kalamandir), Siddipet, Telangana",CINEMA002281,locality,South,Telangana,Siddipet,,
N,"Qube Badradry Theatre 70mm, Bhongir, Telangana",CINEMA002282,locality,South,Telangana,Bhongir,,
N,"Qube Balaji Theatre, Siddipet, Telangana",CINEMA002283,locality,South,Telangana,Siddipet,,
N,"Qube Balaji theatre, Warangal, Telangana",CINEMA002284,locality,South,Telangana,Warangal,,
N,"Qube Bhavani Picture Palace, Kazipet, Telangana",CINEMA002285,locality,South,Telangana,Kazipet,,506003
N,"Qube Bhujanga 70MM, Hyderabad, Telangana",CINEMA002286,locality,South,Telangana,Hyderabad,,500055
N,"Qube Bhuvaneswar Talkies, Ieeja, Telangana",CINEMA002287,locality,South,Telangana,Ieeja,,
N,"Qube BR Hitech Theatre, Hyderabad, Telangana",CINEMA002288,locality,South,Telangana,Hyderabad,,
N,"Qube Brahmarambha 70 MM A/C Dts, Hyderabad, Telangana",CINEMA002289,locality,South,Telangana,Hyderabad,,500006
N,"Qube Carnival - Ram Laxman Screen 1, Warangal, Telangana",CINEMA002290,locality,South,Telangana,Warangal,,506002
N,"Qube Sri Tirumala - Tandur, Tandur, Telangana",CINEMA002291,locality,South,Telangana,Tandur,,501141
N,"Qube Chandrakala Theatre, Hyderabad, Telangana",CINEMA002292,locality,South,Telangana,Hyderabad,,
N,"Qube Cine Planet Screen 1, Hyderabad, Telangana",CINEMA002293,locality,South,Telangana,Hyderabad,,
N,"Qube Cinemax 70mm A/c DTS, Vikarabad, Telangana",CINEMA002294,locality,South,Telangana,Vikarabad,,
N,"Qube Connplex Smart Theatre Screen 1, Kodad, Telangana",CINEMA002295,locality,South,Telangana,Kodad,,508206
N,"Qube Devi 70MM, Hyderabad, Telangana",CINEMA002296,locality,South,Telangana,Hyderabad,,500020
N,"Qube Devi 70MM, Jangaon, Telangana",CINEMA002297,locality,South,Telangana,Jangaon,,
N,"Qube Devi 70mm A/C, Nizamabad, Telangana",CINEMA002298,locality,South,Telangana,Nizamabad,,
N,"Qube Dharshan Deluxe Theatre, Kamareddy, Telangana",CINEMA002299,locality,South,Telangana,Kamareddy,,
N,"Qube Eswar 70mm A/C Dts, Hyderabad, Telangana",CINEMA002300,locality,South,Telangana,Hyderabad,,
N,"Qube Ganesh 70 MM, Hyderabad, Telangana",CINEMA002301,locality,South,Telangana,Hyderabad,,501218
N,"Qube Asian Gemini Cinemas Screen 1, Warangal, Telangana",CINEMA002302,locality,South,Telangana,Warangal,,506002
N,"Qube Gokul Theatre 70MM, Hyderabad, Telangana",CINEMA002303,locality,South,Telangana,Hyderabad,,
N,"Qube GPR Mall - Screen 1, Hyderabad, Telangana",CINEMA002304,locality,South,Telangana,Hyderabad,,
N,"Qube Indira 70 mm A/c dts, Hyderabad, Telangana",CINEMA002305,locality,South,Telangana,Hyderabad,,
N,"Qube Jagadhamba Theatre, Ghatkesar, Telangana",CINEMA002306,locality,South,Telangana,Ghatkesar,,
N,"Qube Jayasree Talkies, Narsampet, Telangana",CINEMA002307,locality,South,Telangana,Narsampet,,506132
N,"Qube Kalanjali Picture Palace, Yellanadu, Telangana",CINEMA002308,locality,South,Telangana,Yellanadu,,
N,"Qube Konark theatre, Hyderabad, Telangana",CINEMA002309,locality,South,Telangana,Hyderabad,,
N,"Qube Krishna Kalamandhir A/C DTS, Jangaon, Telangana",CINEMA002310,locality,South,Telangana,Jangaon,,506167
N,"Qube Lakshmi A/C Deluxe Theatre, Korutla, Telangana",CINEMA002311,locality,South,Telangana,Korutla,,
N,"Qube Lakshmi A/C Deluxe Theatre, Metpally, Telangana",CINEMA002312,locality,South,Telangana,Metpally,,
N,"Qube Lakshmi Narasimha Theatre, Nalgonda, Telangana",CINEMA002313,locality,South,Telangana,Nalgonda,,
N,"Qube Lakshmi Theatre, Maripeda, Telangana",CINEMA002314,locality,South,Telangana,Maripeda,,506315
N,"Qube Lakshmi Theatre, Mall, Telangana",CINEMA002315,locality,South,Telangana,Mall,,508245
N,"Qube Lakshmi Theatre, Mahabubnagar, Telangana",CINEMA002316,locality,South,Telangana,Mahabubnagar,,
N,"Qube Lakshmikala Theatre, Hyderabad, Telangana",CINEMA002317,locality,South,Telangana,Hyderabad,,500015
N,"Qube Lalitha Kala Theatre (Formerly Known as Lalitha 70MM), Hyderabad, Telangana",CINEMA002318,locality,South,Telangana,Hyderabad,,
N,"Qube Lalitha Kalamandir, Yellanadu, Telangana",CINEMA002319,locality,South,Telangana,Yellanadu,,
N,"Qube Laxmi Kalamandir, Mahabubabad, Telangana",CINEMA002320,locality,South,Telangana,Mahabubabad,,
N,"Qube Maha Lakshmi 35MM A/C DTS, Hyderabad, Telangana",CINEMA002321,locality,South,Telangana,Hyderabad,,500049
N,"Qube Maha Lakshmi 70MM A/C DTS, Hyderabad, Telangana",CINEMA002322,locality,South,Telangana,Hyderabad,,
N,"Qube Maha Lakshmi Theatre, Ghanpur, Telangana",CINEMA002323,locality,South,Telangana,Ghanpur,,
N,"Qube Maheshwari 70MM A/c Theatre, Sadasivapet, Telangana",CINEMA002324,locality,South,Telangana,Sadasivapet,,
N,"Qube Maheshwari Theatre, Kothagudem, Telangana",CINEMA002325,locality,South,Telangana,Kothagudem,,507101
N,"Qube Maheswari 70MM Theatre, Zaheerabad, Telangana",CINEMA002326,locality,South,Telangana,Zaheerabad,,
N,"Qube Maheswari Theatre, Banswada, Telangana",CINEMA002327,locality,South,Telangana,Banswada,,503187
N,"Qube Malleswari Theatre, Velicharla, Telangana",CINEMA002328,locality,South,Telangana,Velicharla,,508223
N,"Qube Mallikarjuna 70 MM A/C Dts, Hyderabad, Telangana",CINEMA002329,locality,South,Telangana,Hyderabad,,500006
N,"Qube Mamatha 70MM AC Theatre, Karimnagar, Telangana",CINEMA002330,locality,South,Telangana,Karimnagar,,
N,"Qube Manikanta Theatre A/c, Chevella, Telangana",CINEMA002331,locality,South,Telangana,Chevella,,501503
N,"Qube Manoj Theatre A/C DTS, Devarakonda, Telangana",CINEMA002332,locality,South,Telangana,Devarakonda,,508248
N,"Qube Megha Theatre 70MM A/C DTS, Hyderabad, Telangana",CINEMA002333,locality,South,Telangana,Hyderabad,,500060
N,"Qube Metro 70MM A/c Theatre, Hyderabad, Telangana",CINEMA002334,locality,South,Telangana,Hyderabad,,
N,"Qube Mohan Theatre, Kesamudram, Telangana",CINEMA002335,locality,South,Telangana,Kesamudram,,506112
N,"Qube Mukund Theatre, Medchal, Telangana",CINEMA002336,locality,South,Telangana,Medchal,,501401
N,"Qube Mukund Theatre, Warangal, Telangana",CINEMA002337,locality,South,Telangana,Warangal,,506006
N,"Qube Nagendra 70 mm A/c dts, Hyderabad, Telangana",CINEMA002338,locality,South,Telangana,Hyderabad,,500006
N,"Qube Narayana 70MM, Nirmal, Telangana",CINEMA002339,locality,South,Telangana,Nirmal,,504106
N,"Qube Nataraj Theatre, Nalgonda, Telangana",CINEMA002340,locality,South,Telangana,Nalgonda,,
N,"Qube Natraj Deluxe, Adilabad, Telangana",CINEMA002341,locality,South,Telangana,Adilabad,,
N,"Qube Natraj Theatre, Sangareddy, Telangana",CINEMA002342,locality,South,Telangana,Sangareddy,,502001
N,"Qube Navya 70MM Theatre, Suryapet, Telangana",CINEMA002343,locality,South,Telangana,Suryapet,,508213
N,"Qube Parameswara 70MM Theatre, Shadnagar, Telangana",CINEMA002344,locality,South,Telangana,Shadnagar,,
N,"Qube Pardhasaradhi Theatre, Kalwakurthy, Telangana",CINEMA002345,locality,South,Telangana,Kalwakurthy,,509324
N,"Qube Prashanth Theatre, Hyderabad, Telangana",CINEMA002346,locality,South,Telangana,Hyderabad,,500003
N,"Qube Prathima Screen 1, Karimnagar, Telangana",CINEMA002347,locality,South,Telangana,Karimnagar,,
N,"Qube Priya 70MM Theatre, Kamareddy, Telangana",CINEMA002348,locality,South,Telangana,Kamareddy,,
N,"Qube Priya Deluxe 35 MM, Kamareddy, Telangana",CINEMA002349,locality,South,Telangana,Kamareddy,,
N,"Qube Priya Picture Palace, Warangal, Telangana",CINEMA002350,locality,South,Telangana,Warangal,,506314
N,"Qube Radhika Screen-1, Hyderabad, Telangana",CINEMA002351,locality,South,Telangana,Hyderabad,,
N,"Qube Radhika Theatre, Warangal, Telangana",CINEMA002352,locality,South,Telangana,Warangal,,506002
N,"Qube Raghava Picture Palace, Miryalaguda, Telangana",CINEMA002353,locality,South,Telangana,Miryalaguda,,
N,"Qube Rajashri Cinema Theatre, Raikal, Telangana",CINEMA002354,locality,South,Telangana,Raikal,,
N,"Qube Rajdhani 70MM Theatre, Hyderabad, Telangana",CINEMA002355,locality,South,Telangana,Hyderabad,,
N,"Qube Rajdhani Deluxe Theatre, Hyderabad, Telangana",CINEMA002356,locality,South,Telangana,Hyderabad,,500060
N,"Qube Rajyalakshmi Theatre, Hyderabad, Telangana",CINEMA002357,locality,South,Telangana,Hyderabad,,500039
N,"Qube Ram Laxman - Screen 2, Warangal, Telangana",CINEMA002358,locality,South,Telangana,Warangal,,
N,"Qube Ramakrishna 70mm Theatre, Hyderabad, Telangana",CINEMA002359,locality,South,Telangana,Hyderabad,,500001
N,"Qube Ramakrishna Theatre, Shadnagar, Telangana",CINEMA002360,locality,South,Telangana,Shadnagar,,
N,"Qube Ramakrishna Theatre A/C DTS, Bellampalli, Telangana",CINEMA002361,locality,South,Telangana,Bellampalli,,
N,"Qube Ramprathap 70mmA/C DTS, Mahabubnagar, Telangana",CINEMA002362,locality,South,Telangana,Mahabubnagar,,509002
N,"Qube Ranga 70mm A/C, Hyderabad, Telangana",CINEMA002363,locality,South,Telangana,Hyderabad,,500055
N,"Qube Ranga Theatre, Khammam, Telangana",CINEMA002364,locality,South,Telangana,Khammam,,
N,"Qube Ravi Theatre, Nagarkurnool, Telangana",CINEMA002365,locality,South,Telangana,Nagarkurnool,,509209
N,"Qube S V R's Shiva Shakthi Theatre, Hyderabad, Telangana",CINEMA002366,locality,South,Telangana,Hyderabad,,
N,"Qube Sai Baba Theatre, Huzurnagar, Telangana",CINEMA002367,locality,South,Telangana,Huzurnagar,,508204
N,"Qube Sai Krishna Theatre 70mm A/c DTS, Metpally, Telangana",CINEMA002368,locality,South,Telangana,Metpally,,
N,"Qube Sai Ram Theatre, Hyderabad, Telangana",CINEMA002369,locality,South,Telangana,Hyderabad,,500047
N,"Qube Sai Ranga Theatre, Hyderabad, Telangana",CINEMA002370,locality,South,Telangana,Hyderabad,,
N,"Qube Saibaba A/c Theatre, Shankarpalli, Telangana",CINEMA002371,locality,South,Telangana,Shankarpalli,,501203
N,"Qube Sailaja 70MM, Vikarabad, Telangana",CINEMA002372,locality,South,Telangana,Vikarabad,,501102
N,"Qube Sampoorna Theatre, Hyderabad, Telangana",CINEMA002373,locality,South,Telangana,Hyderabad,,500070
N,"Qube Sandhya 35MM, Hyderabad, Telangana",CINEMA002374,locality,South,Telangana,Hyderabad,,500020
N,"Qube SANDHYA 70 MM, Hyderabad, Telangana",CINEMA002375,locality,South,Telangana,Hyderabad,,
N,"Qube Sangeetha Picture Palace A/c DTS, Ramachandrapuram, Telangana",CINEMA002376,locality,South,Telangana,Ramachandrapuram,,
N,"Qube Santosh 70MM, Gajwel, Telangana",CINEMA002377,locality,South,Telangana,Gajwel,,502278
N,"Qube Santosh Theatre 70mm A/C, Ibrahimpatnam, Telangana",CINEMA002378,locality,South,Telangana,Ibrahimpatnam,,
N,"Qube Sasi Kala Theatre, Hyderabad, Telangana",CINEMA002379,locality,South,Telangana,Hyderabad,,
N,"Qube Satya Bhaskar Theatre, Khammam, Telangana",CINEMA002380,locality,South,Telangana,Khammam,,
N,"Qube Seetharamanjaneya Talkies, Yellanadu, Telangana",CINEMA002381,locality,South,Telangana,Yellanadu,,
N,"Qube Shakunthala Deluxe, Hasanparthy, Telangana",CINEMA002382,locality,South,Telangana,Hasanparthy,,
N,"Qube Shambhavi Theatre, Kazipet, Telangana",CINEMA002383,locality,South,Telangana,Kazipet,,
N,"Qube Shanthi Theatre, Palvancha, Telangana",CINEMA002384,locality,South,Telangana,Palvancha,,
N,"Qube Shiva 70MM A/C, Karimnagar, Telangana",CINEMA002385,locality,South,Telangana,Karimnagar,,
N,"Qube Sitara Theatre 70MM, Sangareddy, Telangana",CINEMA002386,locality,South,Telangana,Sangareddy,,
N,"Qube Sree Hema Durga Screen 1, Hyderabad, Telangana",CINEMA002387,locality,South,Telangana,Hyderabad,,
N,"Qube Sree Ramana 70MM, Hyderabad, Telangana",CINEMA002388,locality,South,Telangana,Hyderabad,,
N,"Qube Sree Ramana Theatre 35MM, Hyderabad, Telangana",CINEMA002389,locality,South,Telangana,Hyderabad,,500013
N,"Qube Sree Ramulu 70mm, Hyderabad, Telangana",CINEMA002390,locality,South,Telangana,Hyderabad,,
N,"Qube Sree Seetha Rama Chitra Kala Mandir, Manuguru, Telangana",CINEMA002391,locality,South,Telangana,Manuguru,,
N,"Qube Sreenivasa Picture Palace, Huzurnagar, Telangana",CINEMA002392,locality,South,Telangana,Huzurnagar,,508204
N,"Qube Sri Devi Theatre, Mahabubnagar, Telangana",CINEMA002393,locality,South,Telangana,Mahabubnagar,,509381
N,"Qube Sri Jagadhamba Theatre, Khammam, Telangana",CINEMA002394,locality,South,Telangana,Khammam,,
N,"Qube Sri Krishna 70MM AC dts, Hyderabad, Telangana",CINEMA002395,locality,South,Telangana,Hyderabad,,
N,"Qube Sri Krishna Theatre., Aliabad, Telangana",CINEMA002396,locality,South,Telangana,Aliabad,,500101
N,"Qube Sri Lakshmi Deluxe, Hyderabad, Telangana",CINEMA002397,locality,South,Telangana,Hyderabad,,500060
N,"Qube Sri Lakshmi Srinivasa Theatre, Madhira, Telangana",CINEMA002398,locality,South,Telangana,Madhira,,507203
N,"Qube Sri Laxmi Mahal 70 MM Theatre, Tandur, Telangana",CINEMA002399,locality,South,Telangana,Tandur,,
N,"Qube Sri Mohan Talkies, Zaheerabad, Telangana",CINEMA002400,locality,South,Telangana,Zaheerabad,,502220
N,"Qube Sri Prema 70MM, Hyderabad, Telangana",CINEMA002401,locality,South,Telangana,Hyderabad,,501359
N,"Qube Sri Raghavendra Talkies, Makthal, Telangana",CINEMA002402,locality,South,Telangana,Makthal,,509208
N,"Qube Sri Rama Krishna 70MM A/C DTS, Nakrekal, Telangana",CINEMA002403,locality,South,Telangana,Nakrekal,,508211
N,"Qube Sri Ramana Theatre 35 MM, Nagarkurnool, Telangana",CINEMA002404,locality,South,Telangana,Nagarkurnool,,
N,"Qube Sri Ranga Theatre, Mahabubnagar, Telangana",CINEMA002405,locality,South,Telangana,Mahabubnagar,,509103
N,"Qube Sri Sai Raja Deluxe 70 MM, Hyderabad, Telangana",CINEMA002406,locality,South,Telangana,Hyderabad,,
N,"Qube Sri Sai Ram Theater, Achampet, Telangana",CINEMA002407,locality,South,Telangana,Achampet,,
N,"Qube Sri Satyalakshmi 70MM, Achampet, Telangana",CINEMA002408,locality,South,Telangana,Achampet,,509375
N,"Qube Sri Satyanarayana Talkies, Chandur, Telangana",CINEMA002409,locality,South,Telangana,Chandur,,508255
N,"Qube Sri Shiva Sai Deluxe Theatre, Ieeja, Telangana",CINEMA002410,locality,South,Telangana,Ieeja,,
N,"Qube Sri Tirumala 70MM AC Theatre, Khammam, Telangana",CINEMA002411,locality,South,Telangana,Khammam,,507002
N,"Qube Sri Udaya Bhaskara Picture Palace, Khammam, Telangana",CINEMA002412,locality,South,Telangana,Khammam,,
N,"Qube Sri Venkata Sai Theatre, Keesara, Telangana",CINEMA002413,locality,South,Telangana,Keesara,,
N,"Qube Sri Venkatarama Picture Palace, Miryalaguda, Telangana",CINEMA002414,locality,South,Telangana,Miryalaguda,,508218
N,"Qube Sri Venkateshwara, Kollapur, Telangana",CINEMA002415,locality,South,Telangana,Kollapur,,
N,"Qube Sri Venkateshwara Talkies, Mancherial, Telangana",CINEMA002416,locality,South,Telangana,Mancherial,,504208
N,"Qube Sri Venkateswara 70MM A/C, Bodhan, Telangana",CINEMA002417,locality,South,Telangana,Bodhan,,503180
N,"Qube Sri Venkateswara Cinemax, Zaheerabad, Telangana",CINEMA002418,locality,South,Telangana,Zaheerabad,,502220
N,"Qube Sri Venkateswara Theatre, Nakrekal, Telangana",CINEMA002419,locality,South,Telangana,Nakrekal,,
N,"Qube Srinivasa 70MM A/c Theatre, Mahabubnagar, Telangana",CINEMA002420,locality,South,Telangana,Mahabubnagar,,
N,"Qube Srinivasa 70mm A/c Theatre, Mancherial, Telangana",CINEMA002421,locality,South,Telangana,Mancherial,,
N,"Qube Srinivasa Talkies, Choppadandi, Telangana",CINEMA002422,locality,South,Telangana,Choppadandi,,
N,"Qube Srinivasa Theatre, Siddipet, Telangana",CINEMA002423,locality,South,Telangana,Siddipet,,502103
N,"Qube Srinivasa Theatre, Mahabubnagar, Telangana",CINEMA002424,locality,South,Telangana,Mahabubnagar,,509301
N,"Qube Sudarshan 35 MM, Hyderabad, Telangana",CINEMA002425,locality,South,Telangana,Hyderabad,,500020
N,"Qube Sun Cinemas, Warangal, Telangana",CINEMA002426,locality,South,Telangana,Warangal,,
N,"Qube Super 70MM, Hyderabad, Telangana",CINEMA002427,locality,South,Telangana,Hyderabad,,500097
N,"Qube Surya Kalamandir, Nekkonda, Telangana",CINEMA002428,locality,South,Telangana,Nekkonda,,
N,"Qube Surya Kalamandir, Mahabubabad, Telangana",CINEMA002429,locality,South,Telangana,Mahabubabad,,
N,"Qube Sushma Theatre 70MM, Hyderabad, Telangana",CINEMA002430,locality,South,Telangana,Hyderabad,,500070
N,"Qube Tarakarama Cineplex, Hyderabad, Telangana",CINEMA002431,locality,South,Telangana,Hyderabad,,
N,"Qube Tirumala Kalamandir, Mulugu, Telangana",CINEMA002432,locality,South,Telangana,Mulugu,,506343
N,"Qube Tivoli Cinema, Hyderabad, Telangana",CINEMA002433,locality,South,Telangana,Hyderabad,,
N,"Qube Tivoli Talkies, Hyderabad, Telangana",CINEMA002434,locality,South,Telangana,Hyderabad,,
N,"Qube Tivoli Talkies Mini, Hyderabad, Telangana",CINEMA002435,locality,South,Telangana,Hyderabad,,
N,"Qube Tivoli Xtreme ( formerly Lamba 70MM ), Hyderabad, Telangana",CINEMA002436,locality,South,Telangana,Hyderabad,,
N,"Qube Uravashi Theatre, Bhupalapally, Telangana",CINEMA002437,locality,South,Telangana,Bhupalapally,,
N,"Qube Usha Prasad Multiplex Screen 1 (formerly referred as Scr 3), Nizamabad, Telangana",CINEMA002438,locality,South,Telangana,Nizamabad,,503001
N,"Qube V L S Sree Rama Theatre, Jagtial, Telangana",CINEMA002439,locality,South,Telangana,Jagtial,,505460
N,"Qube Vasavi Theatre, Wyra, Telangana",CINEMA002440,locality,South,Telangana,Wyra,,
N,"Qube Venakateswara Theatre, Pebbair, Telangana",CINEMA002441,locality,South,Telangana,Pebbair,,
N,"Qube Venkata Rama Theater, Tallada, Telangana",CINEMA002442,locality,South,Telangana,Tallada,,507167
N,"Qube Venkata Ramana Theatre, Jadcherla, Telangana",CINEMA002443,locality,South,Telangana,Jadcherla,,
N,"Qube Venkateshwara Theatre, Khammam, Telangana",CINEMA002444,locality,South,Telangana,Khammam,,506163
N,"Qube Venkateshwara Theatre - Tirumalgiri, Nalgonda, Telangana",CINEMA002445,locality,South,Telangana,Nalgonda,,
N,"Qube Venkateswara Deluxe Theatre, Mukarampura, Telangana",CINEMA002446,locality,South,Telangana,Mukarampura,,505001
N,"Qube Venkateswara Theatre, Chevella, Telangana",CINEMA002447,locality,South,Telangana,Chevella,,501503
N,"Qube Vijayalakshmi 70 MM, Hyderabad, Telangana",CINEMA002448,locality,South,Telangana,Hyderabad,,500016
N,"Qube Vijayalakshmi 35MM, Hyderabad, Telangana",CINEMA002449,locality,South,Telangana,Hyderabad,,500006
N,"Qube Vijayalakshmi Deluxe, Hyderabad, Telangana",CINEMA002450,locality,South,Telangana,Hyderabad,,500073
N,"Qube Vijetha 70MM A/c, Hyderabad, Telangana",CINEMA002451,locality,South,Telangana,Hyderabad,,
N,"Qube Vimal 70 MM Theatre, Hyderabad, Telangana",CINEMA002452,locality,South,Telangana,Hyderabad,,500042
N,"Qube Vimal A/c DTS, Sircilla, Telangana",CINEMA002453,locality,South,Telangana,Sircilla,,
N,"Qube Vinoda A/C Deluxe Theatre, Khammam, Telangana",CINEMA002454,locality,South,Telangana,Khammam,,507001
N,"Qube Vyjayanthi Cinema, Hyderabad, Telangana",CINEMA002455,locality,South,Telangana,Hyderabad,,500076
N,"Qube Yadagiri 70MM Theatre, Hyderabad, Telangana",CINEMA002456,locality,South,Telangana,Hyderabad,,
N,"Qube Yadagiri Theatre, Gajwel, Telangana",CINEMA002457,locality,South,Telangana,Gajwel,,
N,"Qube AD Cinemas Screen 1, Gorakhpur, Uttar Pradesh",CINEMA002458,locality,North,Uttar Pradesh,Gorakhpur,,273001
N,"Qube Archana Cineplex - Screen 1, Orai, Uttar Pradesh",CINEMA002459,locality,North,Uttar Pradesh,Orai,,285001
N,"Qube AV Starworld Cinemas, Ghazipur, Uttar Pradesh",CINEMA002460,locality,North,Uttar Pradesh,Ghazipur,,233001
N,"Qube Bansal Talkies, Dhampur, Uttar Pradesh",CINEMA002461,locality,North,Uttar Pradesh,Dhampur,,246761
N,"Qube Bharat Starworld Cinemas, Agra, Uttar Pradesh",CINEMA002462,locality,North,Uttar Pradesh,Agra,,282002
N,"Qube Chaudhary SS Multiplex Screen 1, Gangaoli, Uttar Pradesh",CINEMA002463,locality,North,Uttar Pradesh,Gangaoli,,
N,"Qube Fun Cinemas Screen 1, Lakhimpur, Uttar Pradesh",CINEMA002464,locality,North,Uttar Pradesh,Lakhimpur,,
N,"Qube I Musica Cinema Screen 1, Baraut, Uttar Pradesh",CINEMA002465,locality,North,Uttar Pradesh,Baraut,,
N,"Qube K Cinemas Screen 1, Bahraich, Uttar Pradesh",CINEMA002466,locality,North,Uttar Pradesh,Bahraich,,271801
N,"Qube Khilona Cinema Screen 1, Jhansi, Uttar Pradesh",CINEMA002467,locality,North,Uttar Pradesh,Jhansi,,
N,"Qube Manish Palace, Kairana, Uttar Pradesh",CINEMA002468,locality,North,Uttar Pradesh,Kairana,,247774
N,"Qube Mehar Cinema, Agra, Uttar Pradesh",CINEMA002469,locality,North,Uttar Pradesh,Agra,,
N,"Qube Milan Talkies, Gunjdundwara, Uttar Pradesh",CINEMA002470,locality,North,Uttar Pradesh,Gunjdundwara,,
N,"Qube Natraj Cinema, Bareilly, Uttar Pradesh",CINEMA002471,locality,North,Uttar Pradesh,Bareilly,,243001
N,"Qube Novelty MSG Cinemas - Screen 1, Lalbagh, Uttar Pradesh",CINEMA002472,locality,North,Uttar Pradesh,Lalbagh,,
N,"Qube Palace Cinema, Allahabad, Uttar Pradesh",CINEMA002473,locality,North,Uttar Pradesh,Allahabad,,211002
N,"Qube Panna Palace, Agra, Uttar Pradesh",CINEMA002474,locality,North,Uttar Pradesh,Agra,,
N,"Qube Quality Starworld Cinemas Screen 1, Kushinagar, Uttar Pradesh",CINEMA002475,locality,North,Uttar Pradesh,Kushinagar,,274304
N,"Qube R. K Palace, Moradabad, Uttar Pradesh",CINEMA002476,locality,North,Uttar Pradesh,Moradabad,,244001
N,"Qube Starworld Cinema Screen 1 Formerly Known as  Raj Palace Movie Hall, Robertsganj, Uttar Pradesh",CINEMA002477,locality,North,Uttar Pradesh,Robertsganj,,
N,"Qube Rolling Reels Cinema Hathras Screen 1, Hathras, Uttar Pradesh",CINEMA002478,locality,North,Uttar Pradesh,Hathras,,
N,"Qube Rolling Reels Cinema Screen 1, Saharanpur, Uttar Pradesh",CINEMA002479,locality,North,Uttar Pradesh,Saharanpur,,
N,"Qube Rupam Starworld Cinemas Screen 1, Mathura, Uttar Pradesh",CINEMA002480,locality,North,Uttar Pradesh,Mathura,,
N,"Qube Sanjay Talkies, Agra, Uttar Pradesh",CINEMA002481,locality,North,Uttar Pradesh,Agra,,282002
N,"Qube Saraswati Talkies, Unnao, Uttar Pradesh",CINEMA002482,locality,North,Uttar Pradesh,Unnao,,209861
N,"Qube Satyam Cinema, Moradabad, Uttar Pradesh",CINEMA002483,locality,North,Uttar Pradesh,Moradabad,,
N,"Qube Shiela Theatre, Dhampur, Uttar Pradesh",CINEMA002484,locality,North,Uttar Pradesh,Dhampur,,
N,"Qube Shree Talkies, Agra, Uttar Pradesh",CINEMA002485,locality,North,Uttar Pradesh,Agra,,
N,"Qube Star World Cinemas - Screen 1, Allahabad, Uttar Pradesh",CINEMA002486,locality,North,Uttar Pradesh,Allahabad,,
N,"Qube Star World Cinemas Screen 1, Rampur, Uttar Pradesh",CINEMA002487,locality,North,Uttar Pradesh,Rampur,,
N,"Qube Star World Cinemas-Screen 1, Aligarh, Uttar Pradesh",CINEMA002488,locality,North,Uttar Pradesh,Aligarh,,
N,"Qube Star World Rajshree Screen 1, Mirzapur, Uttar Pradesh",CINEMA002489,locality,North,Uttar Pradesh,Mirzapur,,
N,"Qube Starworld Cinemas Screen 1, Bijnor, Uttar Pradesh",CINEMA002490,locality,North,Uttar Pradesh,Bijnor,,
N,"Qube Sun City Cinemas Screen 1, Bulandshahr, Uttar Pradesh",CINEMA002491,locality,North,Uttar Pradesh,Bulandshahr,,203001
N,"Qube Tulsi Palace, Sambhal, Uttar Pradesh",CINEMA002492,locality,North,Uttar Pradesh,Sambhal,,244302
N,"Qube Vijay Talkies, Saharanpur, Uttar Pradesh",CINEMA002493,locality,North,Uttar Pradesh,Saharanpur,,
N,"Qube Vimal Cineplex Screen 1, Agra, Uttar Pradesh",CINEMA002494,locality,North,Uttar Pradesh,Agra,,
N,"Qube Wave Cinema ( Lucknow ) - Screen 1, Lucknow, Uttar Pradesh",CINEMA002495,locality,North,Uttar Pradesh,Lucknow,,
N,"Qube Wave Cinema (Muradabad) Screen 1, Moradabad, Uttar Pradesh",CINEMA002496,locality,North,Uttar Pradesh,Moradabad,,244001
N,"Qube Wave Cinema- Screen 2, Lucknow, Uttar Pradesh",CINEMA002497,locality,North,Uttar Pradesh,Lucknow,,226010
N,"Qube Waves Cinemas ( Shopprix Mall ) - Screen 1, Meerut, Uttar Pradesh",CINEMA002498,locality,North,Uttar Pradesh,Meerut,,
N,"Qube Kay Cinemas Screen 1, Kotdwar, Uttarakhand",CINEMA002499,locality,North,Uttarakhand,Kotdwar,,246150
N,"Qube Movie Zone Screen 1, Haldu Chaur, Uttarakhand",CINEMA002500,locality,North,Uttarakhand,Haldu Chaur,,
N,"Qube New Capitol Cinema, Nainital, Uttarakhand",CINEMA002501,locality,North,Uttarakhand,Nainital,,263001
N,"Qube Rama Palace, Rishikesh, Uttarakhand",CINEMA002502,locality,North,Uttarakhand,Rishikesh,,
N,"Qube Rolling Reels - Screen 1, Roorkee, Uttarakhand",CINEMA002503,locality,North,Uttarakhand,Roorkee,,247667
N,"Qube Silver City Cinemas Screen 1, Dehradun, Uttarakhand",CINEMA002504,locality,North,Uttarakhand,Dehradun,,248001
N,"Qube Sun City Cinemas Screen 1, Kashipur, Uttarakhand",CINEMA002505,locality,North,Uttarakhand,Kashipur,,
N,"Qube Wave Cinema Screen 1, Haridwar, Uttarakhand",CINEMA002506,locality,North,Uttarakhand,Haridwar,,
N,"Qube Wave Cinemas (Rudrapur) Screen 1, Rudrapur, Uttarakhand",CINEMA002507,locality,North,Uttarakhand,Rudrapur,,
N,"Qube Anurupa Cinema, Jagatballavpur, West Bengal",CINEMA002508,locality,East,West Bengal,Jagatballavpur,,
N,"Qube Banirupa Cinema, Barasat, West Bengal",CINEMA002509,locality,East,West Bengal,Barasat,,743424
N,"Qube Banisree Cinema, Domjur, West Bengal",CINEMA002510,locality,East,West Bengal,Domjur,,
N,"Qube Basusree Cinema, Kolkata, West Bengal",CINEMA002511,locality,East,West Bengal,Kolkata,,
N,"Qube Bharti Cinema, Nadia, West Bengal",CINEMA002512,locality,East,West Bengal,Nadia,,
N,"Qube Biswadeep Talkies, Darjeeling, West Bengal",CINEMA002513,locality,East,West Bengal,Darjeeling,,
N,"Qube Biswakarma Talkies, Parganas (North), West Bengal",CINEMA002514,locality,East,West Bengal,Parganas (North),,700106
N,"Qube Burdwan Cinema, Birbhum, West Bengal",CINEMA002515,locality,East,West Bengal,Birbhum,,
N,"Qube Chaitali Cinema, Birbhum, West Bengal",CINEMA002516,locality,East,West Bengal,Birbhum,,731101
N,"Qube Charulata Talkies, Purba Medinipur, West Bengal",CINEMA002517,locality,East,West Bengal,Purba Medinipur,,
N,"Qube Chitrabani Cinema, Howrah, West Bengal",CINEMA002518,locality,East,West Bengal,Howrah,,
N,"Qube Elora Cinema, Baruipur, West Bengal",CINEMA002519,locality,East,West Bengal,Baruipur,,
N,"Qube Gyanoda Talkies, Moyna, West Bengal",CINEMA002520,locality,East,West Bengal,Moyna,,
N,"Qube Jagat Talkies, Kolkata, West Bengal",CINEMA002521,locality,East,West Bengal,Kolkata,,
N,"Qube Jaya Multiplex Barasat Scr 1, Barasat, West Bengal",CINEMA002522,locality,East,West Bengal,Barasat,,
N,"Qube Kakoli Theatre, Hooghly, West Bengal",CINEMA002523,locality,East,West Bengal,Hooghly,,712123
N,"Qube Kalika Cinema, Howrah, West Bengal",CINEMA002524,locality,East,West Bengal,Howrah,,
N,"Qube Karuna Cinema, Hooghly, West Bengal",CINEMA002525,locality,East,West Bengal,Hooghly,,712601
N,"Qube Krishti Cultural Complex, Burdwan, West Bengal",CINEMA002526,locality,East,West Bengal,Burdwan,,
N,"Qube Mahalaxmi, Chanditala, West Bengal",CINEMA002527,locality,East,West Bengal,Chanditala,,
N,"Qube Mahamaya, Baruipur, West Bengal",CINEMA002528,locality,East,West Bengal,Baruipur,,700144
N,"Qube Mahamaya Audi 2, Dakshin Barasat, West Bengal",CINEMA002529,locality,East,West Bengal,Dakshin Barasat,,
N,"Qube Mamani Cinema, Hooghly, West Bengal",CINEMA002530,locality,East,West Bengal,Hooghly,,
N,"Qube Maya Talkies, Dhulian, West Bengal",CINEMA002531,locality,East,West Bengal,Dhulian,,
N,"Qube Miloni, Barasat, West Bengal",CINEMA002532,locality,East,West Bengal,Barasat,,
N,"Qube Najrul Tirtha Audi 2, Kolkata, West Bengal",CINEMA002533,locality,East,West Bengal,Kolkata,,
N,"Qube New Bijoli Theatre, Kapat hat, West Bengal",CINEMA002534,locality,East,West Bengal,Kapat hat,,
N,"Qube Nirmala Cinema, Dhulagori, West Bengal",CINEMA002535,locality,East,West Bengal,Dhulagori,,
N,"Qube Padmasree Cinema, Kolkata, West Bengal",CINEMA002536,locality,East,West Bengal,Kolkata,,
N,"Qube Prachi Cinema, Kolkata, West Bengal",CINEMA002537,locality,East,West Bengal,Kolkata,,
N,"Qube Prantik Cinema, Tehatta, West Bengal",CINEMA002538,locality,East,West Bengal,Tehatta,,
N,"Qube Priya Cinema, Midnapur, West Bengal",CINEMA002539,locality,East,West Bengal,Midnapur,,
N,"Qube Pushpasree Theatre, Howrah, West Bengal",CINEMA002540,locality,East,West Bengal,Howrah,,
N,"Qube Puspa Cinema, Chanchal, West Bengal",CINEMA002541,locality,East,West Bengal,Chanchal,,
N,"Qube Ranjan Cinema, Burdwan, West Bengal",CINEMA002542,locality,East,West Bengal,Burdwan,,
N,"Qube Rupkatha Cinema, Howrah, West Bengal",CINEMA002543,locality,East,West Bengal,Howrah,,
N,"Qube Rupkotha Cinema, Habra, West Bengal",CINEMA002544,locality,East,West Bengal,Habra,,
N,"Qube Rupmaindir Cinema, Belgharia, West Bengal",CINEMA002545,locality,East,West Bengal,Belgharia,,700056
N,"Qube Sadhana Talkies, Jalpaiguri, West Bengal",CINEMA002546,locality,East,West Bengal,Jalpaiguri,,
N,"Qube Sangam Cinema Screen 3, Kalyani, West Bengal",CINEMA002547,locality,East,West Bengal,Kalyani,,
N,"Qube Sangam Theatre, Nadia, West Bengal",CINEMA002548,locality,East,West Bengal,Nadia,,
N,"Qube Sonali Cinema, Kolkata, West Bengal",CINEMA002549,locality,East,West Bengal,Kolkata,,700108
N,"Qube Srikrishna Talkies, Jagatdal, West Bengal",CINEMA002550,locality,East,West Bengal,Jagatdal,,
N,"Binodini Theatre formally known as Star Theatre, Kolkata, West Bengal",CINEMA002551,locality,East,West Bengal,Kolkata,,
N,"Qube Sujata Cinema, Howrah, West Bengal",CINEMA002552,locality,East,West Bengal,Howrah,,
N,"Qube Sujata Theatre, Howrah, West Bengal",CINEMA002553,locality,East,West Bengal,Howrah,,
N,"Qube Surendra Theatre, Nadia, West Bengal",CINEMA002554,locality,East,West Bengal,Nadia,,
N,"Qube SVF Cinema Baruipur - Screen 1, Baruipur, West Bengal",CINEMA002555,locality,East,West Bengal,Baruipur,,700144
N,"Qube SVF Cinema Coochbehar Audi 1, Cooch Behar, West Bengal",CINEMA002556,locality,East,West Bengal,Cooch Behar,,736101
N,"Qube SVF Cinema Dhaniakali, Dhaniakhali, West Bengal",CINEMA002557,locality,East,West Bengal,Dhaniakhali,,
N,"Qube SVF Cinema Haldia Screen 1, Pitambarchak, West Bengal",CINEMA002558,locality,East,West Bengal,Pitambarchak,,721657
N,"Qube SVF Cinema Kalna Audi 1, Kalna, West Bengal",CINEMA002559,locality,East,West Bengal,Kalna,,
N,"Qube SVF Cinema Raigang Audi 1, Raiganj, West Bengal",CINEMA002560,locality,East,West Bengal,Raiganj,,
N,"Qube SVF Cinema Screen 1, Jalpaiguri, West Bengal",CINEMA002561,locality,East,West Bengal,Jalpaiguri,,735101
N,"Qube SVF Cinema Screen 1, Chinsurah, West Bengal",CINEMA002562,locality,East,West Bengal,Chinsurah,,
N,"Qube SVF Cinema Screen 1, Durgapur, West Bengal",CINEMA002563,locality,East,West Bengal,Durgapur,,
N,"Qube SVF Cinema Screen 2, Jalpaiguri, West Bengal",CINEMA002564,locality,East,West Bengal,Jalpaiguri,,735101
N,"Qube SVF Cinema Screen 2, Chinsurah, West Bengal",CINEMA002565,locality,East,West Bengal,Chinsurah,,712103
N,"Qube SVF Cinema Screen 2, Durgapur, West Bengal",CINEMA002566,locality,East,West Bengal,Durgapur,,713213
N,"Qube SVF Cinema Screen 3, Chinsurah, West Bengal",CINEMA002567,locality,East,West Bengal,Chinsurah,,
N,"Qube SVF Cinema Screen 3, Durgapur, West Bengal",CINEMA002568,locality,East,West Bengal,Durgapur,,
N,"Qube SVF Cinemas Screen 1, Narendrapur, West Bengal",CINEMA002569,locality,East,West Bengal,Narendrapur,,700103
N,"Qube Swapna Cinema, Howrah, West Bengal",CINEMA002570,locality,East,West Bengal,Howrah,,
N,"Qube The Fantasia Cinema, Kurseong, West Bengal",CINEMA002571,locality,East,West Bengal,Kurseong,,734203
N,"Qube Udyan Cinema Screen 1, Hooghly, West Bengal",CINEMA002572,locality,East,West Bengal,Hooghly,,
N,"Qube Uphar Cinema, Chaitanyapur, West Bengal",CINEMA002573,locality,East,West Bengal,Chaitanyapur,,721645
N,"Qube V Cinema, Mogra, West Bengal",CINEMA002574,locality,East,West Bengal,Mogra,,
N,"Qube V Cinema Screen 1, Purulia, West Bengal",CINEMA002575,locality,East,West Bengal,Purulia,,723101
N,"Qube V Cinema Sentrum Mall Screen 1, Krishnanagar, West Bengal",CINEMA002576,locality,East,West Bengal,Krishnanagar,,
N,"Qube Wellington Theatre, Howrah, West Bengal",CINEMA002577,locality,East,West Bengal,Howrah,,
N,"Qube Revathi Cineplex Screen 1, Palani, Tamil Nadu",CINEMA002578,locality,South,Tamil Nadu,Palani,,
N,"Qube Roongta Multiplex Screen 1, Surat, Gujarat",CINEMA002579,locality,West,Gujarat,Surat,,
N,"Qube Maruti Cineplex, Mahalingpur, Karnataka",CINEMA002580,locality,South,Karnataka,Mahalingpur,,587312
N,"Qube Star Twinplex Screen 1, Navsari, Gujarat",CINEMA002581,locality,West,Gujarat,Navsari,,
N,"Qube Prayag Theatre Screen 1, Parpanangadi, Kerala",CINEMA002582,locality,South,Kerala,Parpanangadi,,
N,"Qube Aayan Cinemas Screen 1, Solan, Himachal Pradesh",CINEMA002583,locality,North,Himachal Pradesh,Solan,,173212
N,"Qube Jamo DD Cinemas Screen 1, Sultanpur, Uttar Pradesh",CINEMA002584,locality,North,Uttar Pradesh,Sultanpur,,
N,"Qube Star Omjee Screen 1, Jagraon, Punjab",CINEMA002585,locality,North,Punjab,Jagraon,,142024
N,"Qube Shabnam Talkies, Jaora, Madhya Pradesh",CINEMA002586,locality,Central,Madhya Pradesh,Jaora,,
N,"Qube Ganesha Theatre, Tiptur, Karnataka",CINEMA002587,locality,South,Karnataka,Tiptur,,572201
N,"Qube Shubham Cinema, Surat, Gujarat",CINEMA002588,locality,West,Gujarat,Surat,,
N,"Qube Drodel Cineworld Akashdeep, Itanagar, Arunachal Pradesh",CINEMA002589,locality,North East,Arunachal Pradesh,Itanagar,,791113
N,"Qube Cine Square Multiplex Screen 1, Petlad, Gujarat",CINEMA002590,locality,West,Gujarat,Petlad,,
N,"Qube The Vijay Park Multiplex Screen 1, Chennai, Tamil Nadu",CINEMA002591,locality,South,Tamil Nadu,Chennai,,
N,"Qube Paras Cinema, Jaipur, Rajasthan",CINEMA002592,locality,North,Rajasthan,Jaipur,,302002
N,"Qube Carnival Jalsa Talkies Screen 1, Singrauli, Madhya Pradesh",CINEMA002593,locality,Central,Madhya Pradesh,Singrauli,,
N,"Qube Galaxy Cinemas Screen 1, Jaipur, Rajasthan",CINEMA002594,locality,North,Rajasthan,Jaipur,,
N,"Qube Tar Cinemas, Khammam, Telangana",CINEMA002595,locality,South,Telangana,Khammam,,507115
N,"Qube Cine Square Cinemas Screen 1, Kankroli, Rajasthan",CINEMA002596,locality,North,Rajasthan,Kankroli,,
N,"Qube Ambika Picture Palace Screen 2, Ghorasahan, Bihar",CINEMA002597,locality,East,Bihar,Ghorasahan,,
N,"Qube Ayaan Cinemas 1 (Formaly know as VU Cinemas 1), Ambala, Haryana",CINEMA002598,locality,North,Haryana,Ambala,,
N,"Qube Ayaan Cinemas 2 (Formaly know as VU Cinemas 2), Ambala, Haryana",CINEMA002599,locality,North,Haryana,Ambala,,134003
N,"Qube SVF Cinema Screen 1, Malda, West Bengal",CINEMA002600,locality,East,West Bengal,Malda,,
N,"Qube The Lux Cinema Screen 1, Anand, Gujarat",CINEMA002601,locality,West,Gujarat,Anand,,
N,"Qube Shivadham Cinemas Screen 3, Urakam, Kerala",CINEMA002602,locality,South,Kerala,Urakam,,680711
N,"Qube Ajanta Cinema, Mumbai, Maharashtra",CINEMA002603,locality,West,Maharashtra,Mumbai,,
N,"Qube Malarasan Theatre, Tiruchengodu, Tamil Nadu",CINEMA002604,locality,South,Tamil Nadu,Tiruchengodu,,
N,"Qube Rave Moti Screen 1, Kanpur, Uttar Pradesh",CINEMA002605,locality,North,Uttar Pradesh,Kanpur,,
N,"Qube KSB Cineplex Screen 2, Tiruppur, Tamil Nadu",CINEMA002606,locality,South,Tamil Nadu,Tiruppur,,
N,"Qube Connplex South Bopal Screen 1, Ahmedabad, Gujarat",CINEMA002607,locality,West,Gujarat,Ahmedabad,,
N,"Qube Sharanabasaveshwara Theatre, Sindhanur, Karnataka",CINEMA002608,locality,South,Karnataka,Sindhanur,,
N,"Qube Garden Hotels and Resort Screen 1, Rajkot, Gujarat",CINEMA002609,locality,West,Gujarat,Rajkot,,
N,"Qube Pabhoi Digital Cinema, Chariali, Assam",CINEMA002610,locality,North East,Assam,Chariali,,
N,"Qube Sangeetha Theatre, Kolar, Karnataka",CINEMA002611,locality,South,Karnataka,Kolar,,563135
N,"Qube Shiva Math Talkies, Sirwar, Karnataka",CINEMA002612,locality,South,Karnataka,Sirwar,,584129
N,"Qube Empress Cinema Screen 1, Pulgaon, Maharashtra",CINEMA002613,locality,West,Maharashtra,Pulgaon,,442302
N,"Qube Time Square Club, Bhuj, Gujarat",CINEMA002614,locality,West,Gujarat,Bhuj,,370427
N,"Qube Theatre Ramesh Screen 1, Palani, Tamil Nadu",CINEMA002615,locality,South,Tamil Nadu,Palani,,
N,"Qube Silver Bird Cinemas Screen 4, Ferozepur, Punjab",CINEMA002616,locality,North,Punjab,Ferozepur,,152004
N,"Qube Sri Gowri Shankar Screen 2, Kottur, Andhra Pradesh",CINEMA002617,locality,South,Andhra Pradesh,Kottur,,524004
N,"Qube Premier M Plex Screen 3, Thiruvananthapuram, Kerala",CINEMA002618,locality,South,Kerala,Thiruvananthapuram,,695036
N,"Qube AAA Cinemas Screen 1, Hyderabad, Telangana",CINEMA002619,locality,South,Telangana,Hyderabad,,
N,"Qube Cinemunch Mplex cinemas Screen 1, Himatnagar, Gujarat",CINEMA002620,locality,West,Gujarat,Himatnagar,,
N,"Qube Connplex Smart Theatre Screen 1, Patna, Bihar",CINEMA002621,locality,East,Bihar,Patna,,
N,"Qube Anjalee Cinema Screen 1, Shillong, Meghalaya",CINEMA002622,locality,North East,Meghalaya,Shillong,,793002
N,"Qube Raja Picture Palace Screen 2, Kothavalasa, Andhra Pradesh",CINEMA002623,locality,South,Andhra Pradesh,Kothavalasa,,535183
N,"Qube Subbaraya Picture Palace Screen 1, Ponnur, Andhra Pradesh",CINEMA002624,locality,South,Andhra Pradesh,Ponnur,,
N,"Qube KVA Cinema Screen 1, Ludhiana, Punjab",CINEMA002625,locality,North,Punjab,Ludhiana,,141109
N,"Qube BMX Cinemas Screen 1, Navi Mumbai, Maharashtra",CINEMA002626,locality,West,Maharashtra,Navi Mumbai,,410210
N,"Qube Balaji Cineplex Screen 1, Jetpur, Gujarat",CINEMA002627,locality,West,Gujarat,Jetpur,,360370
N,"Qube Connplex Smart Miniplex JD Mall Screen 1, Patna, Bihar",CINEMA002628,locality,East,Bihar,Patna,,800001
N,"Qube T Square Cinema, Old Ziro, Arunachal Pradesh",CINEMA002629,locality,North East,Arunachal Pradesh,Old Ziro,,
N,"Qube Anjana Chiro Maindir - Audi 3, Raniganj, West Bengal",CINEMA002630,locality,East,West Bengal,Raniganj,,
N,"Qube Anjana Ranigunj Audi 2, Raniganj, West Bengal",CINEMA002631,locality,East,West Bengal,Raniganj,,713101
N,"Qube Thambis Theatre, Cumbum, Tamil Nadu",CINEMA002632,locality,South,Tamil Nadu,Cumbum,,625516
N,"Qube Picture Time, Kishtwar, Jammu and Kashmir",CINEMA002633,locality,North,Jammu and Kashmir,Kishtwar,,
N,"Qube DNC - KS Cineplex Screen - 1, Namakkal, Tamil Nadu",CINEMA002634,locality,South,Tamil Nadu,Namakkal,,
N,"Qube DNC - Samundi  Screen - 1, Rasipuram, Tamil Nadu",CINEMA002635,locality,South,Tamil Nadu,Rasipuram,,
N,"Qube DNC - D Max Screen 1, Dharmapuri, Tamil Nadu",CINEMA002636,locality,South,Tamil Nadu,Dharmapuri,,
N,"Qube DNC - TNT Theatre, Harur, Tamil Nadu",CINEMA002637,locality,South,Tamil Nadu,Harur,,636903
N,"Qube DNC Cinemas Screen - 1, Salem, Tamil Nadu",CINEMA002638,locality,South,Tamil Nadu,Salem,,636016
N,"Qube Premier M Plex Screen 4, Thiruvananthapuram, Kerala",CINEMA002639,locality,South,Kerala,Thiruvananthapuram,,
N,"Qube Phoenix Cineema’s Screen 1, Veraval, Gujarat",CINEMA002640,locality,West,Gujarat,Veraval,,362265
N,"Qube Aashirvad Cineplexx - Screen 1, Muvattupuzha, Kerala",CINEMA002641,locality,South,Kerala,Muvattupuzha,,
N,"Qube Movie Angle Screen 1, Surat, Gujarat",CINEMA002642,locality,West,Gujarat,Surat,,394221
N,"Qube Connplex Smart Theatre Bodakdev Screen 1, Ahmedabad, Gujarat",CINEMA002643,locality,West,Gujarat,Ahmedabad,,
N,"Qube Shanmugananda Theatre, Kulithalai, Tamil Nadu",CINEMA002644,locality,South,Tamil Nadu,Kulithalai,,
N,"Qube Gunjan Theatre Screen 1, Pune, Maharashtra",CINEMA002645,locality,West,Maharashtra,Pune,,411006
N,"Qube Om Talkies, Tajpur, Bihar",CINEMA002646,locality,East,Bihar,Tajpur,,
N,"Qube Tillotma Palace, Jehanabad, Bihar",CINEMA002647,locality,East,Bihar,Jehanabad,,
N,"Qube Chayapath Cinema, Kandhi, West Bengal",CINEMA002648,locality,East,West Bengal,Kandhi,,
N,"Qube Abor Cinema Hall, Pasighat, Arunachal Pradesh",CINEMA002649,locality,North East,Arunachal Pradesh,Pasighat,,
N,"Qube Taj Theatre, Pernambut, Tamil Nadu",CINEMA002650,locality,South,Tamil Nadu,Pernambut,,
N,"Qube Golden Theatre, Tiruttani, Tamil Nadu",CINEMA002651,locality,South,Tamil Nadu,Tiruttani,,631209
N,"Qube Abhishek Veer Cinemas Screen 1, Khandwa, Madhya Pradesh",CINEMA002652,locality,Central,Madhya Pradesh,Khandwa,,
N,"Qube Phalanx Cinemas Screen 1, Kotdwara, Uttarakhand",CINEMA002653,locality,North,Uttarakhand,Kotdwara,,
N,"Qube Galaxy Cinemas Screen 3, Pookkottumpadam, Kerala",CINEMA002654,locality,South,Kerala,Pookkottumpadam,,679332
N,"Qube Asian Srinivasa Theatre, Miryalguda, Telangana",CINEMA002655,locality,South,Telangana,Miryalguda,,508207
N,"Qube Ajantha Talkies, Piler, Andhra Pradesh",CINEMA002656,locality,South,Andhra Pradesh,Piler,,
N,"Qube Vinayaka Mahal, Bangarupalem, Andhra Pradesh",CINEMA002657,locality,South,Andhra Pradesh,Bangarupalem,,
N,"Qube Janta Cinema, Ringas, Rajasthan",CINEMA002658,locality,North,Rajasthan,Ringas,,
N,"Qube Sakthi Theatre Screen 1, Ponani, Kerala",CINEMA002659,locality,South,Kerala,Ponani,,
N,"Qube Legend Cinemas Screen 2 formally kow as Epic Cinemas Screen 2, Gurgaon, Delhi & NCR",CINEMA002660,locality,North,Delhi,Gurgaon,,
N,"Qube Bharath Theatre Screen 1, Tiruvannamalai, Tamil Nadu",CINEMA002661,locality,South,Tamil Nadu,Tiruvannamalai,,
N,"Qube Gomathi Theatre, Mayiladuthurai, Tamil Nadu",CINEMA002662,locality,South,Tamil Nadu,Mayiladuthurai,,609001
N,"Qube Sri Narayanan Theatre, Ulundurpet, Tamil Nadu",CINEMA002663,locality,South,Tamil Nadu,Ulundurpet,,606107
N,"Qube Vinayaka Paradise, Kasaragod, Kerala",CINEMA002664,locality,South,Kerala,Kasaragod,,
N,"Qube Varalaxmi Theatre, Hiramandalam, Andhra Pradesh",CINEMA002665,locality,South,Andhra Pradesh,Hiramandalam,,532459
N,"Qube Ajanta Chitra Mandir, Nilanga, Maharashtra",CINEMA002666,locality,West,Maharashtra,Nilanga,,
N,"Qube Archana Movie House Screen 1, Payyanur, Kerala",CINEMA002667,locality,South,Kerala,Payyanur,,670307
N,"Qube M.S.P Theatre formelly know as V.B.L Theatre, Andipatti, Tamil Nadu",CINEMA002668,locality,South,Tamil Nadu,Andipatti,,
N,"Qube SVF Cinema Rupali Audi 1, Chinsurah, West Bengal",CINEMA002669,locality,East,West Bengal,Chinsurah,,
N,"Qube Shreeraj Cinemark Screen 1, Yeola, Maharashtra",CINEMA002670,locality,West,Maharashtra,Yeola,,
N,"Qube Tenzing Cinemas Screen 3, Itanagar, Arunachal Pradesh",CINEMA002671,locality,North East,Arunachal Pradesh,Itanagar,,791111
N,"Qube Sri Padma Picture Palace, Yanam, Andhra Pradesh",CINEMA002672,locality,South,Andhra Pradesh,Yanam,,
N,"Qube Veereswara Chitra Mandir, Yanam, Andhra Pradesh",CINEMA002673,locality,South,Andhra Pradesh,Yanam,,
N,"Qube Empress Cinema Screen 2, Pulgaon, Maharashtra",CINEMA002674,locality,West,Maharashtra,Pulgaon,,442302
N,"Qube Connplex Smart Theatre Shilaj Screen 1, Ahmedabad, Gujarat",CINEMA002675,locality,West,Gujarat,Ahmedabad,,
N,"Qube Radiance Cinema Screen 1 (Epiq), Madurai, Tamil Nadu",CINEMA002676,locality,South,Tamil Nadu,Madurai,,625018
N,"Qube Lakshmi Cinemas Screen 1, Hosur, Tamil Nadu",CINEMA002677,locality,South,Tamil Nadu,Hosur,,635109
N,"Qube Kadankavil Cinema, Palakkad, Kerala",CINEMA002678,locality,South,Kerala,Palakkad,,678013
N,"Qube Grande Cinemas Screen 2, Tirunelveli, Tamil Nadu",CINEMA002679,locality,South,Tamil Nadu,Tirunelveli,,627011
N,"Qube Sri Bhagyalakshmi Chitra Mandira, Molakalmuru, Karnataka",CINEMA002680,locality,South,Karnataka,Molakalmuru,,577535
N,"Qube Sri Thirumala  Chitra Mandira (New Sagar DTS), Parasurampura, Karnataka",CINEMA002681,locality,South,Karnataka,Parasurampura,,
N,"Qube Sri Manjunatha Chitra Mandira, Arakere, Karnataka",CINEMA002682,locality,South,Karnataka,Arakere,,
N,"Qube Grand Cinemas Screen 1, Hosur, Tamil Nadu",CINEMA002683,locality,South,Tamil Nadu,Hosur,,635110
N,"Qube Sri Madhav Theatre, Mahabubnagar, Telangana",CINEMA002684,locality,South,Telangana,Mahabubnagar,,
N,"Qube Premier M Plex Screen 1, Thiruvananthapuram, Kerala",CINEMA002685,locality,South,Kerala,Thiruvananthapuram,,695036
N,"Qube Balaka Cinema, Basirhat, West Bengal",CINEMA002686,locality,East,West Bengal,Basirhat,,
N,"Qube Prafullo Cinema, Satmile, West Bengal",CINEMA002687,locality,East,West Bengal,Satmile,,721452
N,"Qube Vemula Picture Palace, Kadiri, Andhra Pradesh",CINEMA002688,locality,South,Andhra Pradesh,Kadiri,,
N,"Qube Connplex Smart Theatre Screen 1, Mehsana, Gujarat",CINEMA002689,locality,West,Gujarat,Mehsana,,
N,"Qube Aswini Kalamandir, Thorrur, Telangana",CINEMA002690,locality,South,Telangana,Thorrur,,506163
N,"Qube Sri Lakshmi Narasimha Picture Palace, Badvel, Andhra Pradesh",CINEMA002691,locality,South,Andhra Pradesh,Badvel,,
N,"Qube Krishna Picture Palace, Giddalur, Andhra Pradesh",CINEMA002692,locality,South,Andhra Pradesh,Giddalur,,
N,"Qube Natraj 70 MM, Adilabad, Telangana",CINEMA002693,locality,South,Telangana,Adilabad,,504001
N,"Qube Arjun Cinema, Ramgahrwa, Bihar",CINEMA002694,locality,East,Bihar,Ramgahrwa,,
N,"Qube SPR CineCastle  Screen 1, Salem, Tamil Nadu",CINEMA002695,locality,South,Tamil Nadu,Salem,,636005
N,"Qube Havelock Cineflix Screen 1, Vadodara, Gujarat",CINEMA002696,locality,West,Gujarat,Vadodara,,390009
N,"Qube Colors Cinemas Screen 1, Asansol, West Bengal",CINEMA002697,locality,East,West Bengal,Asansol,,
N,"Qube Grandex Cinemas Screen 1, Patan, Gujarat",CINEMA002698,locality,West,Gujarat,Patan,,
N,"Qube Cinezza Multiplex Screen 4, Surat, Gujarat",CINEMA002699,locality,West,Gujarat,Surat,,395005
N,"Qube Connplex Smart Theatre Anam Screen 1, Ahmedabad, Gujarat",CINEMA002700,locality,West,Gujarat,Ahmedabad,,
N,"Qube Thankam Theatre, Vadakkencherry, Kerala",CINEMA002701,locality,South,Kerala,Vadakkencherry,,678683
N,"Qube Sri Bhyraveshwara Chitra Mandira, Aralakuppe, Karnataka",CINEMA002702,locality,South,Karnataka,Aralakuppe,,571427
N,"Qube Venkata Krishna Mini Theatre, Poranki, Andhra Pradesh",CINEMA002703,locality,South,Andhra Pradesh,Poranki,,
N,"Qube Fun Movies Screen 2, Thrissur, Kerala",CINEMA002704,locality,South,Kerala,Thrissur,,
N,"Qube Red Rocks Cinemas Screen 1, Kaithal, Haryana",CINEMA002705,locality,North,Haryana,Kaithal,,136034
N,"Qube Magic Frames Screen 1, Kunnamangalam, Kerala",CINEMA002706,locality,South,Kerala,Kunnamangalam,,
N,"Qube Mahalakshmi Theatre A/C Screen 2, Kallakurichi, Tamil Nadu",CINEMA002707,locality,South,Tamil Nadu,Kallakurichi,,
N,"Qube IDream Cinemas, Chennai, Tamil Nadu",CINEMA002708,locality,South,Tamil Nadu,Chennai,,
N,"Qube Harkishan Multiplex Screen 1, Fazilka, Punjab",CINEMA002709,locality,North,Punjab,Fazilka,,152024
N,"Qube Starworld Cinemas Screen 1, Lalitpur, Uttar Pradesh",CINEMA002710,locality,North,Uttar Pradesh,Lalitpur,,
N,"Qube Wave Cinemas Screen 1, Gurgaon, Delhi & NCR",CINEMA002711,locality,North,Delhi,Gurgaon,,122101
N,"Qube Bhagwati Chitra Mandir Screen 1, Georai, Maharashtra",CINEMA002712,locality,West,Maharashtra,Georai,,431127
N,"Qube Film City Video Savani Screen 1, Surat, Gujarat",CINEMA002713,locality,West,Gujarat,Surat,,
N,"Qube Sri Venkateshwara Touring Talkies, Tallur, Andhra Pradesh",CINEMA002714,locality,South,Andhra Pradesh,Tallur,,523264
N,"Qube Metro Theatre, Tiruvelangadu, Tamil Nadu",CINEMA002715,locality,South,Tamil Nadu,Tiruvelangadu,,
N,"Qube Asian Vaishnavi Multiplex Screen 1, Hyderabad, Telangana",CINEMA002716,locality,South,Telangana,Hyderabad,,500004
N,"Qube Palaxi Cinemas Screen 1, Calicut, Kerala",CINEMA002717,locality,South,Kerala,Calicut,,
N,"Qube Graand Multi Screens (D Cinemas) Screen 1, Kodungallur, Kerala",CINEMA002718,locality,South,Kerala,Kodungallur,,
N,"Qube Gitanjali Cultural Complex, Birbhum, West Bengal",CINEMA002719,locality,East,West Bengal,Birbhum,,731204
N,"Qube Vitross Cineplex Screen 1, Miryalguda, Telangana",CINEMA002720,locality,South,Telangana,Miryalguda,,
N,"Qube SVC Cinemas MVR Mall Screen 1, Eluru, Andhra Pradesh",CINEMA002721,locality,South,Andhra Pradesh,Eluru,,
N,"Qube Knox Cinema, Odisha, Odisha",CINEMA002722,locality,East,Odisha,Odisha,,
N,"Qube Apsara Theatre, Chenganacherry, Kerala",CINEMA002723,locality,South,Kerala,Chenganacherry,,
N,"Qube Anupama Theatre, Kottayam, Kerala",CINEMA002724,locality,South,Kerala,Kottayam,,
N,"Qube Vivek Chitra Mandira, Hariyabbe, Karnataka",CINEMA002725,locality,South,Karnataka,Hariyabbe,,
N,"Qube Goldie Cinemark Screen 1, Aurangabad, Maharashtra",CINEMA002726,locality,West,Maharashtra,Aurangabad,,
N,"Qube Regal Cinema Screen 1, Kozhikode, Kerala",CINEMA002727,locality,South,Kerala,Kozhikode,,
N,"Qube Roongta Cinemas formally known as Glitz Cinemas Screen 1, Muzaffarnagar, Uttar Pradesh",CINEMA002728,locality,North,Uttar Pradesh,Muzaffarnagar,,
N,"Qube Veer Cinemas Screen 1, Satna, Madhya Pradesh",CINEMA002729,locality,Central,Madhya Pradesh,Satna,,
N,"Qube Senthil Theatre, Coimbatore, Tamil Nadu",CINEMA002730,locality,South,Tamil Nadu,Coimbatore,,641009
N,"Qube Kumaran Theatre, Coimbatore, Tamil Nadu",CINEMA002731,locality,South,Tamil Nadu,Coimbatore,,
N,"Qube Abirami Theatre, Pollachi, Tamil Nadu",CINEMA002732,locality,South,Tamil Nadu,Pollachi,,642129
N,"Qube Sri Veerabhadra Touring Talkies, Amalapuram, Andhra Pradesh",CINEMA002733,locality,South,Andhra Pradesh,Amalapuram,,533201
N,"Qube Ganesh Theatre, Coimbatore, Tamil Nadu",CINEMA002734,locality,South,Tamil Nadu,Coimbatore,,641006
N,"Qube NMC Movie Land, Nagari, Andhra Pradesh",CINEMA002735,locality,South,Andhra Pradesh,Nagari,,517590
N,"Qube Lakshmi Enterprises, Kallur, Telangana",CINEMA002736,locality,South,Telangana,Kallur,,
N,"Qube Sainath Chitra Mandira, Sankeshwar, Karnataka",CINEMA002737,locality,South,Karnataka,Sankeshwar,,591313
N,"Qube Selvi Theatre, Gingee, Tamil Nadu",CINEMA002738,locality,South,Tamil Nadu,Gingee,,
N,"Qube Bharath Theatre Screen 2, Tiruvannamalai, Tamil Nadu",CINEMA002739,locality,South,Tamil Nadu,Tiruvannamalai,,606601
N,"Qube Dada Theatre, Tadpatri, Andhra Pradesh",CINEMA002740,locality,South,Andhra Pradesh,Tadpatri,,
N,"Qube Vishwa Laxmi Theatre, Peralam, Tamil Nadu",CINEMA002741,locality,South,Tamil Nadu,Peralam,,
N,"Qube Meghraj Cinemaz Screen 1, Koraput, Odisha",CINEMA002742,locality,East,Odisha,Koraput,,764020
N,"Qube Starworld Cinemas Screen 1, Dehradun, Uttarakhand",CINEMA002743,locality,North,Uttarakhand,Dehradun,,
N,"Qube Mallika Plex Tela 2, Malappuram, Kerala",CINEMA002744,locality,South,Kerala,Malappuram,,
N,"Qube Sri Vijayalakshmi Talkies, Linga Samudram, Andhra Pradesh",CINEMA002745,locality,South,Andhra Pradesh,Linga Samudram,,523114
N,"Qube Sri Krishna Theatre formally known as BMR Theatre, Veeraghattam, Andhra Pradesh",CINEMA002746,locality,South,Andhra Pradesh,Veeraghattam,,532460
N,"Qube AR Mini Theatre, Nandyal, Andhra Pradesh",CINEMA002747,locality,South,Andhra Pradesh,Nandyal,,
N,"Qube Radharam Talkies, Basmathnagar, Maharashtra",CINEMA002748,locality,West,Maharashtra,Basmathnagar,,431512
N,"Qube SRK Cinemas Screen1, Chengalpattu, Tamil Nadu",CINEMA002749,locality,South,Tamil Nadu,Chengalpattu,,603002
N,"Qube Jayasakthi Theatre Screen 2, Sathyamangalam, Tamil Nadu",CINEMA002750,locality,South,Tamil Nadu,Sathyamangalam,,
N,"Qube Bharath Cinemas Screen 1, Udupi, Karnataka",CINEMA002751,locality,South,Karnataka,Udupi,,
N,"Qube Lakshmi Chitra Mandira, Bangalore, Karnataka",CINEMA002752,locality,South,Karnataka,Bangalore,,
N,"Qube Khushi Multiplex Screen 1, Jintur, Maharashtra",CINEMA002753,locality,West,Maharashtra,Jintur,,
N,"Qube SSS Multiplex Screen 1, Puliyangudi, Tamil Nadu",CINEMA002754,locality,South,Tamil Nadu,Puliyangudi,,627855
N,"Qube Phoenix Multiplex Screen 1, Guntur, Andhra Pradesh",CINEMA002755,locality,South,Andhra Pradesh,Guntur,,
N,"Qube Mythili Theatre, Kovur, Andhra Pradesh",CINEMA002756,locality,South,Andhra Pradesh,Kovur,,
N,"Qube Vidyasagar Cinema, Kalyani, West Bengal",CINEMA002757,locality,East,West Bengal,Kalyani,,741235
N,"Qube New Pride Multiplex Screen 1, Sangli, Maharashtra",CINEMA002758,locality,West,Maharashtra,Sangli,,
N,"Qube Issac Theatre, Muvattupuzha, Kerala",CINEMA002759,locality,South,Kerala,Muvattupuzha,,
N,"Qube Maria Theatre, Muvattupuzha, Kerala",CINEMA002760,locality,South,Kerala,Muvattupuzha,,
N,"Qube Sri Channabasaveshwara Chitra Mandira, Madalu, Karnataka",CINEMA002761,locality,South,Karnataka,Madalu,,
N,"Qube DD Cinemas Screen 1, Lucknow, Uttar Pradesh",CINEMA002762,locality,North,Uttar Pradesh,Lucknow,,
N,"Qube Third Space Cinema, Udaipur, Rajasthan",CINEMA002763,locality,North,Rajasthan,Udaipur,,
N,"Qube Classic Cinema Screen 1, Gandhinagar, Gujarat",CINEMA002764,locality,West,Gujarat,Gandhinagar,,
N,"Qube Phoenix Multiplex Screen 4, Guntur, Andhra Pradesh",CINEMA002765,locality,South,Andhra Pradesh,Guntur,,521108
N,"Qube AIDEO Cinema, Kamrup, Assam",CINEMA002766,locality,North East,Assam,Kamrup,,781037
N,"Qube Gajanan Multiplex Screen 1, Paddhari, Gujarat",CINEMA002767,locality,West,Gujarat,Paddhari,,
N,"Qube Gopalakrishna Theatre, Chennai, Tamil Nadu",CINEMA002768,locality,South,Tamil Nadu,Chennai,,600125
N,"Qube Bala Saravana Theatre, Gingee, Tamil Nadu",CINEMA002769,locality,South,Tamil Nadu,Gingee,,604202
N,"Qube SSS Multiplex Screen 2, Puliyangudi, Tamil Nadu",CINEMA002770,locality,South,Tamil Nadu,Puliyangudi,,
N,"Qube Nath Chitra Mandir, Beed, Maharashtra",CINEMA002771,locality,West,Maharashtra,Beed,,
N,"Qube Sai Ram Screen 3, Vijayawada, Andhra Pradesh",CINEMA002772,locality,South,Andhra Pradesh,Vijayawada,,520001
N,"Qube Jai Malhar Cinema, Raipuria, Madhya Pradesh",CINEMA002773,locality,Central,Madhya Pradesh,Raipuria,,
N,"Qube KVK Cinemas Screen 2, Coimbatore, Tamil Nadu",CINEMA002774,locality,South,Tamil Nadu,Coimbatore,,
N,"Qube JMD Cinemas, Curchorem, Goa",CINEMA002775,locality,West,Goa,Curchorem,,
N,"Qube Velvet View Cinemas Screen 1, Kumarakom, Kerala",CINEMA002776,locality,South,Kerala,Kumarakom,,
N,"Qube Connplex Smart Theatre Gota Screen  1, Ahmedabad, Gujarat",CINEMA002777,locality,West,Gujarat,Ahmedabad,,380022
N,"Qube Saravana Theatre, Gingee, Tamil Nadu",CINEMA002778,locality,South,Tamil Nadu,Gingee,,
N,"Qube Royal Cinema, Paschim Medinipur, West Bengal",CINEMA002779,locality,East,West Bengal,Paschim Medinipur,,
N,"Qube Aparna Cinemas Screen 1, Hyderabad, Telangana",CINEMA002780,locality,South,Telangana,Hyderabad,,
N,"Qube G Max Cinemas Screen 1, Kollam, Kerala",CINEMA002781,locality,South,Kerala,Kollam,,691001
N,"Qube Sangameswara Theatre, Tenali, Andhra Pradesh",CINEMA002782,locality,South,Andhra Pradesh,Tenali,,522202
N,"Qube Theatre Sri Guru, Madurai, Tamil Nadu",CINEMA002783,locality,South,Tamil Nadu,Madurai,,
N,"Qube V Cinemas Screen 1, Bangalore, Karnataka",CINEMA002784,locality,South,Karnataka,Bangalore,,560095
N,"Qube KLAS Max Screens, Aruppukottai, Tamil Nadu",CINEMA002785,locality,South,Tamil Nadu,Aruppukottai,,626101
N,"Qube Krishna Sai Theatre, Kommalapadu, Andhra Pradesh",CINEMA002786,locality,South,Andhra Pradesh,Kommalapadu,,523303
N,"Qube SVF Cinema Screen 1, Balurghat, West Bengal",CINEMA002787,locality,East,West Bengal,Balurghat,,
N,"Qube Dada Entertainment Screen 1, Rath, Uttar Pradesh",CINEMA002788,locality,North,Uttar Pradesh,Rath,,
N,"Qube Sri Balaji Talkies, Ramnagar, Karnataka",CINEMA002789,locality,South,Karnataka,Ramnagar,,
N,"Qube Phoenix Multiplex Screen 6, Guntur, Andhra Pradesh",CINEMA002790,locality,South,Andhra Pradesh,Guntur,,
N,"Qube Roongta Cinemas Screen 1, Ghaziabad, Delhi & NCR",CINEMA002791,locality,North,Delhi,Ghaziabad,,
N,"Qube Bharath Cinemas Screen 1, Padubidri, Karnataka",CINEMA002792,locality,South,Karnataka,Padubidri,,
N,"Qube Sree Veerakumar Theatre, Vellakoil, Tamil Nadu",CINEMA002793,locality,South,Tamil Nadu,Vellakoil,,
N,"Qube Shri Laxmi Chitra Mandir, Gokak, Karnataka",CINEMA002794,locality,South,Karnataka,Gokak,,
N,"Qube New Cleopatra Theatre Screen 2, Thoothukudi, Tamil Nadu",CINEMA002795,locality,South,Tamil Nadu,Thoothukudi,,
N,"Qube Shivadham Cinemas Screen 1, Kodakara, Kerala",CINEMA002796,locality,South,Kerala,Kodakara,,
N,"Qube Rave 3 Mall Screen 1, Kanpur, Uttar Pradesh",CINEMA002797,locality,North,Uttar Pradesh,Kanpur,,208002
N,"Qube GRD Movies Screen 1, Jalandhar, Punjab",CINEMA002798,locality,North,Punjab,Jalandhar,,
N,"Qube Sree Murugan Theatre Screen 1, Pallipat, Tamil Nadu",CINEMA002799,locality,South,Tamil Nadu,Pallipat,,
N,"Qube Shri Mahakuteswara Talkies, Badami, Karnataka",CINEMA002800,locality,South,Karnataka,Badami,,587201
N,"Qube Vijaya Theatre, Mydekur, Andhra Pradesh",CINEMA002801,locality,South,Andhra Pradesh,Mydekur,,516172
N,"Qube Sri Bhavani Theatre, KothaKota, Telangana",CINEMA002802,locality,South,Telangana,KothaKota,,
N,"Qube Vasundhara Theatre, Nalgonda, Telangana",CINEMA002803,locality,South,Telangana,Nalgonda,,
N,"Qube Nageshwara Theatre, Jaggampeta, Andhra Pradesh",CINEMA002804,locality,South,Andhra Pradesh,Jaggampeta,,533435
N,"Qube Sri Venkateswara Picture Palace, Mydukur, Andhra Pradesh",CINEMA002805,locality,South,Andhra Pradesh,Mydukur,,516172
N,"Qube Ekta Cinema, Surat, Gujarat",CINEMA002806,locality,West,Gujarat,Surat,,
N,"Qube Kinnera Theatre, Karimnagar, Telangana",CINEMA002807,locality,South,Telangana,Karimnagar,,505326
N,"Qube Aswani Deluxe, Piduguralla, Andhra Pradesh",CINEMA002808,locality,South,Andhra Pradesh,Piduguralla,,
N,"Qube Ganga Bhavani Theatre, Karamchedu, Andhra Pradesh",CINEMA002809,locality,South,Andhra Pradesh,Karamchedu,,
N,"Qube Parameshwari Theatre, Kothakota, Telangana",CINEMA002810,locality,South,Telangana,Kothakota,,
N,"Qube Golden Mall Screen 1, Kalady, Kerala",CINEMA002811,locality,South,Kerala,Kalady,,683574
N,"Qube Aashirvad Cinemas Screen 1, Kottiyam, Kerala",CINEMA002812,locality,South,Kerala,Kottiyam,,
N,"Qube Sri Venkateshwara Cinemas, Chelur, Karnataka",CINEMA002813,locality,South,Karnataka,Chelur,,
N,"Qube Sri Raghavendra A/C Theater, Bhongir, Telangana",CINEMA002814,locality,South,Telangana,Bhongir,,
N,"Qube Sivaram Theatre, Pamarru, Andhra Pradesh",CINEMA002815,locality,South,Andhra Pradesh,Pamarru,,521157
N,"Qube Mahalakshmi Theatre, Koyyalagudem, Andhra Pradesh",CINEMA002816,locality,South,Andhra Pradesh,Koyyalagudem,,
N,"Qube Ratna Mini Theatre, Chintalapudi, Andhra Pradesh",CINEMA002817,locality,South,Andhra Pradesh,Chintalapudi,,
N,"Qube Sri Trinadh Theatre, Devarapalli, Andhra Pradesh",CINEMA002818,locality,South,Andhra Pradesh,Devarapalli,,
N,"Qube Sri Srinivasa Mahal, Bhimadole, Andhra Pradesh",CINEMA002819,locality,South,Andhra Pradesh,Bhimadole,,534425
N,"Qube Venkata Krishna Theatre, Chagallu, Andhra Pradesh",CINEMA002820,locality,South,Andhra Pradesh,Chagallu,,
N,"Qube Vijaya Krishna Theatre, Valluru, Andhra Pradesh",CINEMA002821,locality,South,Andhra Pradesh,Valluru,,
N,"Qube Sree Hanuman Talkies, Gudibanda, Andhra Pradesh",CINEMA002822,locality,South,Andhra Pradesh,Gudibanda,,
N,"Qube Krishna Theatre, Kazhakuttam, Kerala",CINEMA002823,locality,South,Kerala,Kazhakuttam,,695582
N,"Qube Sri Balaji Theatre, Viveknagar, Karnataka",CINEMA002824,locality,South,Karnataka,Viveknagar,,
N,"Qube Ravi Chitra Mandira, Halagur, Karnataka",CINEMA002825,locality,South,Karnataka,Halagur,,571421
N,"Qube Amir Talkies, Bijapur, Karnataka",CINEMA002826,locality,South,Karnataka,Bijapur,,
N,"Qube Sri Karunambika Theatre Screen 1, Avanashi, Tamil Nadu",CINEMA002827,locality,South,Tamil Nadu,Avanashi,,
N,"Qube Raja Talkies, Krishnagiri, Tamil Nadu",CINEMA002828,locality,South,Tamil Nadu,Krishnagiri,,635002
N,"Qube Auston Cinemas Screen 1, Gondal, Gujarat",CINEMA002829,locality,West,Gujarat,Gondal,,
N,"Qube Connplex Smart Theatre, Balotra, Rajasthan",CINEMA002830,locality,North,Rajasthan,Balotra,,
N,"Qube BMX Multiplex Screen 1, Ambernath, Maharashtra",CINEMA002831,locality,West,Maharashtra,Ambernath,,
N,"Qube Connplex Smart Miniplex Screen 1, Bhagalpur, Bihar",CINEMA002832,locality,East,Bihar,Bhagalpur,,
N,"Qube SVF Cinema Screen 1, Darjeeling, West Bengal",CINEMA002833,locality,East,West Bengal,Darjeeling,,
N,"Qube Sapphire Cineplex Screen 1, Perundurai, Tamil Nadu",CINEMA002834,locality,South,Tamil Nadu,Perundurai,,638052
N,"Qube DNC CSM Cinemas Screen 1, Komarapalayam, Tamil Nadu",CINEMA002835,locality,South,Tamil Nadu,Komarapalayam,,
N,"Qube LGT Cinemas Screen 1, Vizianagaram, Andhra Pradesh",CINEMA002836,locality,South,Andhra Pradesh,Vizianagaram,,
N,"Qube JMR Cinemas, Velampalli, Andhra Pradesh",CINEMA002837,locality,South,Andhra Pradesh,Velampalli,,523211
N,"Qube Sri Saikrishna Cine Screen 2, Pusapatirega, Andhra Pradesh",CINEMA002838,locality,South,Andhra Pradesh,Pusapatirega,,
N,"Qube Durgalaxmi Multiplex Screen 1, Ugarkhurd, Karnataka",CINEMA002839,locality,South,Karnataka,Ugarkhurd,,591304
N,"Qube Arnothaya Cinemax Screen 1, Palladam, Tamil Nadu",CINEMA002840,locality,South,Tamil Nadu,Palladam,,641662
N,"Qube Sri Venkateshwara Theater, Rajavommangi, Andhra Pradesh",CINEMA002841,locality,South,Andhra Pradesh,Rajavommangi,,
N,"Qube Manasa Theatre, Bangalore, Karnataka",CINEMA002842,locality,South,Karnataka,Bangalore,,560062
N,"Qube Raja Deluxe Theatre Screen 1, Karimnagar, Telangana",CINEMA002843,locality,South,Telangana,Karimnagar,,505001
N,"Qube Bhutani Infra Cineplex Screen 1, Ghaziabad, Delhi & NCR",CINEMA002844,locality,North,Delhi,Ghaziabad,,
N,"Qube Cine Prime Miniplex Screen 1, Ahmedabad, Gujarat",CINEMA002845,locality,West,Gujarat,Ahmedabad,,380049
N,"Qube Ayaan Cinemas Screen 1, Solan, Himachal Pradesh",CINEMA002846,locality,North,Himachal Pradesh,Solan,,
N,"Qube Rajesh Theatre, Godavarikhani, Telangana",CINEMA002847,locality,South,Telangana,Godavarikhani,,505209
N,"Qube Sri Venkateswara Picture Mahal, Deverkonda, Telangana",CINEMA002848,locality,South,Telangana,Deverkonda,,
N,"Radiance Cinema Screen 3 formally known as Mini Shanthi Theatre, Rajapalayam, Tamil Nadu",CINEMA002849,locality,South,Tamil Nadu,Rajapalayam,,
N,"Qube Moraya Cineplex, Erandol, Maharashtra",CINEMA002850,locality,West,Maharashtra,Erandol,,425109
N,"Qube Rajkamal Talkies, Dodballapura, Karnataka",CINEMA002851,locality,South,Karnataka,Dodballapura,,561203
N,"Qube Shetty Multiplex Screen 1, Gulbarga, Karnataka",CINEMA002852,locality,South,Karnataka,Gulbarga,,585101
N,"Qube G Max Cinemas Screen 3, Kollam, Kerala",CINEMA002853,locality,South,Kerala,Kollam,,
N,"Qube Lakshmi Narayana Theatre, Dharmavaram, Andhra Pradesh",CINEMA002854,locality,South,Andhra Pradesh,Dharmavaram,,515671
N,"Qube Laxmi City Pride Multiplex Screen 1, Hubli, Karnataka",CINEMA002855,locality,South,Karnataka,Hubli,,
N,"Qube Apsara Cinema, Jogeswarpur, Odisha",CINEMA002856,locality,East,Odisha,Jogeswarpur,,752107
N,"Qube Starworld Cinema Screen 2, Robertsganj, Uttar Pradesh",CINEMA002857,locality,North,Uttar Pradesh,Robertsganj,,
N,"Qube Sri Palaniyappa Theatre, Madurai, Tamil Nadu",CINEMA002858,locality,South,Tamil Nadu,Madurai,,625001
N,"Qube Moorthys Drive In Theatre, Navalurkottapattu, Tamil Nadu",CINEMA002859,locality,South,Tamil Nadu,Navalurkottapattu,,620027
N,"Qube Citara Plex Screen 1, Hamirpur, Himachal Pradesh",CINEMA002860,locality,North,Himachal Pradesh,Hamirpur,,177033
N,"Qube SVF Cinema Howrah Maidan Screen 1, Howrah, West Bengal",CINEMA002861,locality,East,West Bengal,Howrah,,
N,"Qube Sreedevi Picture Palace, Narasannapeta, Andhra Pradesh",CINEMA002862,locality,South,Andhra Pradesh,Narasannapeta,,
N,"Qube Sri Sreemanth Mahal, Chebrole, Andhra Pradesh",CINEMA002863,locality,South,Andhra Pradesh,Chebrole,,
N,"Qube Lal Palace Cineplex Screen 1, Jagraon, Punjab",CINEMA002864,locality,North,Punjab,Jagraon,,142026
N,"Qube Legend Cinemas Screen 1 formally kow as Epic Cinemas Screen 1, Gurgaon, Delhi & NCR",CINEMA002865,locality,North,Delhi,Gurgaon,,122018
N,"Qube Ramakrishna Theatre, Challakere, Karnataka",CINEMA002866,locality,South,Karnataka,Challakere,,
N,"Qube Maharaja Theatre, Kadayanallur, Tamil Nadu",CINEMA002867,locality,South,Tamil Nadu,Kadayanallur,,
N,"Qube KPS Movie Land, Gooty, Andhra Pradesh",CINEMA002868,locality,South,Andhra Pradesh,Gooty,,
N,"Qube Sri Karuna Theatre Screen 3, Annur, Tamil Nadu",CINEMA002869,locality,South,Tamil Nadu,Annur,,
N,"Qube Ram Theatre, Madurai, Tamil Nadu",CINEMA002870,locality,South,Tamil Nadu,Madurai,,625009
N,"Qube Shanmuga Theatre, Kovilpatti, Tamil Nadu",CINEMA002871,locality,South,Tamil Nadu,Kovilpatti,,
N,"Qube Sri Vinayaka Chitramandira, Thirthahalli, Karnataka",CINEMA002872,locality,South,Karnataka,Thirthahalli,,577432
N,"Qube Sri Sankara Movies, Madarpakkam, Tamil Nadu",CINEMA002873,locality,South,Tamil Nadu,Madarpakkam,,
N,"Qube Lorven Pictures Screen 1, Visakhapatnam, Andhra Pradesh",CINEMA002874,locality,South,Andhra Pradesh,Visakhapatnam,,530013
N,"Qube Raj Shivalaya Screen 1, Anand, Gujarat",CINEMA002875,locality,West,Gujarat,Anand,,
N,"Qube Janakiram Picture Palace, Chakrayapet, Andhra Pradesh",CINEMA002876,locality,South,Andhra Pradesh,Chakrayapet,,
N,"Qube Shanthi Theatre, Anantapur, Andhra Pradesh",CINEMA002877,locality,South,Andhra Pradesh,Anantapur,,
N,"Qube Geetanjali Chitra Mandir, Kuju, Jharkhand",CINEMA002878,locality,East,Jharkhand,Kuju,,825316
N,"Qube Cinemagic Cinemark Screen 1, Chikhli, Maharashtra",CINEMA002879,locality,West,Maharashtra,Chikhli,,443201
N,"Qube Legend Cinemas Screen 1, Zirakpur, Punjab",CINEMA002880,locality,North,Punjab,Zirakpur,,
N,"Qube AAR Flix Cinemas Screen 1, Ankleshwar, Gujarat",CINEMA002881,locality,West,Gujarat,Ankleshwar,,
N,"Qube Sri Vetri Cinemas Screen 1 (Epiq), Thanjavur, Tamil Nadu",CINEMA002882,locality,South,Tamil Nadu,Thanjavur,,
N,"Qube Krishna Cinema, Dabhoi, Gujarat",CINEMA002883,locality,West,Gujarat,Dabhoi,,
N,"Qube Raj Cineplex Screen 1, Karjat, Maharashtra",CINEMA002884,locality,West,Maharashtra,Karjat,,410201
N,"Qube Vijaya Theatre, Joharapuram, Andhra Pradesh",CINEMA002885,locality,South,Andhra Pradesh,Joharapuram,,518002
N,"Qube Gmax 4K Utsav Screen 1, Kollam, Kerala",CINEMA002886,locality,South,Kerala,Kollam,,691001
N,"Qube Venkatrama Kalamandir, Laxmipur, Telangana",CINEMA002887,locality,South,Telangana,Laxmipur,,505530
N,"Qube Siva Picture Palace, Sompeta, Andhra Pradesh",CINEMA002888,locality,South,Andhra Pradesh,Sompeta,,
N,"Qube Murali Deluxe Theater, Jammikunta, Telangana",CINEMA002889,locality,South,Telangana,Jammikunta,,505122
N,"Qube Aruna Theatre, Kota, Andhra Pradesh",CINEMA002890,locality,South,Andhra Pradesh,Kota,,524411
N,"Qube Sri Vigneshwar Theatre, Samalkot, Andhra Pradesh",CINEMA002891,locality,South,Andhra Pradesh,Samalkot,,533440
N,"Qube Sangeetha Theatre Screen 2, Somanur, Tamil Nadu",CINEMA002892,locality,South,Tamil Nadu,Somanur,,641668
N,"Qube Jaya Deluxe Talkies, Parkal, Telangana",CINEMA002893,locality,South,Telangana,Parkal,,
N,"Qube Bala Balaji Chitra Mandir, East Godavari, Andhra Pradesh",CINEMA002894,locality,South,Andhra Pradesh,East Godavari,,
N,"Qube Taj Mahal Talkies, Punganur, Andhra Pradesh",CINEMA002895,locality,South,Andhra Pradesh,Punganur,,
N,"Qube Chand Picture Palace, Proddatur, Andhra Pradesh",CINEMA002896,locality,South,Andhra Pradesh,Proddatur,,
N,"Qube Padmasree Theatre, Palamaner, Andhra Pradesh",CINEMA002897,locality,South,Andhra Pradesh,Palamaner,,
N,"Qube Ramakrishna Theatre A/C, West Godavari, Andhra Pradesh",CINEMA002898,locality,South,Andhra Pradesh,West Godavari,,534240
N,"Qube Sri Kanakaratna Picture Palace, Madugula, Andhra Pradesh",CINEMA002899,locality,South,Andhra Pradesh,Madugula,,
N,"Qube Annapurna Picture Palace, East Godavari, Andhra Pradesh",CINEMA002900,locality,South,Andhra Pradesh,East Godavari,,
N,"Qube Jayam Cinemas Screen 1, Gobichettipalayam, Tamil Nadu",CINEMA002901,locality,South,Tamil Nadu,Gobichettipalayam,,638453
N,"Qube Connplex Cinema Screen 1, Bettiah, Bihar",CINEMA002902,locality,East,Bihar,Bettiah,,
N,"Qube TNZ Cinema Screen 1, Ketekibari, Assam",CINEMA002903,locality,North East,Assam,Ketekibari,,
N,"Qube Miniature Cinema Hall, Shahpur, Himachal Pradesh",CINEMA002904,locality,North,Himachal Pradesh,Shahpur,,176206
N,"Qube Anjali Ratndeep Cineplex Screen 1, Aurangabad, Maharashtra",CINEMA002905,locality,West,Maharashtra,Aurangabad,,
N,"Qube Citara Plex Screen 1, Ambajogai, Maharashtra",CINEMA002906,locality,West,Maharashtra,Ambajogai,,431517
N,"Qube Connplex Cinemas Screen 1, Bilaspur, Chhattisgarh",CINEMA002907,locality,Central,Chhattisgarh,Bilaspur,,
N,"Qube Anand Theatre, Gokak, Karnataka",CINEMA002908,locality,South,Karnataka,Gokak,,
N,"Qube Bharath Cinemas Screen 1, Derlakatte, Karnataka",CINEMA002909,locality,South,Karnataka,Derlakatte,,
N,"Qube Gokulam Cinemas Screen 2, Alandurai, Tamil Nadu",CINEMA002910,locality,South,Tamil Nadu,Alandurai,,641101
N,"Qube Jagath Janani Theatre, Pathapatnam, Andhra Pradesh",CINEMA002911,locality,South,Andhra Pradesh,Pathapatnam,,
N,"Qube Sathya Cinemas Screen 2, Sathyamangalam, Tamil Nadu",CINEMA002912,locality,South,Tamil Nadu,Sathyamangalam,,638401
N,"Qube Prime Cinemas Screen 1, Hanumangarh Jn., Rajasthan",CINEMA002913,locality,North,Rajasthan,Hanumangarh Jn.,,
N,"Qube AMB Cinemas Screen 8, Hyderabad, Telangana",CINEMA002914,locality,South,Telangana,Hyderabad,,500084
N,"Qube Raghavendra Talkies, Jadcherla, Telangana",CINEMA002915,locality,South,Telangana,Jadcherla,,
N,"Qube Sri Ganga Bhavani Theater, Polavaram, Andhra Pradesh",CINEMA002916,locality,South,Andhra Pradesh,Polavaram,,
N,"Qube Satya Sai Cine Theater, K.P.Centre, Andhra Pradesh",CINEMA002917,locality,South,Andhra Pradesh,K.P.Centre,,
N,"Qube Sri Lakshmi Talkies, Koduru, Andhra Pradesh",CINEMA002918,locality,South,Andhra Pradesh,Koduru,,
N,"Qube Sri Devi Mahal, Amadalavalasa, Andhra Pradesh",CINEMA002919,locality,South,Andhra Pradesh,Amadalavalasa,,532184
N,"Qube Maheswari Theatre, Narayanpet, Telangana",CINEMA002920,locality,South,Telangana,Narayanpet,,509210
N,"Qube Sudarshan Picture Palace A/C, Rajampeta, Andhra Pradesh",CINEMA002921,locality,South,Andhra Pradesh,Rajampeta,,516115
N,"Qube My Cinema Screen 1 formally know as Carnival Cinemas, Karunagappaly, Kerala",CINEMA002922,locality,South,Kerala,Karunagappaly,,
N,"Qube Cine Prime Cinemas Screen 1, Vadodara, Gujarat",CINEMA002923,locality,West,Gujarat,Vadodara,,
N,"Qube Dharmatma Cinemark Screen 1, Chakan, Maharashtra",CINEMA002924,locality,West,Maharashtra,Chakan,,410501
N,"Qube Nakshtra Cinema, Dhekiajuli, Assam",CINEMA002925,locality,North East,Assam,Dhekiajuli,,
N,"Qube Geetha Multiplex Screen 1, Narasaraopet, Andhra Pradesh",CINEMA002926,locality,South,Andhra Pradesh,Narasaraopet,,
N,"Qube LA Cinema Gomathi Screen 2, Mayiladuthurai, Tamil Nadu",CINEMA002927,locality,South,Tamil Nadu,Mayiladuthurai,,
N,"Qube Karthika Theatre Screen 1, Talikulam, Kerala",CINEMA002928,locality,South,Kerala,Talikulam,,680569
N,"Qube Aashirvad Cinemas Screen 1, Pathanapuram, Kerala",CINEMA002929,locality,South,Kerala,Pathanapuram,,689695
N,"Qube PRV Grande Screen 1, Punalur, Kerala",CINEMA002930,locality,South,Kerala,Punalur,,
N,"Qube Krishna Talkies, Rautahat, Bihar",CINEMA002931,locality,East,Bihar,Rautahat,,843323
N,"Qube Phoenix Cinema Screen 1, Sambalpur, Odisha",CINEMA002932,locality,East,Odisha,Sambalpur,,
N,"Qube Artech Cinemas Screen 1, Thiruvananthapuram, Kerala",CINEMA002933,locality,South,Kerala,Thiruvananthapuram,,
N,"Qube Cine Square Cinemas Screen 1, Cumbum, Tamil Nadu",CINEMA002934,locality,South,Tamil Nadu,Cumbum,,
N,"Qube Sangeetha Theatre Screen 3, Somanur, Tamil Nadu",CINEMA002935,locality,South,Tamil Nadu,Somanur,,641668
N,"Qube Ameer Cinemas Screen 1, Somulavaripalle, Andhra Pradesh",CINEMA002936,locality,South,Andhra Pradesh,Somulavaripalle,,
N,"Qube Connplex Cinemas Screen 1, Vadodara, Gujarat",CINEMA002937,locality,West,Gujarat,Vadodara,,390020
N,"Qube EVM Grace Theatre, Kumily, Kerala",CINEMA002938,locality,South,Kerala,Kumily,,685509
N,"Qube Santoshimata Chitramandir Screen 4, Beed, Maharashtra",CINEMA002939,locality,West,Maharashtra,Beed,,
N,"Qube Four Shows Cineplex Screen 2, Razole, Andhra Pradesh",CINEMA002940,locality,South,Andhra Pradesh,Razole,,
N,"Qube SVF Cinema Malda Center Point Screen 1, Malda, West Bengal",CINEMA002941,locality,East,West Bengal,Malda,,
N,"Qube Nazrul Tirtha Audi 1, New Town, West Bengal",CINEMA002942,locality,East,West Bengal,New Town,,
N,"Qube Anu Cinemax Screen 1, Thiruvananthapuram, Kerala",CINEMA002943,locality,South,Kerala,Thiruvananthapuram,,695501
N,"Qube E box Cinema 1 (Formerly Known as Starworold Cinemas), Kundli, Haryana",CINEMA002944,locality,North,Haryana,Kundli,,
N,"Qube E box Cinema 3 (Formerly Known as Starworold Cinemas), Kundli, Haryana",CINEMA002945,locality,North,Haryana,Kundli,,
N,"Qube Royal Cinemas, Navsari, Gujarat",CINEMA002946,locality,West,Gujarat,Navsari,,
N,"Qube Moraya Cinema, Sindkhed Raja, Maharashtra",CINEMA002947,locality,West,Maharashtra,Sindkhed Raja,,443203
N,"Qube Radha Ram Talkies Screen 2, Basmathnagar, Maharashtra",CINEMA002948,locality,West,Maharashtra,Basmathnagar,,
N,"Qube Siva Deluxe, Achampet, Andhra Pradesh",CINEMA002949,locality,South,Andhra Pradesh,Achampet,,
N,"Qube Connplex Cinemas Screen 1, Tadepalligudem, Andhra Pradesh",CINEMA002950,locality,South,Andhra Pradesh,Tadepalligudem,,
N,"Qube Balachander Talkies, Bangarpet, Karnataka",CINEMA002951,locality,South,Karnataka,Bangarpet,,
N,"Qube Sri Balaji Theatre, Acharapakkam, Tamil Nadu",CINEMA002952,locality,South,Tamil Nadu,Acharapakkam,,603301
N,"Qube Kamaraj Theatre, Royakottah, Tamil Nadu",CINEMA002953,locality,South,Tamil Nadu,Royakottah,,
N,"SVS Vijay Theatre, Pudukottai, Tamil Nadu",CINEMA002954,locality,South,Tamil Nadu,Pudukottai,,
N,"Sree Thulasi Theatre Screen 1, Tiruvallur, Tamil Nadu",CINEMA002955,locality,South,Tamil Nadu,Tiruvallur,,
N,"Sri Sankar Theatre, Malikipuram, Andhra Pradesh",CINEMA002956,locality,South,Andhra Pradesh,Malikipuram,,
N,"Qube Prayag Theatre Screen 2, Parpanangadi, Kerala",CINEMA002957,locality,South,Kerala,Parpanangadi,,676303
N,"Qube Wave Cinema (New Delhi) Screen 1, New Delhi, Delhi & NCR",CINEMA002958,locality,North,Delhi,New Delhi,,
N,"Qube Sanelite Cinema Screen 1, Ahmedabad, Gujarat",CINEMA002959,locality,West,Gujarat,Ahmedabad,,380060
N,"Qube Shankar Chitra Mandira, Ramanagara, Karnataka",CINEMA002960,locality,South,Karnataka,Ramanagara,,562138
N,"Qube Manohar 70MM A/c Dts, Narayanpet, Telangana",CINEMA002961,locality,South,Telangana,Narayanpet,,509411
N,"Qube Parameswari Theatre, Kothagudem, Telangana",CINEMA002962,locality,South,Telangana,Kothagudem,,
N,"Qube Sri Venkateswara Theatre, Vissannapet, Andhra Pradesh",CINEMA002963,locality,South,Andhra Pradesh,Vissannapet,,
N,"Qube Sangam Talkies, Halbarga, Karnataka",CINEMA002964,locality,South,Karnataka,Halbarga,,585101
N,"Qube City Pride Multiplex Screen 1, Pune, Maharashtra",CINEMA002965,locality,West,Maharashtra,Pune,,411037
N,"Qube King Cinemas, Thrissur, Kerala",CINEMA002966,locality,South,Kerala,Thrissur,,
N,"Qube Shiva Digital Cinema, Puttaparthi, Andhra Pradesh",CINEMA002967,locality,South,Andhra Pradesh,Puttaparthi,,
N,"Qube Sandeep Picture Palace, Kothacheruvu, Andhra Pradesh",CINEMA002968,locality,South,Andhra Pradesh,Kothacheruvu,,
N,"Qube Connplex Cinema Screen 1, Madhubani, Bihar",CINEMA002969,locality,East,Bihar,Madhubani,,
N,"Qube Divya Theatre, Puducherry, Puducherry",CINEMA002970,locality,South,Puducherry,Puducherry,,
N,"Qube Sri Ganesh Theatre Complex Screen 1, Madurai, Tamil Nadu",CINEMA002971,locality,South,Tamil Nadu,Madurai,,625106
N,"Qube Vinayaka Theatre, Bangalore, Karnataka",CINEMA002972,locality,South,Karnataka,Bangalore,,
N,"Qube E box Cinema 2 (Formerly Known as Starworold Cinemas), Kundli, Haryana",CINEMA002973,locality,North,Haryana,Kundli,,
N,"Qube Citara Plex, Jawalamukhi, Himachal Pradesh",CINEMA002974,locality,North,Himachal Pradesh,Jawalamukhi,,
N,"Qube Sudha Theatre, Alamuru, Andhra Pradesh",CINEMA002975,locality,South,Andhra Pradesh,Alamuru,,
N,"Qube SVF Cinema Habra Screen 1, Habra, West Bengal",CINEMA002976,locality,East,West Bengal,Habra,,743263
N,"Qube Sri Lakshmi Chitramandira, Bangalore, Karnataka",CINEMA002977,locality,South,Karnataka,Bangalore,,560083
N,"Qube AVS Cinemas Screen 1, Sangaria, Rajasthan",CINEMA002978,locality,North,Rajasthan,Sangaria,,
N,"Qube RNR Picture Palace, Rayachoti, Andhra Pradesh",CINEMA002979,locality,South,Andhra Pradesh,Rayachoti,,
N,"Qube Mini Gayatri Talkies, Parihar, Bihar",CINEMA002980,locality,East,Bihar,Parihar,,
N,"Qube Connplex Smart Theatre Screen 1, Rajkot, Gujarat",CINEMA002981,locality,West,Gujarat,Rajkot,,360005
N,"Qube Kairali Theatre (KSFDC) - Thrissur, Thrissur, Kerala",CINEMA002982,locality,South,Kerala,Thrissur,,
N,"Qube Sree Theatre (KSFDC) - Thrissur, Thrissur, Kerala",CINEMA002983,locality,South,Kerala,Thrissur,,680001
N,"Qube Ganga Theater, Nallamada, Andhra Pradesh",CINEMA002984,locality,South,Andhra Pradesh,Nallamada,,
N,"Qube Srinivasa Theater, Yadagirigutta, Telangana",CINEMA002985,locality,South,Telangana,Yadagirigutta,,508115
N,"Qube SSV Cinemas, Nagaram, Andhra Pradesh",CINEMA002986,locality,South,Andhra Pradesh,Nagaram,,
N,"Qube Pooja Shree Cineplex, Bilaspur, Chhattisgarh",CINEMA002987,locality,Central,Chhattisgarh,Bilaspur,,495001
N,"Qube Lakshmi Talkies - KGF, Kolar, Karnataka",CINEMA002988,locality,South,Karnataka,Kolar,,563113
N,"Qube Kalabhavan Theatre (Vazhuthacaud), Thiruvananthapuram, Kerala",CINEMA002989,locality,South,Kerala,Thiruvananthapuram,,695014
N,"Qube Chitranjali Theatre-Screen 1 ( KSFDC), Cherthala, Kerala",CINEMA002990,locality,South,Kerala,Cherthala,,683513
N,"Qube Sri Thangaraja Theatre, Vedasandur, Tamil Nadu",CINEMA002991,locality,South,Tamil Nadu,Vedasandur,,
N,"Qube S.R. Pictures Screen 1, Ayodhya, Uttar Pradesh",CINEMA002992,locality,North,Uttar Pradesh,Ayodhya,,
N,"Qube Deepak Chithramandira, Bidar, Karnataka",CINEMA002993,locality,South,Karnataka,Bidar,,
N,"Qube Shivaganga Chitra Mandira, Koratagere, Karnataka",CINEMA002994,locality,South,Karnataka,Koratagere,,
N,"Qube Coorg Cineplex, Gonikoppal, Karnataka",CINEMA002995,locality,South,Karnataka,Gonikoppal,,
N,"Qube ART Cinemas Screen 1, Hyderabad, Telangana",CINEMA002996,locality,South,Telangana,Hyderabad,,
N,"Qube ART Cinemas Screen 6 Epiq, Hyderabad, Telangana",CINEMA002997,locality,South,Telangana,Hyderabad,,
N,"Qube Maa Vaishno Entertainment Screen 1, Dalsinghsarai, Bihar",CINEMA002998,locality,East,Bihar,Dalsinghsarai,,
N,"Qube Connplex Cinema Screen 1, Korba, Chhattisgarh",CINEMA002999,locality,Central,Chhattisgarh,Korba,,
N,"Qube Qube Ramadass Theatre Screen 2, Sunguvar Chatram, Tamil Nadu",CINEMA003000,locality,South,Tamil Nadu,Sunguvar Chatram,,602106
N,"Qube Vijila Theatre Screen 2, Thiruthuraipoondi, Tamil Nadu",CINEMA003001,locality,South,Tamil Nadu,Thiruthuraipoondi,,
N,"Qube Galaxy Cinema Screen 3, Katpadi, Tamil Nadu",CINEMA003002,locality,South,Tamil Nadu,Katpadi,,632007
N,"Qube KG Cinemas _Screen6_Antaraa, Coimbatore, Tamil Nadu",CINEMA003003,locality,South,Tamil Nadu,Coimbatore,,641018
N,"Qube Shivananda Talkies, Ramanagara, Karnataka",CINEMA003004,locality,South,Karnataka,Ramanagara,,562160
N,"Qube Akshaya Multiplex Screen 1, Salem, Tamil Nadu",CINEMA003005,locality,South,Tamil Nadu,Salem,,
N,"Qube Anji Reddy Theatre, Choutapalli, Telangana",CINEMA003006,locality,South,Telangana,Choutapalli,,
N,"Qube Sri Krishna Theatre Screen 1, Mahbubnagar, Telangana",CINEMA003007,locality,South,Telangana,Mahbubnagar,,
N,"Qube Sree Ramakrishna Talkies, Chilakaluripet, Andhra Pradesh",CINEMA003008,locality,South,Andhra Pradesh,Chilakaluripet,,
N,"Qube Satya Sairam Theater, Turputallu, Andhra Pradesh",CINEMA003009,locality,South,Andhra Pradesh,Turputallu,,534280
N,"Qube SVF Cinema Burdwan Screen 1, Burdwan, West Bengal",CINEMA003010,locality,East,West Bengal,Burdwan,,
N,"Qube Udayan Cinema Screen 1, Tarakeswar, West Bengal",CINEMA003011,locality,East,West Bengal,Tarakeswar,,
N,"Qube Vijaya Talkies, Thamballapalle, Andhra Pradesh",CINEMA003012,locality,South,Andhra Pradesh,Thamballapalle,,
N,"Qube Lakshmi Theatre, Ambedkar Nagar, Telangana",CINEMA003013,locality,South,Telangana,Ambedkar Nagar,,508213
N,"Qube Leela Chitra Mandira, Hunsur, Karnataka",CINEMA003014,locality,South,Karnataka,Hunsur,,
N,"Qube Connplex Cinema Screen 1, Bharuch, Gujarat",CINEMA003015,locality,West,Gujarat,Bharuch,,
N,"Qube Mahadeshwara Chitra Mandira, Yelandur, Karnataka",CINEMA003016,locality,South,Karnataka,Yelandur,,
N,"Qube Om Raj Cinema, Jalna, Maharashtra",CINEMA003017,locality,West,Maharashtra,Jalna,,431206
N,"Qube Vijaya Talkies, Prakasam, Andhra Pradesh",CINEMA003018,locality,South,Andhra Pradesh,Prakasam,,523316
N,"Qube Ramakrishna Theatre, Nagarkurnool, Telangana",CINEMA003019,locality,South,Telangana,Nagarkurnool,,
N,"Qube Connplex Cinema Screen 1, Anand, Gujarat",CINEMA003020,locality,West,Gujarat,Anand,,
N,"Qube Mamaji Cinema, Jalgaon, Maharashtra",CINEMA003021,locality,West,Maharashtra,Jalgaon,,
N,"Qube Sri Balaji Theatre, Santhanuthalapadu, Andhra Pradesh",CINEMA003022,locality,South,Andhra Pradesh,Santhanuthalapadu,,523225
N,"Qube Sri Venkateswara Theatre, Tatipaka, Andhra Pradesh",CINEMA003023,locality,South,Andhra Pradesh,Tatipaka,,
N,"Qube Sharda Cineplex, Etah, Uttar Pradesh",CINEMA003024,locality,North,Uttar Pradesh,Etah,,
N,"Qube R S Movie, Bhanjanagar, Odisha",CINEMA003025,locality,East,Odisha,Bhanjanagar,,761133
N,"Qube Udayan Cinema Screen 2, Tarakeswar, West Bengal",CINEMA003026,locality,East,West Bengal,Tarakeswar,,712410
N,"Qube Amoga Theatre, Chipurupalle, Andhra Pradesh",CINEMA003027,locality,South,Andhra Pradesh,Chipurupalle,,
N,"Qube JMD Cinemas Screen 2, Curchorem, Goa",CINEMA003028,locality,West,Goa,Curchorem,,
N,"Qube Magic Frames Kalpana Theatre Screen 1, Iritty, Kerala",CINEMA003029,locality,South,Kerala,Iritty,,670703
N,"Qube Magic Frames Cinemas Screen 1, Edakkara, Kerala",CINEMA003030,locality,South,Kerala,Edakkara,,
N,"Qube Anu Cinemax Screen 2, Thiruvananthapuram, Kerala",CINEMA003031,locality,South,Kerala,Thiruvananthapuram,,
N,"Qube Roongta Multiplex Screen 1, Hyderabad, Telangana",CINEMA003032,locality,South,Telangana,Hyderabad,,500004
N,"Qube Lakshmi Cinemas, Kodungallur, Kerala",CINEMA003033,locality,South,Kerala,Kodungallur,,
N,"Qube Srinivasa Theatre, Chikkanayakana Halli, Karnataka",CINEMA003034,locality,South,Karnataka,Chikkanayakana Halli,,572214
N,"Qube Connplex Cinemas Screen 1, Hyderabad, Telangana",CINEMA003035,locality,South,Telangana,Hyderabad,,
N,"Qube Starline Cinemas Screen-1, Thanjavur, Tamil Nadu",CINEMA003036,locality,South,Tamil Nadu,Thanjavur,,613005
N,"Qube Shri Renuka Chitramandir, Gadag, Karnataka",CINEMA003037,locality,South,Karnataka,Gadag,,
N,"Qube Shri Krishna Talkies, Gadag, Karnataka",CINEMA003038,locality,South,Karnataka,Gadag,,
N,"Qube Venkataramana Theater, Narayanpet, Telangana",CINEMA003039,locality,South,Telangana,Narayanpet,,
N,"Qube Shree Siddhalingeshwar Chitramandir, Dharwad, Karnataka",CINEMA003040,locality,South,Karnataka,Dharwad,,
N,"Qube Connplex Cinema Screen 1, Gurgaon, Delhi & NCR",CINEMA003041,locality,North,Delhi,Gurgaon,,
N,"Qube Rathindra Multiplex Screen 1, Sodepur, West Bengal",CINEMA003042,locality,East,West Bengal,Sodepur,,700110
N,"Qube Nazrul Tirtha Audi 3, Kolkata, West Bengal",CINEMA003043,locality,East,West Bengal,Kolkata,,700163
N,"Qube Abor Cinema Hall Screen 2, Pasighat, Arunachal Pradesh",CINEMA003044,locality,North East,Arunachal Pradesh,Pasighat,,791102
N,"Qube Neelima Theatre, Anantapur, Andhra Pradesh",CINEMA003045,locality,South,Andhra Pradesh,Anantapur,,
N,"Qube Annapoorna Theatre, East Godavari, Andhra Pradesh",CINEMA003046,locality,South,Andhra Pradesh,East Godavari,,
N,"Qube Anurag Theatre, Chipurupalle, Andhra Pradesh",CINEMA003047,locality,South,Andhra Pradesh,Chipurupalle,,535128
N,"Qube Radiance Cinema Screen 1 Epiq, Rajapalayam, Tamil Nadu",CINEMA003048,locality,South,Tamil Nadu,Rajapalayam,,626117
N,"Qube Radiance Cinema Screen 2 formally known as Shanthi Theatre, Rajapalayam, Tamil Nadu",CINEMA003049,locality,South,Tamil Nadu,Rajapalayam,,
N,"Qube Jeya Anand A/C Theatre Screen 2, Rajapalayam, Tamil Nadu",CINEMA003050,locality,South,Tamil Nadu,Rajapalayam,,626117
N,"Qube Neelam Cinema Screen 1, Jalna, Maharashtra",CINEMA003051,locality,West,Maharashtra,Jalna,,
N,"Qube Connplex Cinemas Screen 1, Sangamner, Maharashtra",CINEMA003052,locality,West,Maharashtra,Sangamner,,
N,"Qube Cine Prime Cinema – Naroda  Screen 1, Ahmedabad, Gujarat",CINEMA003053,locality,West,Gujarat,Ahmedabad,,
N,"Qube Gold Digital Cinema, Hojai, Assam",CINEMA003054,locality,North East,Assam,Hojai,,
N,"Qube Sesha Mahal Theatre, Tadepalligudem, Andhra Pradesh",CINEMA003055,locality,South,Andhra Pradesh,Tadepalligudem,,
N,"Qube Sri Padmaja Mini Theatre, Tadepalligudem, Andhra Pradesh",CINEMA003056,locality,South,Andhra Pradesh,Tadepalligudem,,534101
N,"Qube Ranga Mahal Theatre, Tadepalligudem, Andhra Pradesh",CINEMA003057,locality,South,Andhra Pradesh,Tadepalligudem,,534101
N,"Qube Chalapathi Mini Theatre, Tadepalligudem, Andhra Pradesh",CINEMA003058,locality,South,Andhra Pradesh,Tadepalligudem,,534101
N,"Qube Mini Rohini Theatre, Chennai, Tamil Nadu",CINEMA003059,locality,South,Tamil Nadu,Chennai,,600107
N,"Qube Sri Ranganatha Talkies, Sira, Karnataka",CINEMA003060,locality,South,Karnataka,Sira,,
N,"Qube Sri Ganapathy Talkies, Udagamandalam, Tamil Nadu",CINEMA003061,locality,South,Tamil Nadu,Udagamandalam,,
N,"Qube E-Box Cinema Screen 1, Greater Noida, Delhi & NCR",CINEMA003062,locality,North,Delhi,Greater Noida,,
N,"Qube Sri Venkateshwara Theatre, Kalayarkoil, Tamil Nadu",CINEMA003063,locality,South,Tamil Nadu,Kalayarkoil,,
N,"Qube Galaxy Entertainment International Ltd- Screen-1, Manipal, Karnataka",CINEMA003064,locality,South,Karnataka,Manipal,,
N,"Qube NY Cinema Screen 1, Ghaziabad, Delhi & NCR",CINEMA003065,locality,North,Delhi,Ghaziabad,,
N,"Qube Sarathi Cinemas Screen 1, Rajahmundry, Andhra Pradesh",CINEMA003066,locality,South,Andhra Pradesh,Rajahmundry,,533106
N,"Qube Connplex Luxuriance Kankarbagh Screen 1, Patna, Bihar",CINEMA003067,locality,East,Bihar,Patna,,
N,"Qube Sandhya Theatre, Bangalore, Karnataka",CINEMA003068,locality,South,Karnataka,Bangalore,,
N,"Qube Connplex Cinema Screen 1, Odisha, Odisha",CINEMA003069,locality,East,Odisha,Odisha,,
N,"Qube Connplex Cinema Screen 1, Mundra, Gujarat",CINEMA003070,locality,West,Gujarat,Mundra,,
N,"Qube The Royal Cinemas, Jamui, Bihar",CINEMA003071,locality,East,Bihar,Jamui,,
N,"Qube Palaxi Cinemas Screen 1, Thrissur, Kerala",CINEMA003072,locality,South,Kerala,Thrissur,,680014
N,"Qube Laxmi Narayan Smart Theater Screen 1, Jehanabad, Bihar",CINEMA003073,locality,East,Bihar,Jehanabad,,804417
N,"Qube J Cinemas A/C Screen 1, Chinnalapatti, Tamil Nadu",CINEMA003074,locality,South,Tamil Nadu,Chinnalapatti,,624301
N,"Qube Sri Bhavani Theatre Screen 1, Tekkali, Andhra Pradesh",CINEMA003075,locality,South,Andhra Pradesh,Tekkali,,
N,"Qube Sri Devi Theatre, Anaveri, Karnataka",CINEMA003076,locality,South,Karnataka,Anaveri,,577243
N,"Qube Asha Cinemark Screen 1, Solapur, Maharashtra",CINEMA003077,locality,West,Maharashtra,Solapur,,413001
N,"Qube Microcineplex Cinema Screen 1, Dehradun, Uttarakhand",CINEMA003078,locality,North,Uttarakhand,Dehradun,,
N,"Qube S R Cinemas 
Screen 1, Mandapeta, Andhra Pradesh",CINEMA003079,locality,South,Andhra Pradesh,Mandapeta,,
N,"Qube RLR 
Mourya 
Cinema, Bhilai, Chhattisgarh",CINEMA003080,locality,Central,Chhattisgarh,Bhilai,,
N,"Qube Amuse Arena Cinema Screen 1, Bodhgaya, Bihar",CINEMA003081,locality,East,Bihar,Bodhgaya,,
N,"Qube Pragati Cinema Screen 1, Surat, Gujarat",CINEMA003082,locality,West,Gujarat,Surat,,394107
N,"Qube Renuka Prasanna Chitra Mandira, Bangalore, Karnataka",CINEMA003083,locality,South,Karnataka,Bangalore,,560061
N,"Qube S R Cinemas 
Screen 2, Mandapeta, Andhra Pradesh",CINEMA003084,locality,South,Andhra Pradesh,Mandapeta,,
N,"Qube Malik Touring Talkies, Mulakalacheruvu, Andhra Pradesh",CINEMA003085,locality,South,Andhra Pradesh,Mulakalacheruvu,,517390
N,"Qube Swagath Shankarnag Chitra Mandira, Bangalore, Karnataka",CINEMA003086,locality,South,Karnataka,Bangalore,,
N,"Qube KSPS Ganapathi Kalaiarangam Screen 1, Thoothukudi, Tamil Nadu",CINEMA003087,locality,South,Tamil Nadu,Thoothukudi,,
N,"Qube Sri Vinayaka Theatre, Kanipakam, Andhra Pradesh",CINEMA003088,locality,South,Andhra Pradesh,Kanipakam,,
N,"Qube Sri Balaji Talkies, Bangarupalem, Andhra Pradesh",CINEMA003089,locality,South,Andhra Pradesh,Bangarupalem,,517416
N,"Qube Sri Padmamba Talkies, Mysore, Karnataka",CINEMA003090,locality,South,Karnataka,Mysore,,
N,"Qube Anchani Cinemas Screen 1, Karukachal, Kerala",CINEMA003091,locality,South,Kerala,Karukachal,,
N,"Qube Shree Talkies, Achalpur City, Maharashtra",CINEMA003092,locality,West,Maharashtra,Achalpur City,,
N,"Qube Shiva Theatre, Vengamedu, Tamil Nadu",CINEMA003093,locality,South,Tamil Nadu,Vengamedu,,639006
N,"Qube Bharath Cinemas -  Time Squre Mall Screen 1, Udupi, Karnataka",CINEMA003094,locality,South,Karnataka,Udupi,,
N,"Qube MVR Cinemas Screen 1, Chennai, Tamil Nadu",CINEMA003095,locality,South,Tamil Nadu,Chennai,,600026
N,"Qube Ritzy Sha Cinema Screen 1, Madurai, Tamil Nadu",CINEMA003096,locality,South,Tamil Nadu,Madurai,,
N,"Qube Vel Theatre Screen 1, Erode, Tamil Nadu",CINEMA003097,locality,South,Tamil Nadu,Erode,,
N,"Qube KPS Movie Land A/c DTS, Gunthakal, Andhra Pradesh",CINEMA003098,locality,South,Andhra Pradesh,Gunthakal,,
N,"Qube J Square Cinemas Screen 1, Tiruvarur, Tamil Nadu",CINEMA003099,locality,South,Tamil Nadu,Tiruvarur,,
N,"Qube Swagath Poornima Cinema, Bangalore, Karnataka",CINEMA003100,locality,South,Karnataka,Bangalore,,
N,"Qube VPC Sri Krishna Theatre, Mummidivaram, Andhra Pradesh",CINEMA003101,locality,South,Andhra Pradesh,Mummidivaram,,
N,"Qube Sri Rangaraja Talkies Screen 2 - Bhuvanagiri, Bhuvanagiri, Tamil Nadu",CINEMA003102,locality,South,Tamil Nadu,Bhuvanagiri,,608601
N,"Qube Thinnappa Theatre Screen 2, Karur, Tamil Nadu",CINEMA003103,locality,South,Tamil Nadu,Karur,,
N,"Qube Srinivasa Theatre, Wanaparthy, Andhra Pradesh",CINEMA003104,locality,South,Andhra Pradesh,Wanaparthy,,509103
N,"Qube RLR Chandra Cinema, Bhilai, Chhattisgarh",CINEMA003105,locality,Central,Chhattisgarh,Bhilai,,
N,"Qube Sri Satyanarayana Theater 2, Kathipudi, Andhra Pradesh",CINEMA003106,locality,South,Andhra Pradesh,Kathipudi,,
N,"Qube Uma Mahal Screen 1, Pathapatnam, Andhra Pradesh",CINEMA003107,locality,South,Andhra Pradesh,Pathapatnam,,
N,"Qube Alagesan Theatre, Ayyampalayam, Tamil Nadu",CINEMA003108,locality,South,Tamil Nadu,Ayyampalayam,,624204
N,"Qube Venkatrama Theatre, Attili, Andhra Pradesh",CINEMA003109,locality,South,Andhra Pradesh,Attili,,534134
N,"Qube AMB Cinemas Screen 1, Bangalore, Karnataka",CINEMA003110,locality,South,Karnataka,Bangalore,,
N,"Siddhartha Cinemas Screen 2, Chittoor, Andhra Pradesh",CINEMA003111,locality,South,Andhra Pradesh,Chittoor,,
N,"Qube Uma Mahal Screen 2, Pathapatnam, Andhra Pradesh",CINEMA003112,locality,South,Andhra Pradesh,Pathapatnam,,532213
N,"Qube Sai Raja Theatre, Shadnagar, Telangana",CINEMA003113,locality,South,Telangana,Shadnagar,,
N,"Qube AMB Cinemas Screen 7, Bangalore, Karnataka",CINEMA003114,locality,South,Karnataka,Bangalore,,560030
N,"Qube Sri Lakshmi Theatre, Dharmajigudem, Andhra Pradesh",CINEMA003115,locality,South,Andhra Pradesh,Dharmajigudem,,534462
N,"Qube Sundar Ayaan Cinema Screen 1, Solan, Himachal Pradesh",CINEMA003116,locality,North,Himachal Pradesh,Solan,,
N,"Qube Rakki Cinemas Screen 1, Chennai, Tamil Nadu",CINEMA003117,locality,South,Tamil Nadu,Chennai,,600053
N,"Qube Rakki Cinemas Screen 4-EPIQ, Chennai, Tamil Nadu",CINEMA003118,locality,South,Tamil Nadu,Chennai,,600026
N,"Qube Rakki Cinemas Screen 5, Chennai, Tamil Nadu",CINEMA003119,locality,South,Tamil Nadu,Chennai,,
N,"Qube Shreeji Cinema Screen 1, Bhavnagar Para, Gujarat",CINEMA003120,locality,West,Gujarat,Bhavnagar Para,,364003
N,"Qube Connplex Cinemas Screen 1, Bihta, Bihar",CINEMA003121,locality,East,Bihar,Bihta,,
N,"Qube JAS Theatre, Ottapalam, Kerala",CINEMA003122,locality,South,Kerala,Ottapalam,,679101
N,"Qube Connplex Cinemas Screen 1, Muzaffarpur, Bihar",CINEMA003123,locality,East,Bihar,Muzaffarpur,,
N,"Qube Prem Cineplex, Rudarpur, Uttarakhand",CINEMA003124,locality,North,Uttarakhand,Rudarpur,,
N,"Qube Cinemore Cinemas Screen 1, Bathinda, Punjab",CINEMA003125,locality,North,Punjab,Bathinda,,
N,"Qube Lena Theatre Screen 1, Kallakurichi, Tamil Nadu",CINEMA003126,locality,South,Tamil Nadu,Kallakurichi,,
N,"Qube Bhagirathi Multiplex (Super Premium) Screen 6, Bhawanipatna, Odisha",CINEMA003127,locality,East,Odisha,Bhawanipatna,,
N,"Qube Dreamvue Cinemas Screen 1, Malappuram, Kerala",CINEMA003128,locality,South,Kerala,Malappuram,,676302
N,"Qube Sri Ravi Shenkar Picture Palace, Kasibugga, Andhra Pradesh",CINEMA003129,locality,South,Andhra Pradesh,Kasibugga,,
N,"Qube Eleye Cinema Screen1, Jorhat, Assam",CINEMA003130,locality,North East,Assam,Jorhat,,
N,"Qube Meena Theatre (Formerly known as Rojaa theatre), Erampatti, Tamil Nadu",CINEMA003131,locality,South,Tamil Nadu,Erampatti,,
N,"Qube Ramakrishna Deluxe, Pakala, Andhra Pradesh",CINEMA003132,locality,South,Andhra Pradesh,Pakala,,
N,"Qube Sangam Talkies, Bailhongal, Karnataka",CINEMA003133,locality,South,Karnataka,Bailhongal,,
N,"Qube New Max Cinema - Screen 1, Silvassa, Gujarat",CINEMA003134,locality,West,Gujarat,Silvassa,,
N,"Miraj Cinemas - Anupam Mall Goregaon East, Mumbai, Maharashtra",CINEMA003135,locality,West,Maharashtra,Mumbai,,400063
N,"Miraj Thakur theatre Hall- Kandivali East, Mumbai, Maharashtra",CINEMA003136,locality,West,Maharashtra,Mumbai,,400101
N,"Miraj Cinemas Phoenix studio- Ambernath, Mumbai, Maharashtra",CINEMA003137,locality,West,Maharashtra,Mumbai,,
N,"Miraj Fun Fiesta- PANVEL, Mumbai, Maharashtra",CINEMA003138,locality,West,Maharashtra,Mumbai,,401203
N,"Miraj Fun Fiesta- Nalasopara (W), Mumbai, Maharashtra",CINEMA003139,locality,West,Maharashtra,Mumbai,,401203
N,"Miraj Cinemas Ashok Anil Multiplex- Ulhasnagar, Mumbai, Maharashtra",CINEMA003140,locality,West,Maharashtra,Mumbai,,421002
N,"Miraj Cinemas Jawahar Theatre- Ulhasnagar, Mumbai, Maharashtra",CINEMA003141,locality,West,Maharashtra,Mumbai,,
N,"Miraj Dattani Square Mall- Vasai(W) Thane, Mumbai, Maharashtra",CINEMA003142,locality,West,Maharashtra,Mumbai,,401207
N,"Miraj Cinemas : Dombivali, Mumbai, Maharashtra",CINEMA003143,locality,West,Maharashtra,Mumbai,,
N,"Miraj cinemas :Amravati Tapadia City centre, Amravati, Maharashtra",CINEMA003144,locality,West,Maharashtra,Amravati,,
N,"Miraj Radha Krishna Cinemas : Akola, Akola, Maharashtra",CINEMA003145,locality,West,Maharashtra,Akola,,
N,"Miraj Cinemas MDR MALL- Chandrapur, Chandrapur, Maharashtra",CINEMA003146,locality,West,Maharashtra,Chandrapur,,442401
N,"Miraj Cinemas Nandurbar Business Centre, Nandurbar, Maharashtra",CINEMA003147,locality,West,Maharashtra,Nandurbar,,
N,"Miraj Usha Chitra Mandir - UDGIR, Udgir, Maharashtra",CINEMA003148,locality,West,Maharashtra,Udgir,,
N,"Miraj Cinemas R Mall - Mulund, Mumbai, Maharashtra",CINEMA003149,locality,West,Maharashtra,Mumbai,,
N,"Miraj Cinemas Spine Mall, Pune, Maharashtra",CINEMA003150,locality,West,Maharashtra,Pune,,
N,"Miraj Cine Pride, Ahmedabad, Gujarat",CINEMA003151,locality,West,Gujarat,Ahmedabad,,382345
N,"Miraj Cinemas Vithal complex, Ahmedabad, Gujarat",CINEMA003152,locality,West,Gujarat,Ahmedabad,,
N,"Miraj City Pulse - Ten Acre Mall, Ahmedabad, Gujarat",CINEMA003153,locality,West,Gujarat,Ahmedabad,,380022
N,"Miraj Cinemas Sanand - Vardhman Square, Ahmedabad, Gujarat",CINEMA003154,locality,West,Gujarat,Ahmedabad,,382110
N,"Miraj Shalin Square, Ahmedabad, Gujarat",CINEMA003155,locality,West,Gujarat,Ahmedabad,,382445
N,"Miraj Cinemas - KSB Mall, Surat, Gujarat",CINEMA003156,locality,West,Gujarat,Surat,,394210
N,"Miraj Cinemas Ivory Tower, Delhi, Delhi & NCR",CINEMA003157,locality,North,Delhi,Delhi,,
N,"Miraj Cinemas :Vikas Cinemall, Delhi, Delhi",CINEMA003158,locality,North,Delhi,Delhi,,110032
N,"Miraj Cinemas TGIP Noida, Noida, Uttar Pradesh",CINEMA003159,locality,North,Uttar Pradesh,Noida,,
N,"Miraj Cinemas: GNG Mall Saharanpur, Saharanpur, Uttar Pradesh",CINEMA003160,locality,North,Uttar Pradesh,Saharanpur,,
N,"Miraj Cinema – Eldeco Faridabad, Faridabad, Uttar Pradesh",CINEMA003161,locality,North,Uttar Pradesh,Faridabad,,121007
N,"Miraj Cinemas Ansal plaza, Ghaziabad, Uttar Pradesh",CINEMA003162,locality,North,Uttar Pradesh,Ghaziabad,,201010
N,"Miraj Chaudhry Cinema, Ghaziabad, Uttar Pradesh",CINEMA003163,locality,North,Uttar Pradesh,Ghaziabad,,
N,"Miraj Cinemas M4U Cineplex, Ghaziabad, Uttar Pradesh",CINEMA003164,locality,North,Uttar Pradesh,Ghaziabad,,201006
N,"Miraj Cinemas Gurudev Pammi, Kanpur, Uttar Pradesh",CINEMA003165,locality,North,Uttar Pradesh,Kanpur,,208024
N,"Miraj Cinemas: Penguin Tower, Sitapur, Sitapur(Lucknow), Uttar Pradesh",CINEMA003166,locality,North,Uttar Pradesh,Sitapur(Lucknow),Sitapur,261001
N,"MIRAJ CINEMAS -Maxima, Gurgaon, Harayana",CINEMA003167,locality,North,Haryana,Gurgaon,,
N,"Miraj Cinemas Hisar, Hisar, Harayana",CINEMA003168,locality,North,Haryana,Hisar,,
N,"Miraj Cinemas City Mall- Sonipat, Sonipat, Harayana",CINEMA003169,locality,North,Haryana,Sonipat,,
N,"Miraj Cinemas - Kundan Palace, Abohar, Punjab",CINEMA003170,locality,North,Punjab,Abohar,,152116
N,"Miraj Cinemas MGM Cinemas, Dhuri, Punjab",CINEMA003171,locality,North,Punjab,Dhuri,,148024
N,"Miraj Cinemas J's Eminent Mall, Hoshiarpur, Punjab",CINEMA003172,locality,North,Punjab,Hoshiarpur,,146001
N,"Miraj Cinemas City Centre, Pathankot, Punjab",CINEMA003173,locality,North,Punjab,Pathankot,,145001
N,"Miraj Cinemas AGM Mall, Gurdaspur, Punjab",CINEMA003174,locality,North,Punjab,Gurdaspur,,143521
N,"Miraj Cinemas - Entertainment paradise, Jaipur, Rajasthan",CINEMA003175,locality,North,Rajasthan,Jaipur,,302029
N,"Miraj Cinemas Ashapurna Mall (Bioscope), Jodhpur, Rajasthan",CINEMA003176,locality,North,Rajasthan,Jodhpur,,342003
N,"Miraj Cinemas Blue City Mall, Jodhpur, Rajasthan",CINEMA003177,locality,North,Rajasthan,Jodhpur,,342001
N,"Miraj Cinemas Miraj Mall : Nathdwara, Nathdwara, Rajasthan",CINEMA003178,locality,North,Rajasthan,Nathdwara,,313301
N,"Miraj Cine Mall (Bioscope) sikar, Sikar, Rajasthan",CINEMA003179,locality,North,Rajasthan,Sikar,,332001
N,"Miraj Cine Mall (Bioscope) ajmer, Ajmer, Rajasthan",CINEMA003180,locality,North,Rajasthan,Ajmer,,
N,"Miraj Cinemas :RDB multiplex, Bharatpur, Rajasthan",CINEMA003181,locality,North,Rajasthan,Bharatpur,,
N,"Miraj cinemas Nava raipur, Nava raipur, Chhattisgarh",CINEMA003182,locality,Central,Chhattisgarh,Nava raipur,,492018
N,"Miraj Cinema – Sandhya Towers Ranchi, Ranchi, Jharkhand",CINEMA003183,locality,East,Jharkhand,Ranchi,,834001
N,"Miraj Cinemas Kalpataru Mall, Balaghat, Madhya Pradesh",CINEMA003184,locality,Central,Madhya Pradesh,Balaghat,,
N,"Miraj Cinemas Velocity Mall- Indore, Indore, Madhya Pradesh",CINEMA003185,locality,Central,Madhya Pradesh,Indore,,452016
N,"Miraj Cinemas Aurbindo Mall, Howrah, West Bengal",CINEMA003186,locality,East,West Bengal,Howrah,,
N,"Miraj Cinemas :Terminus-New Town, Kolkata, West Bengal",CINEMA003187,locality,East,West Bengal,Kolkata,,700156
N,"Miraj Cinemas Shanti Prashanti, Vijaywada, Andhra Pradesh",CINEMA003188,locality,South,Andhra Pradesh,Vijaywada,,520003
N,"Miraj Cinemas Shradha Mall, Gulbarga, Karnataka",CINEMA003189,locality,South,Karnataka,Gulbarga,,585101
N,"Miraj Cinemas Shalini Shivani, Hyderabad, Telangana",CINEMA003190,locality,South,Telangana,Hyderabad,,500035
N,"Miraj Cinemas A2A lifespaces : Balanagar, Hyderabad, Telangana",CINEMA003191,locality,South,Telangana,Hyderabad,,500037
N,"Miraj Cinemas : Hyderabad Miyapur Cinetown, Hyderabad, Telangana",CINEMA003192,locality,South,Telangana,Hyderabad,,
N,"Miraj Cinemas : Hyderabad Malkajgiri, Hyderabad, Telangana",CINEMA003193,locality,South,Telangana,Hyderabad,,
N,"Miraj Cinemas :Geeta, Hyderabad, Telangana",CINEMA003194,locality,South,Telangana,Hyderabad,,
N,"Miraj Cinemas -I-Nok , Raichur, Raichur, Karnataka",CINEMA003195,locality,South,Karnataka,Raichur,,584102
N,"Miraj Cinemas : SRK Mall, Coimbatore, Tamil Nadu",CINEMA003196,locality,South,Tamil Nadu,Coimbatore,,641016
N,"Miraj Cinemas: TGS lotus Elite Sunkadakatte, Bengalaru, Karnataka",CINEMA003197,locality,South,Karnataka,Bengalaru,,
N,"Miraj Cinemas Karwar, Karwar, Karnataka",CINEMA003198,locality,South,Karnataka,Karwar,,581301
N,"Miraj Cinemas: Blue Diamond Mall, Calicut,Kozhikode, Calicut, Kerala",CINEMA003199,locality,South,Kerala,Calicut,Kozhikode,
N,"Miraj Cinemas - Downtown -Salt Lake, Kolkata, West Bengal",CINEMA003200,locality,East,West Bengal,Kolkata,,700106
N,"Miraj Sekaran Mall Chennai, Chennai, Tamil Nadu",CINEMA003201,locality,South,Tamil Nadu,Chennai,,600100
N,"Miraj Bhupathi Surya Central Mall-Vizag, Visakhapatnam, Andhra Pradesh",CINEMA003202,locality,South,Andhra Pradesh,Visakhapatnam,,
N,"Miraj Akash Cinema Azadpur, Delhi, Delhi",CINEMA003203,locality,North,Delhi,Delhi,,110033
N,"Miraj Chand Cinema, Delhi, Delhi",CINEMA003204,locality,North,Delhi,Delhi,,110091
N,"Miraj Ories Entertain land, Gurgaon, Harayana",CINEMA003205,locality,North,Haryana,Gurgaon,,122012
N,"Om Palace, Hapur, Uttar Pradesh",CINEMA003206,locality,North,Uttar Pradesh,Hapur,,
N,"Suhasini Theatre, Ghazipur, Uttar Pradesh",CINEMA003207,locality,North,Uttar Pradesh,Ghazipur,,233001
N,"Satyam Palace, Meerut, Uttar Pradesh",CINEMA003208,locality,North,Uttar Pradesh,Meerut,,
N,"Heer Palace, Kanpur, Uttar Pradesh",CINEMA003209,locality,North,Uttar Pradesh,Kanpur,,208001
N,"Elan Epic Mall, Sector 70, Gurgaon, Haryana",CINEMA003210,locality,North,Haryana,Gurgaon,Sector 70,
N,"Millenium Plaza, Surendranagar, Gujrat",CINEMA003211,locality,West,Gujarat,Surendranagar,,
N,"NY Cinemas Bhuj, Bhuj, Gujrat",CINEMA003212,locality,West,Gujarat,Bhuj,,370001
N,"Amrakunj Arne, Ahmedabad, Gujrat",CINEMA003213,locality,West,Gujarat,Ahmedabad,,
N,"Galleria Mall, Anand, Gujrat",CINEMA003214,locality,West,Gujarat,Anand,,388120
N,"Sai Imperia, Mulund, Maharashtra",CINEMA003215,locality,West,Maharashtra,Mulund,,
N,"Anand Big Mall, Ratlam, Madhya Pradesh",CINEMA003216,locality,Central,Madhya Pradesh,Ratlam,,
N,"Roodraksh Mall, Guwahati, Assam",CINEMA003217,locality,North East,Assam,Guwahati,,781005
N,"Avenue 37, Bahadurgarh, Haryana",CINEMA003218,locality,North,Haryana,Bahadurgarh,,
N,"Chhotu Maharaj Siva Mani Cinema Anandapuram Vaizag-1, Anandapuram, Vizag, Andhra Pradesh",CINEMA003219,locality,South,Andhra Pradesh,Vizag,Anandapuram,
N,"Sri Parvathi Talkies Bhattiprolu-1, Bhattiprolu, Andhra Pradesh",CINEMA003220,locality,South,Andhra Pradesh,Bhattiprolu,,522256
N,"Mythili Theatre Kovuru-Kovuru_1, Kovur, Andhra Pradesh",CINEMA003221,locality,South,Andhra Pradesh,Kovur,,
N,"Satya Sai Theatre Kuchipudi-1, Kuchipudi, Andhra Pradesh",CINEMA003222,locality,South,Andhra Pradesh,Kuchipudi,,
N,"Murugan Talkies Kuppam-1, Kuppam, Andhra Pradesh",CINEMA003223,locality,South,Andhra Pradesh,Kuppam,,517425
N,"Sri Vijayalakshmi Theatre Lingasamudram-1, Lingasamudram, Andhra Pradesh",CINEMA003224,locality,South,Andhra Pradesh,Lingasamudram,,523114
N,"Vigneswara Theatre Nizampatanam-1, Nizampatnam, Andhra Pradesh",CINEMA003225,locality,South,Andhra Pradesh,Nizampatnam,,
N,"Sree Balaji Theatre Gudivada-1, Gudivada, Andhra Pradesh",CINEMA003226,locality,South,Andhra Pradesh,Gudivada,,521301
N,"Sri Venkata Manikyamba Theatre Angara-1, Angara, Andhra Pradesh",CINEMA003227,locality,South,Andhra Pradesh,Angara,,533307
N,"Mahalakshmi Theatre Rowthulapudi-1, Rowthulapudi, Andhra Pradesh",CINEMA003228,locality,South,Andhra Pradesh,Rowthulapudi,,
N,"Chhotu Maharaj Cine Cafe Itanagar-1, Itanagar, Arunachal Pradesh",CINEMA003229,locality,North East,Arunachal Pradesh,Itanagar,,791111
N,"Jk Digital Cinema Kamki-1, Kamki, Arunachal Pradesh",CINEMA003230,locality,North East,Arunachal Pradesh,Kamki,,
N,"Chhotu Maharaj Tt Enterprises Naharlagun-1, Naharlagun, Arunachal Pradesh",CINEMA003231,locality,North East,Arunachal Pradesh,Naharlagun,,791110
N,"Dhemaji Cinema Dhemaji-1, Dhemaji, Assam",CINEMA003232,locality,North East,Assam,Dhemaji,,787057
N,"Royal Global University Guwahati-1, Guwahati, Assam",CINEMA003233,locality,North East,Assam,Guwahati,,781035
N,"Chhotu Maharaj Cine Cafe Narayanpur-1, Narayanpur, Assam",CINEMA003234,locality,North East,Assam,Narayanpur,,
N,"Anupam Cinema Areraj Motihari-1, Areraj, Bihar",CINEMA003235,locality,East,Bihar,Areraj,,
N,"Om Picture Palace Basopatti-1, Basopati, Bihar",CINEMA003236,locality,East,Bihar,Basopati,,847226
N,"Shyam Talkies Chanpatiya-1, Chanpatiya, Bihar",CINEMA003237,locality,East,Bihar,Chanpatiya,,
N,"Chhotu Maharaj Cine Café Jamui-1, Jamui, Bihar",CINEMA003238,locality,East,Bihar,Jamui,,
N,"Chhotu Maharaj Cine Cafe Madhepura-1, Madhepura, Bihar",CINEMA003239,locality,East,Bihar,Madhepura,,
N,"Sangeet Cinema Motihari-1, Motihari, Bihar",CINEMA003240,locality,East,Bihar,Motihari,,
N,"Pkv Cinemas Patna-1, Patna, Bihar",CINEMA003241,locality,East,Bihar,Patna,,800001
N,"Amar Talkies Sursand-1, Sursand, Bihar",CINEMA003242,locality,East,Bihar,Sursand,,
N,"Chandra Talkies Jandhaha-1, Jandhaha, Bihar",CINEMA003243,locality,East,Bihar,Jandhaha,,
N,"D L Multiplex Akaltara-1, Akaltara, Chhattisgarh",CINEMA003244,locality,Central,Chhattisgarh,Akaltara,,495552
N,"Chhotu Maharaj Cine Cafe Bilaspur-1, Bilaspur, Chhattisgarh",CINEMA003245,locality,Central,Chhattisgarh,Bilaspur,,
N,"Mukund'S Multiplex Champa-1, Champa, Chhattisgarh",CINEMA003246,locality,Central,Chhattisgarh,Champa,,
N,"Cineworld Multiplex Kanker-2, Kanker, Chhattisgarh",CINEMA003247,locality,Central,Chhattisgarh,Kanker,,494334
N,"Eos Cinemas Kawardha-1, Kawardha, Chhattisgarh",CINEMA003248,locality,Central,Chhattisgarh,Kawardha,,491995
N,"Pihu Entertainment Kharasia-Blue Audi, Kharsia, Chhattisgarh",CINEMA003249,locality,Central,Chhattisgarh,Kharsia,,
N,"Chitra Multiplex Korba -1, Korba, Chhattisgarh",CINEMA003250,locality,Central,Chhattisgarh,Korba,,
N,"Cinemood Multiplex Korba-2, Korba, Chhattisgarh",CINEMA003251,locality,Central,Chhattisgarh,Korba,,495677
N,"Vimal Shree Talkies Mahendragarh-1, Manendragarh, Chhattisgarh",CINEMA003252,locality,Central,Chhattisgarh,Manendragarh,,
N,"Durgesh Talkies Pendra-1, Pendra, Chhattisgarh",CINEMA003253,locality,Central,Chhattisgarh,Pendra,,495117
N,"Pooja Shree Cineplex Pendra-1, Pendra, Chhattisgarh",CINEMA003254,locality,Central,Chhattisgarh,Pendra,,495119
N,"Kss Miniplex Durg-Blue Audi, Pulgaon, Chhattisgarh",CINEMA003255,locality,Central,Chhattisgarh,Pulgaon,,
N,"R K Entertainment-Audi 1, Sangitarai, Chhattisgarh",CINEMA003256,locality,Central,Chhattisgarh,Sangitarai,,496001
N,"Marko Cineplex Sarsiwan-1, Sarsiwan, Chhattisgarh",CINEMA003257,locality,Central,Chhattisgarh,Sarsiwan,,493559
N,"Suraj Cinema Najafgarh - 1, Najafgarh, Delhi",CINEMA003258,locality,North,Delhi,Najafgarh,,110043
N,"19 Cinema Godrej Garden City Ahmedabad-1, Ahmedabad, Gujarat",CINEMA003259,locality,West,Gujarat,Ahmedabad,,
N,"19 Cinemas South Bopal-1, Ahmedabad, Gujarat",CINEMA003260,locality,West,Gujarat,Ahmedabad,,
N,"Ab Miniplex Ahmedabad-1, Ahmedabad, Gujarat",CINEMA003261,locality,West,Gujarat,Ahmedabad,,380015
N,"The Orient Miniplex Ahmedabad-1, Ahmedabad, Gujarat",CINEMA003262,locality,West,Gujarat,Ahmedabad,,
N,"Green World Cinema Balasinor-1, Balasinor, Gujarat",CINEMA003263,locality,West,Gujarat,Balasinor,,
N,"Shakti Cinema Balasinor-1, Balasinor, Gujarat",CINEMA003264,locality,West,Gujarat,Balasinor,,
N,"Rainbow Cinema Bayad-1, Bayad, Gujarat",CINEMA003265,locality,West,Gujarat,Bayad,,
N,"Modern Cinema Bhuj-1, Bhuj, Gujarat",CINEMA003266,locality,West,Gujarat,Bhuj,,370001
N,"Taj Cinema Bodeli-1, Bodeli, Gujarat",CINEMA003267,locality,West,Gujarat,Bodeli,,391135
N,"Jolly Enjoy Cinema Chotila-1, Chotila, Gujarat",CINEMA003268,locality,West,Gujarat,Chotila,,
N,"Ganesh Cinema Dakor-1, Dakor, Gujarat",CINEMA003269,locality,West,Gujarat,Dakor,,
N,"Reborn Multiplex Daman-1, Daman, Gujarat",CINEMA003270,locality,West,Gujarat,Daman,,396210
N,"Rajmandir Cinema Deesa Dhanera-1, Deesa, Gujarat",CINEMA003271,locality,West,Gujarat,Deesa,,
N,"Yamuna Cinema Kapadwanj-1, Kapadwanj, Gujarat",CINEMA003272,locality,West,Gujarat,Kapadwanj,,
N,"Apple Cinema Khedbrahma-1, Khedbrahma, Gujarat",CINEMA003273,locality,West,Gujarat,Khedbrahma,,383275
N,"Cine World Cinema Lunawada-1, Lunawada, Gujarat",CINEMA003274,locality,West,Gujarat,Lunawada,,
N,"Nandan Cinema Mandvi-1, Mandvi, Gujarat",CINEMA003275,locality,West,Gujarat,Mandvi,,394160
N,"Wow Cine Pulse Cinema Mehsana-2, Mehsana, Gujarat",CINEMA003276,locality,West,Gujarat,Mehsana,,
N,"Ekta Cinema Sachin-1, Sachin, Gujarat",CINEMA003277,locality,West,Gujarat,Sachin,,
N,"Kss Miniplex Ahmadabad Gallops-Blue Audi, Sarkhej, Gujarat",CINEMA003278,locality,West,Gujarat,Sarkhej,,
N,"Krishna Cinema Sevalia-1, Sevalia, Gujarat",CINEMA003279,locality,West,Gujarat,Sevalia,,388245
N,"Aaradhya Cinema Siddhpur-1, Siddhpur, Gujarat",CINEMA003280,locality,West,Gujarat,Siddhpur,,
N,"Cine Dream Multiplex Songadh-1, Songadh, Gujarat",CINEMA003281,locality,West,Gujarat,Songadh,,
N,"Krishna Multiplex Songadh-1, Songadh, Gujarat",CINEMA003282,locality,West,Gujarat,Songadh,,394670
N,"The Grand Bhagwati-1, Surat, Gujarat",CINEMA003283,locality,West,Gujarat,Surat,,
N,"Shreem Cinema Vadnagar-1, Vadnagar, Gujarat",CINEMA003284,locality,West,Gujarat,Vadnagar,,
N,"Eme School Vadodara-1, Vadodara, Gujarat",CINEMA003285,locality,West,Gujarat,Vadodara,,390008
N,"Vandana Chitra Mandir Vijapur-1, Vijapur, Gujarat",CINEMA003286,locality,West,Gujarat,Vijapur,,
N,"Suvidhi Cineplex Vijapur-1, Vijapur, Gujarat",CINEMA003287,locality,West,Gujarat,Vijapur,,
N,"H World Multiplex Viramgam-1, Viramgam, Gujarat",CINEMA003288,locality,West,Gujarat,Viramgam,,
N,"Rs Cinema Vitthalpur-1, Vitthalpur, Gujarat",CINEMA003289,locality,West,Gujarat,Vitthalpur,,
N,"Rajmahal Laser Cinema Waghodia Baroda-1, Wagodia, Gujarat",CINEMA003290,locality,West,Gujarat,Wagodia,,
N,"Ab Lounge ( Navrang Pura )Screen No 1, Ahmedabad, Gujarat",CINEMA003291,locality,West,Gujarat,Ahmedabad,,380009
N,"Ab Lounge ( Satellite Road )Screen No 1, Ahmedabad, Gujarat",CINEMA003292,locality,West,Gujarat,Ahmedabad,,380015
N,"Ab Lounge (Science City) Screen No 1, Ahmedabad, Gujarat",CINEMA003293,locality,West,Gujarat,Ahmedabad,,
N,"Ab Lounge( Ahemdabad) Screen No 1, Ahmedabad, Gujarat",CINEMA003294,locality,West,Gujarat,Ahmedabad,,
N,"Newfangled Miniplex - Screen 1, Ahmedabad, Gujarat",CINEMA003295,locality,West,Gujarat,Ahmedabad,,380059
N,"Wow Cine Pulse Chandkheda-1, Chandkheda, Gujarat",CINEMA003296,locality,West,Gujarat,Chandkheda,,
N,"Moonlight Multiplex - Godhra - Screen 1, Godhra, Gujarat",CINEMA003297,locality,West,Gujarat,Godhra,,389001
N,"City Pulse Khambhat - Screen No 1, Khambhat, Gujarat",CINEMA003298,locality,West,Gujarat,Khambhat,,388620
N,"Jehangir Theatre Navsari-1, Navsari, Gujarat",CINEMA003299,locality,West,Gujarat,Navsari,,396445
N,"Connplex Smart Miniplex Sihor-1, Sihor, Gujarat",CINEMA003300,locality,West,Gujarat,Sihor,,
N,"Laxmi Cinema Umreth-1, Umreth, Gujarat",CINEMA003301,locality,West,Gujarat,Umreth,,388220
N,"Chhotu Maharaj Cine Cafe Jhajjar-1, Jhajjar, Haryana",CINEMA003302,locality,North,Haryana,Jhajjar,,
N,"Kc Palace Panchkula-1, Panchkula, Haryana",CINEMA003303,locality,North,Haryana,Panchkula,,134109
N,"Bangar Cinema Rohtak-1, Rohtak, Haryana",CINEMA003304,locality,North,Haryana,Rohtak,,124001
N,"Ritz Cinema Tohana-1, Tohana, Haryana",CINEMA003305,locality,North,Haryana,Tohana,,
N,"Gurgaon Talkies Gurgaon-1, Gurgaon, Haryana",CINEMA003306,locality,North,Haryana,Gurgaon,,122003
N,"Nawal Cinema Panipat-1, Panipat, Haryana",CINEMA003307,locality,North,Haryana,Panipat,,132104
N,"Jadooz Cinema Ghumarwin-1, Ghumarwin, Himachal Pradesh",CINEMA003308,locality,North,Himachal Pradesh,Ghumarwin,,174021
N,"Link Cinema Sunder Nagar-1, Sunder Nagar, Himachal Pradesh",CINEMA003309,locality,North,Himachal Pradesh,Sunder Nagar,,
N,"Chandra Talkies Chas Bokaro-1, Bokaro, Jharkhand",CINEMA003310,locality,East,Jharkhand,Bokaro,,827013
N,"Mini Amar Cinema Dumka-1, Dumka, Jharkhand",CINEMA003311,locality,East,Jharkhand,Dumka,,
N,"Chhotu Maharaj Patratu Ranchi-1, Ranchi, Jharkhand",CINEMA003312,locality,East,Jharkhand,Ranchi,,
N,"Mayur Talkies Ankli-1, Ankali, Karnataka",CINEMA003313,locality,South,Karnataka,Ankali,,591213
N,"Sheetal Theatre Badami-1, Badami, Karnataka",CINEMA003314,locality,South,Karnataka,Badami,,587201
N,"Shri Satyanarayana Talkies Basavana Bagevadi-1, Basavana Bagevadi, Karnataka",CINEMA003315,locality,South,Karnataka,Basavana Bagevadi,,586203
N,"Santosh Cinema Belgavi-1, Belagavi, Karnataka",CINEMA003316,locality,South,Karnataka,Belagavi,,
N,"Amar Theatre Bhalki-1, Bhalki, Karnataka",CINEMA003317,locality,South,Karnataka,Bhalki,,
N,"Sangamesh Theatre Bhalki-1, Bhalki, Karnataka",CINEMA003318,locality,South,Karnataka,Bhalki,,
N,"Basaveshwara Chitra Mandir Chelur-1, Chelur, Karnataka",CINEMA003319,locality,South,Karnataka,Chelur,,
N,"Chhotu Maharaj Vgs & Sr Cinemas Chitradurga-1, Chikkerur, Karnataka",CINEMA003320,locality,South,Karnataka,Chikkerur,,577502
N,"Ananda Theatre Devadurga-1, Devadurga, Karnataka",CINEMA003321,locality,South,Karnataka,Devadurga,,
N,"Karnataka Theater Gokak-1, Gokak, Karnataka",CINEMA003322,locality,South,Karnataka,Gokak,,591307
N,"Basavraj Cinema Haliyal-1, Haliyal, Karnataka",CINEMA003323,locality,South,Karnataka,Haliyal,,
N,"Rajkamal Theatre Hanamsagar-1, Hanamsagar, Karnataka",CINEMA003324,locality,South,Karnataka,Hanamsagar,,
N,"Trishul Talkies Hunasgi-1, Hunasgi, Karnataka",CINEMA003325,locality,South,Karnataka,Hunasgi,,
N,"Mahavir Talkies Indi-1, Indi, Karnataka",CINEMA003326,locality,South,Karnataka,Indi,,586209
N,"Rameshwara Theatre Jalahalli-1, Jalahalli, Karnataka",CINEMA003327,locality,South,Karnataka,Jalahalli,,
N,"Srinivasa Theatre, Jamkhandi, Karnataka",CINEMA003328,locality,South,Karnataka,Jamkhandi,,587301
N,"Lakshmi Talkies Kgf-1, Kgf (Kolar Gold Fields), Karnataka",CINEMA003329,locality,South,Karnataka,Kgf (Kolar Gold Fields),,563113
N,"Manjunath Theatre Kudrimoti-1, Kudrimoti, Karnataka",CINEMA003330,locality,South,Karnataka,Kudrimoti,,584128
N,"Sharanabasaveshwara Theater Maski-1, Maski, Karnataka",CINEMA003331,locality,South,Karnataka,Maski,,584124
N,"Chhotu Maharaj Cine Cafe Mudhol-1, Mudhol, Karnataka",CINEMA003332,locality,South,Karnataka,Mudhol,,587313
N,"Siddhalingeshwar Cinema Navalgund-1, Navalagunda, Karnataka",CINEMA003333,locality,South,Karnataka,Navalagunda,,
N,"Yalagureshwara Talkies Nidagundi-1, Nidgundi, Karnataka",CINEMA003334,locality,South,Karnataka,Nidgundi,,586213
N,"Srinivas Talkies Ramdurg-1, Ramdurg, Karnataka",CINEMA003335,locality,South,Karnataka,Ramdurg,,
N,"Anand Theatre Sindgi-1, Sindagi, Karnataka",CINEMA003336,locality,South,Karnataka,Sindagi,,586128
N,"Vinayaka Theatre Sindagi-1, Sindagi, Karnataka",CINEMA003337,locality,South,Karnataka,Sindagi,,586128
N,"Sangameshwara Theater Sindhanur-1, Sindhanur, Karnataka",CINEMA003338,locality,South,Karnataka,Sindhanur,,
N,"Amir Talkies Talikoti-1, Talikoti, Karnataka",CINEMA003339,locality,South,Karnataka,Talikoti,,
N,"Mahavir Talkies Talikoti-1, Talikoti, Karnataka",CINEMA003340,locality,South,Karnataka,Talikoti,,
N,"Balaji Talkies Badavanahalli-1, Tumkur, Karnataka",CINEMA003341,locality,South,Karnataka,Tumkur,,
N,"Durga Laxmi Hugar-1, Ugar Khurd, Karnataka",CINEMA003342,locality,South,Karnataka,Ugar Khurd,,
N,"Sri Gowrishankar Theatre Vijayapura-1, Viajaypura, Karnataka",CINEMA003343,locality,South,Karnataka,Viajaypura,,562135
N,"Basaveshwara Theatre Yadawad Gokak-1, Yadawad, Karnataka",CINEMA003344,locality,South,Karnataka,Yadawad,,591231
N,"Diana Theater Udupi-1, Udupi, Karnataka",CINEMA003345,locality,South,Karnataka,Udupi,,576101
N,"Nirmal Cinema Belgavi-1, Belgavi, Karnataka",CINEMA003346,locality,South,Karnataka,Belgavi,,
N,"Navyug Talkies - Athani - 1, Athani, Karnataka",CINEMA003347,locality,South,Karnataka,Athani,,591304
N,"Shrinivas Talkies - Bilagi, Biligi, Karnataka",CINEMA003348,locality,South,Karnataka,Biligi,,
N,"Shree Maltesh Chitra Mandira - Chikerur - 1, Chikkerur, Karnataka",CINEMA003349,locality,South,Karnataka,Chikkerur,,
N,"Chandram Talkies - Harugeri, Harugeri, Karnataka",CINEMA003350,locality,South,Karnataka,Harugeri,,
N,"Shringar Theatre Hubli-1, Hubli, Karnataka",CINEMA003351,locality,South,Karnataka,Hubli,,
N,"Innovative Multiplex Marathahalli-5, Marathahalli, Karnataka",CINEMA003352,locality,South,Karnataka,Marathahalli,,560037
N,"Rajashree Talkies - Shiggaon - 1, Shiggaon, Karnataka",CINEMA003353,locality,South,Karnataka,Shiggaon,,
N,"Aruna Theatre Srirampuram Bangalore-1, Srirampuram, Karnataka",CINEMA003354,locality,South,Karnataka,Srirampuram,,
N,"Bhoomatata Chitra Mandira - Teradal - 1, Teradal, Karnataka",CINEMA003355,locality,South,Karnataka,Teradal,,
N,"Chhotu Maharaj Cine Cafe Skara Leh Ladakh-1, Skara, Ladakh",CINEMA003356,locality,North,Ladakh,Skara,,
N,"Sharda Cinema Bhind-1, Bhind, Madhya Pradesh",CINEMA003357,locality,Central,Madhya Pradesh,Bhind,,477001
N,"Kss Miniplex Bhopal-Blue Audi, Bhopal, Madhya Pradesh",CINEMA003358,locality,Central,Madhya Pradesh,Bhopal,,462047
N,"New Prabhat Talkies Bina-1, Bina, Madhya Pradesh",CINEMA003359,locality,Central,Madhya Pradesh,Bina,,
N,"Behram Talkies Damoh-1, Damoh, Madhya Pradesh",CINEMA003360,locality,Central,Madhya Pradesh,Damoh,,470661
N,"Ajanta Cinema Dhamnod-1, Dhamnod, Madhya Pradesh",CINEMA003361,locality,Central,Madhya Pradesh,Dhamnod,,
N,"Dreamland Theatre Mhow-1, Indore, Madhya Pradesh",CINEMA003362,locality,Central,Madhya Pradesh,Indore,,453441
N,"Sharda Talkies Jabalpur-1, Jabalpur, Madhya Pradesh",CINEMA003363,locality,Central,Madhya Pradesh,Jabalpur,,
N,"Aniljay Talkies Joura-1, Jaura, Madhya Pradesh",CINEMA003364,locality,Central,Madhya Pradesh,Jaura,,476221
N,"Hues Entertainment Kareli Narsinghpur-1, Kareli, Madhya Pradesh",CINEMA003365,locality,Central,Madhya Pradesh,Kareli,,
N,"Nvr Cinema Khajuraho-1, Khajuraho, Madhya Pradesh",CINEMA003366,locality,Central,Madhya Pradesh,Khajuraho,,
N,"Shree Krishna Cinema Khargone-1, Khargone, Madhya Pradesh",CINEMA003367,locality,Central,Madhya Pradesh,Khargone,,
N,"Joy Cinema Kotma-2, Kotma, Madhya Pradesh",CINEMA003368,locality,Central,Madhya Pradesh,Kotma,,
N,"Mayur Talkies Morana-1, Morena, Madhya Pradesh",CINEMA003369,locality,Central,Madhya Pradesh,Morena,,476001
N,"Opera Suryansh Cineplex Sanwer-1, Sanwar, Madhya Pradesh",CINEMA003370,locality,Central,Madhya Pradesh,Sanwar,,
N,"Omprakash Talkies Sendhwa-1, Sendhwa, Madhya Pradesh",CINEMA003371,locality,Central,Madhya Pradesh,Sendhwa,,
N,"Chhotu Maharaj Cine Café Shamgarh-1, Shamgarh, Madhya Pradesh",CINEMA003372,locality,Central,Madhya Pradesh,Shamgarh,,
N,"Adani Shantigram Shingrauli-1, Shingruli, Madhya Pradesh",CINEMA003373,locality,Central,Madhya Pradesh,Shingruli,,
N,"Shiv Mandir Talkies Shivpuri-1, Shivpuri, Madhya Pradesh",CINEMA003374,locality,Central,Madhya Pradesh,Shivpuri,,
N,"Tilak Talkies Sidhi-1, Sidhi, Madhya Pradesh",CINEMA003375,locality,Central,Madhya Pradesh,Sidhi,,486661
N,"Chhotu Maharaj Dome Sihora-1, Sihora, Madhya Pradesh",CINEMA003376,locality,Central,Madhya Pradesh,Sihora,,
N,"Chhotu Maharaj Cine Cafe Thandla Jhabua-1, Thandla, Madhya Pradesh",CINEMA003377,locality,Central,Madhya Pradesh,Thandla,,457777
N,"Regal Cinema Indore - 1, Indore, Madhya Pradesh",CINEMA003378,locality,Central,Madhya Pradesh,Indore,,
N,"Rituraj Cinema Itarsi-1, Itarsi, Madhya Pradesh",CINEMA003379,locality,Central,Madhya Pradesh,Itarsi,,461111
N,"Triyug Talkies Khandwa-1, Khandwa, Madhya Pradesh",CINEMA003380,locality,Central,Madhya Pradesh,Khandwa,,
N,"Ratan Cineplex Manasa-1, Manasa, Madhya Pradesh",CINEMA003381,locality,Central,Madhya Pradesh,Manasa,,
N,"Gold Cineplex Bramhapuri-1, Bramhapuri, Maharashtra",CINEMA003382,locality,West,Maharashtra,Bramhapuri,,441206
N,"Chhotu Maharaj Dome Karmala-1, Karmala, Maharashtra",CINEMA003383,locality,West,Maharashtra,Karmala,,
N,"Moraya Cinema Sindkhed Raja-1, Sindkhed Raja, Maharashtra",CINEMA003384,locality,West,Maharashtra,Sindkhed Raja,,443203
N,"Shree Talkies Achalpur-1, Achalpur, Maharashtra",CINEMA003385,locality,West,Maharashtra,Achalpur,,
N,"Manik Talkies Akola-1, Akola, Maharashtra",CINEMA003386,locality,West,Maharashtra,Akola,,
N,"New Regal Cinema Akola-1, Akola, Maharashtra",CINEMA003387,locality,West,Maharashtra,Akola,,444006
N,"Chhotu Maharaj Shravan Cinema Ambejogai-1, Ambejogai, Maharashtra",CINEMA003388,locality,West,Maharashtra,Ambejogai,,431517
N,"Liya Cineplex Amgaon-1, Amgaon, Maharashtra",CINEMA003389,locality,West,Maharashtra,Amgaon,,441902
N,"Raj Laxmi Talkies Amravati-1, Amravati, Maharashtra",CINEMA003390,locality,West,Maharashtra,Amravati,,
N,"Heer Talkies Arni-1, Arni, Maharashtra",CINEMA003391,locality,West,Maharashtra,Arni,,445103
N,"Tirupati Talkies Arvi-1, Arvi, Maharashtra",CINEMA003392,locality,West,Maharashtra,Arvi,,442201
N,"Sathe Chitra Mandir Ashta-1, Ashta, Maharashtra",CINEMA003393,locality,West,Maharashtra,Ashta,,
N,"Sr Cinema Ashti-1, Ashti, Maharashtra",CINEMA003394,locality,West,Maharashtra,Ashti,,414203
N,"Mauli Cinema Kaij Beed-1, Beed, Maharashtra",CINEMA003395,locality,West,Maharashtra,Beed,,431123
N,"Sonal Talkies Bhadravati-1, Bhadravati, Maharashtra",CINEMA003396,locality,West,Maharashtra,Bhadravati,,442902
N,"Chhotu Maharaj Jm Cine Cafe Bhamboli Pune-1, Bhamboli, Maharashtra",CINEMA003397,locality,West,Maharashtra,Bhamboli,,
N,"Chhotu Maharaj Shivraj Cine Cafe Bhor-1, Bhor, Maharashtra",CINEMA003398,locality,West,Maharashtra,Bhor,,
N,"Shriram Talkies Faizpur-1, Bhusawal, Maharashtra",CINEMA003399,locality,West,Maharashtra,Bhusawal,,425201
N,"Vasant Talkies Bhusawal-1, Bhusawal, Maharashtra",CINEMA003400,locality,West,Maharashtra,Bhusawal,,425201
N,"Shyam Talkies Buldhana-1, Buldhana, Maharashtra",CINEMA003401,locality,West,Maharashtra,Buldhana,,443001
N,"Raj Talkies Chalisgaon-1, Chalisgaon, Maharashtra",CINEMA003402,locality,West,Maharashtra,Chalisgaon,,
N,"Rajkala Cineplex Chandrapur-1, Chandrapur, Maharashtra",CINEMA003403,locality,West,Maharashtra,Chandrapur,,442402
N,"Cine Magic Cinema Chikhli-1, Chikhli, Maharashtra",CINEMA003404,locality,West,Maharashtra,Chikhli,,443201
N,"Atithi Cinema Chiplun-1, Chiplun, Maharashtra",CINEMA003405,locality,West,Maharashtra,Chiplun,,415605
N,"Mk Cinema Chiplun-1, Chiplun, Maharashtra",CINEMA003406,locality,West,Maharashtra,Chiplun,,
N,"Asha Talkies Chopda Jalgaon-1, Chopda, Maharashtra",CINEMA003407,locality,West,Maharashtra,Chopda,,
N,"Varsha Talkies Darawh-1, Darwha, Maharashtra",CINEMA003408,locality,West,Maharashtra,Darwha,,445202
N,"Shri Mahalaxmi Talkies Deoli-1, Deoli, Maharashtra",CINEMA003409,locality,West,Maharashtra,Deoli,,
N,"Santosh Talkies Deulgaonraja-1, Deulgaonraja, Maharashtra",CINEMA003410,locality,West,Maharashtra,Deulgaonraja,,
N,"Jyoti Cinema Dhule-1, Dhule, Maharashtra",CINEMA003411,locality,West,Maharashtra,Dhule,,
N,"Shankar Cinema Digras-1, Digras, Maharashtra",CINEMA003412,locality,West,Maharashtra,Digras,,
N,"New Naresh Cineplex Gadchandur-1, Gadchandur, Maharashtra",CINEMA003413,locality,West,Maharashtra,Gadchandur,,
N,"Alankar Cinema Gadchiroli-1, Gadchiroli, Maharashtra",CINEMA003414,locality,West,Maharashtra,Gadchiroli,,
N,"Satyam Talkies Garhchiroli-1, Gadchiroli, Maharashtra",CINEMA003415,locality,West,Maharashtra,Gadchiroli,,442605
N,"Shri Laxmi Talkies Hinganghat-1, Hinganghat, Maharashtra",CINEMA003416,locality,West,Maharashtra,Hinganghat,,442301
N,"Omraj Talkies Jafarabad-1, Jafarabad, Maharashtra",CINEMA003417,locality,West,Maharashtra,Jafarabad,,
N,"Ashok Talkies Jalgaon-1, Jalgaon, Maharashtra",CINEMA003418,locality,West,Maharashtra,Jalgaon,,425001
N,"Metro Cinema Jalgaon-1, Jalgaon, Maharashtra",CINEMA003419,locality,West,Maharashtra,Jalgaon,,
N,"Regal Cinema Jalgaon-1, Jalgaon, Maharashtra",CINEMA003420,locality,West,Maharashtra,Jalgaon,,425001
N,"Neelam Cineplex Jalna-1, Jalna, Maharashtra",CINEMA003421,locality,West,Maharashtra,Jalna,,
N,"Rajmandir Cinema Jalna-1, Jalna, Maharashtra",CINEMA003422,locality,West,Maharashtra,Jalna,,
N,"Goroba Cinema Jamkhed-1, Jamkhed, Maharashtra",CINEMA003423,locality,West,Maharashtra,Jamkhed,,
N,"Pratik Cinema Jat-1, Jath, Maharashtra",CINEMA003424,locality,West,Maharashtra,Jath,,
N,"Chhotu Maharaj Cine Cafe Sambhajipur-1, Jaysingpur, Maharashtra",CINEMA003425,locality,West,Maharashtra,Jaysingpur,,
N,"Shree Swami Samarth Chitra Mandir Jejuri Pune-1, Jejuri, Maharashtra",CINEMA003426,locality,West,Maharashtra,Jejuri,,412303
N,"Prithviraj Talkies Kallam-1, Kalam, Maharashtra",CINEMA003427,locality,West,Maharashtra,Kalam,,413507
N,"Gunjan Cineplex Karegaon-1, Karegaon, Maharashtra",CINEMA003428,locality,West,Maharashtra,Karegaon,,412220
N,"Shree Gajanan Cinema Khamgoan-1, Khamgaon, Maharashtra",CINEMA003429,locality,West,Maharashtra,Khamgaon,,444303
N,"Dhanraj Talkies Kinwat-1, Kinwat, Maharashtra",CINEMA003430,locality,West,Maharashtra,Kinwat,,
N,"Abhishek Cinema Kudus-1, Kudus, Maharashtra",CINEMA003431,locality,West,Maharashtra,Kudus,,421312
N,"Shri Ganesh Talkies Kurduwadi-1, Kurduwadi, Maharashtra",CINEMA003432,locality,West,Maharashtra,Kurduwadi,,
N,"K Mahindra Touring Talkies Lonand-1, Lonand, Maharashtra",CINEMA003433,locality,West,Maharashtra,Lonand,,
N,"Kss Miniplex Mahad-Blue Audi, Mahad, Maharashtra",CINEMA003434,locality,West,Maharashtra,Mahad,,402301
N,"Kakani Chitra Mandir Malegaon-1, Malegaon, Maharashtra",CINEMA003435,locality,West,Maharashtra,Malegaon,,
N,"Gajanan Talkies Malkapur-1, Malkapur, Maharashtra",CINEMA003436,locality,West,Maharashtra,Malkapur,,443101
N,"Shree Hanuman Talkies Malkapur-1, Malkapur, Maharashtra",CINEMA003437,locality,West,Maharashtra,Malkapur,,443101
N,"Vikas Theatre Manchar Pune-1, Manchar, Maharashtra",CINEMA003438,locality,West,Maharashtra,Manchar,,
N,"Hindvijay Chitra Mandir Mantha Jalna-1, Mantha, Maharashtra",CINEMA003439,locality,West,Maharashtra,Mantha,,
N,"Cinemark Multiplex Mehkar-2, Mehkar, Maharashtra",CINEMA003440,locality,West,Maharashtra,Mehkar,,
N,"New Roopesh Talkies Morshi-1, Morshi, Maharashtra",CINEMA003441,locality,West,Maharashtra,Morshi,,444905
N,"Manohar Chitra Mandir Mukhed Nanded-1, Mukhed, Maharashtra",CINEMA003442,locality,West,Maharashtra,Mukhed,,
N,"Upadhyay Cineplex Murtizapur-1, Murtizapur, Maharashtra",CINEMA003443,locality,West,Maharashtra,Murtizapur,,444107
N,"Sai Chitra Mandir Nagothane-1, Nagothane, Maharashtra",CINEMA003444,locality,West,Maharashtra,Nagothane,,
N,"Jayshree Talkies Nagpur-1, Nagpur, Maharashtra",CINEMA003445,locality,West,Maharashtra,Nagpur,,
N,"Panchshil Talkie Nagpur-1, Nagpur, Maharashtra",CINEMA003446,locality,West,Maharashtra,Nagpur,,
N,"Enjoy Gold Cinema Nampur-1, Nampur, Maharashtra",CINEMA003447,locality,West,Maharashtra,Nampur,,423204
N,"Sharda Cinema Nampur-1, Nampur, Maharashtra",CINEMA003448,locality,West,Maharashtra,Nampur,,
N,"Raviraj Chitra Mandir Niphad-1, Niphad, Maharashtra",CINEMA003449,locality,West,Maharashtra,Niphad,,
N,"Pitambari Talkies Paithan-1, Paithan, Maharashtra",CINEMA003450,locality,West,Maharashtra,Paithan,,431107
N,"Om Talkies Pandharkawada-1, Pandarkarwada, Maharashtra",CINEMA003451,locality,West,Maharashtra,Pandarkarwada,,445302
N,"Shree Talkies Patanbori-1, Patanbori, Maharashtra",CINEMA003452,locality,West,Maharashtra,Patanbori,,441122
N,"Pv Cinema Pimpalner-1, Pimpalner, Maharashtra",CINEMA003453,locality,West,Maharashtra,Pimpalner,,424306
N,"Funtime Deluxe Pimpri-1, Pimpri, Maharashtra",CINEMA003454,locality,West,Maharashtra,Pimpri,,411017
N,"Vijay Talkies Pusad-1, Pusad, Maharashtra",CINEMA003455,locality,West,Maharashtra,Pusad,,
N,"Chhotu Maharaj Cine Cafe Rahata-1, Rahata, Maharashtra",CINEMA003456,locality,West,Maharashtra,Rahata,,423107
N,"Vita Madhav Picture Palace Rahuri-1, Rahuri, Maharashtra",CINEMA003457,locality,West,Maharashtra,Rahuri,,413705
N,"Bhole Shankar Talkies Sailani-1, Sailani, Maharashtra",CINEMA003458,locality,West,Maharashtra,Sailani,,
N,"Mahaveer Talkies Sakoli-1, Sakoli, Maharashtra",CINEMA003459,locality,West,Maharashtra,Sakoli,,441802
N,"Chhotu Maharaj Cine Cafe Sangamner-1, Sangamner, Maharashtra",CINEMA003460,locality,West,Maharashtra,Sangamner,,422608
N,"Shiv Parvati Cinema Sangola-1, Sangola, Maharashtra",CINEMA003461,locality,West,Maharashtra,Sangola,,413307
N,"Ma Minakshi Talkies Nagpur-1, Saoner, Maharashtra",CINEMA003462,locality,West,Maharashtra,Saoner,,441107
N,"Cinemark Minakshi Cinema Selu-1, Selu, Maharashtra",CINEMA003463,locality,West,Maharashtra,Selu,,
N,"Ashok Talkies Shindkheda-1, Shindkheda, Maharashtra",CINEMA003464,locality,West,Maharashtra,Shindkheda,,425406
N,"Rajlaxmi Chitra Mandir Shrungartali Guhagar-1, Shrungartali, Maharashtra",CINEMA003465,locality,West,Maharashtra,Shrungartali,,
N,"New Pradeep Cinema Soegaon-1, Soegaon, Maharashtra",CINEMA003466,locality,West,Maharashtra,Soegaon,,
N,"Raghav Cineplex Talegaon Wardha-1, Talegaon, Maharashtra",CINEMA003467,locality,West,Maharashtra,Talegaon,,442201
N,"Chhotu Maharaj Cine Café Tasgaon-1, Tasgaon, Maharashtra",CINEMA003468,locality,West,Maharashtra,Tasgaon,,416312
N,"Snehal Talkies Tirora-1, Tirora, Maharashtra",CINEMA003469,locality,West,Maharashtra,Tirora,,
N,"Smile Multiplex Tumsar-Red 1, Tumsar, Maharashtra",CINEMA003470,locality,West,Maharashtra,Tumsar,,
N,"Rajdeep Cinema Umadi Jath-1, Umadi Jath, Maharashtra",CINEMA003471,locality,West,Maharashtra,Umadi Jath,,
N,"Sanjay Talkies Umarkhed-1, Umarkhed, Maharashtra",CINEMA003472,locality,West,Maharashtra,Umarkhed,,445206
N,"Balaji Multiplex Umred-Blue, Umred, Maharashtra",CINEMA003473,locality,West,Maharashtra,Umred,,
N,"Fun Time Cinema Vadgaon-1, Vadgaon, Maharashtra",CINEMA003474,locality,West,Maharashtra,Vadgaon,,411041
N,"Chhotu Maharaj Cine Cafe Vele Wai-1, Vele, Wai, Maharashtra",CINEMA003475,locality,West,Maharashtra,Wai,Vele,
N,"Dipti Talkies Wani-1, Wani, Maharashtra",CINEMA003476,locality,West,Maharashtra,Wani,,
N,"Kailash Talkies Warud-1, Warud, Maharashtra",CINEMA003477,locality,West,Maharashtra,Warud,,444906
N,"Ramrajya Cineplex Karanja- 1, Karanja, Maharashtra",CINEMA003478,locality,West,Maharashtra,Karanja,,444105
N,"Barkha Talkies Pusad-1, Pusad, Maharashtra",CINEMA003479,locality,West,Maharashtra,Pusad,,445204
N,"Laxmi Talkies - Ambernath, Ambernath, Maharashtra",CINEMA003480,locality,West,Maharashtra,Ambernath,,421506
N,"Asha Talkies Barshi - 1, Barshi, Maharashtra",CINEMA003481,locality,West,Maharashtra,Barshi,,413401
N,"Anand Cinema Bhiwandi-1, Bhiwandi, Maharashtra",CINEMA003482,locality,West,Maharashtra,Bhiwandi,,
N,"Shri Ganesh Cinema Bhoom-1, Bhoom, Maharashtra",CINEMA003483,locality,West,Maharashtra,Bhoom,,
N,"Palace Cinema Byculla-1, Byculla, Maharashtra",CINEMA003484,locality,West,Maharashtra,Byculla,,
N,"Purnima Talkies Dahanu - 1, Dahanu, Maharashtra",CINEMA003485,locality,West,Maharashtra,Dahanu,,
N,"Dreamland Cinema Grant Road-1, Grant Road, Maharashtra",CINEMA003486,locality,West,Maharashtra,Grant Road,,400027
N,"Prakash Chitra Mandir - Sangali, Kavthemahal, Maharashtra",CINEMA003487,locality,West,Maharashtra,Kavthemahal,,
N,"Suvarta Chitra Mandir Kupwad-1, Kupwad, Maharashtra",CINEMA003488,locality,West,Maharashtra,Kupwad,,416436
N,"Laxmi Talkies Kurduwadi, Kurduwadi, Maharashtra",CINEMA003489,locality,West,Maharashtra,Kurduwadi,,413208
N,"Bharat Cinema - Kurla - Screen 1, Kurla, Maharashtra",CINEMA003490,locality,West,Maharashtra,Kurla,,
N,"Rajlaxmi Cinema Lonand-1, Lonand, Maharashtra",CINEMA003491,locality,West,Maharashtra,Lonand,,
N,"Chitralaya Cinema Loni, Loni, Maharashtra",CINEMA003492,locality,West,Maharashtra,Loni,,413736
N,"Nath Ganga Multiplex - Screen No - 1, Loni, Maharashtra",CINEMA003493,locality,West,Maharashtra,Loni,,
N,"Vijay Talkies Nagpur-1, Nagpur, Maharashtra",CINEMA003494,locality,West,Maharashtra,Nagpur,,
N,"Mahaveer Talkies Parbhani-1, Parbhani, Maharashtra",CINEMA003495,locality,West,Maharashtra,Parbhani,,
N,"Crpf Camp Pulgaon-1, Pulgaon, Maharashtra",CINEMA003496,locality,West,Maharashtra,Pulgaon,,
N,"Adarsh Cineplex Saoner-1, Saoner, Maharashtra",CINEMA003497,locality,West,Maharashtra,Saoner,,441107
N,"Shri Bhairavnath Talkies - 1, Vita, Maharashtra",CINEMA003498,locality,West,Maharashtra,Vita,,415311
N,"Shriram Chitra Mandir Wadgaon - 1, Wadgaon, Maharashtra",CINEMA003499,locality,West,Maharashtra,Wadgaon,,412106
N,"Chhotu Maharaj Cine Cafe Jharsuguda-1, Jharsuguda, Orissa",CINEMA003500,locality,East,Odisha,Jharsuguda,,768201
N,"Chhotu Maharaj Titlagarh-1, Titlagarh, Orissa",CINEMA003501,locality,East,Odisha,Titlagarh,,767033
N,"City Cinema Abohar-1, Abohar, Punjab",CINEMA003502,locality,North,Punjab,Abohar,,
N,"Samar Miniplex Abohar-Blue Audi, Abohar, Punjab",CINEMA003503,locality,North,Punjab,Abohar,,152116
N,"Surya Multiplex Banga-1, Banga, Punjab",CINEMA003504,locality,North,Punjab,Banga,,144505
N,"Neelam Cinema Chandigarh-1, Chandigargh, Punjab",CINEMA003505,locality,North,Punjab,Chandigargh,,160017
N,"Gill Plaza Multiplex Faridkot-1, Faridkot, Punjab",CINEMA003506,locality,North,Punjab,Faridkot,,151203
N,"Lal Palace Cineplex Jagraon-1, Jagraon, Punjab",CINEMA003507,locality,North,Punjab,Jagraon,,
N,"Pv Star Cinema Jalalabad-1, Jalalabad, Punjab",CINEMA003508,locality,North,Punjab,Jalalabad,,
N,"Chand Multiplex Ludhiana-1, Ludhiana, Punjab",CINEMA003509,locality,North,Punjab,Ludhiana,,
N,"3D Miniplex Malerkota-1, Malerkotla, Punjab",CINEMA003510,locality,North,Punjab,Malerkotla,,148019
N,"Heena Video Parlor Malerkotla-1, Malerkotla, Punjab",CINEMA003511,locality,North,Punjab,Malerkotla,,148023
N,"Salh Multipex Morinda-1, Morinda, Punjab",CINEMA003512,locality,North,Punjab,Morinda,,140101
N,"Onam Cinema Mukeriyan-1, Mukerian, Punjab",CINEMA003513,locality,North,Punjab,Mukerian,,144211
N,"Kc Cineplex Nakodar-1, Nakodar, Punjab",CINEMA003514,locality,North,Punjab,Nakodar,,
N,"Kss Miniplex Nawashahr-Blue Audi, Nawanshahr, Punjab",CINEMA003515,locality,North,Punjab,Nawanshahr,,144514
N,"Kesar Talkies Pathankot Punjab-1, Pathankot, Punjab",CINEMA003516,locality,North,Punjab,Pathankot,,145026
N,"Solitaire Cinema Ropar-1, Ropar, Punjab",CINEMA003517,locality,North,Punjab,Ropar,,140001
N,"Fun Cineplex Talwandi Bhai-1, Talwandi Bhai, Punjab",CINEMA003518,locality,North,Punjab,Talwandi Bhai,,
N,"Manju Theatre Ludhiana-1, Ludhiana, Punjab",CINEMA003519,locality,North,Punjab,Ludhiana,,141008
N,"Connplex Smart Cinema Balotra-1, Balotra, Rajasthan",CINEMA003520,locality,North,Rajasthan,Balotra,,
N,"Geeta Cinema Karoli-1, Hindoncity, Rajasthan",CINEMA003521,locality,North,Rajasthan,Hindoncity,,
N,"Kesar Kala Mandir Kuchaman-1, Kuchmancity, Rajasthan",CINEMA003522,locality,North,Rajasthan,Kuchmancity,,341508
N,"Krishna Palace Cinema Malpura-1, Malpura, Rajasthan",CINEMA003523,locality,North,Rajasthan,Malpura,,
N,"Chhotu Maharaj Cine Cafe Nagaur-1, Nagaur, Rajasthan",CINEMA003524,locality,North,Rajasthan,Nagaur,,
N,"Laxmi Talkies Neemkathana-1, Neem Ka Thana, Rajasthan",CINEMA003525,locality,North,Rajasthan,Neem Ka Thana,,
N,"Gagan Cinema Phulera Jaipur-1, Phulera, Rajasthan",CINEMA003526,locality,North,Rajasthan,Phulera,,303338
N,"Bits Cinema Pilani-1, Pilani, Rajasthan",CINEMA003527,locality,North,Rajasthan,Pilani,,
N,"Chhotu Maharaj The Reel Cinema Sikar-1, Sikar, Rajasthan",CINEMA003528,locality,North,Rajasthan,Sikar,,332001
N,"Sai Laxmi Theatre Sirohi-1, Sirohi, Rajasthan",CINEMA003529,locality,North,Rajasthan,Sirohi,,
N,"Chhotu Maharaj Jeeman Resort Sujangarh-1, Sujangarh, Rajasthan",CINEMA003530,locality,North,Rajasthan,Sujangarh,,
N,"Bhagwati Talkies Jaipur -1, Hasteda, Rajasthan",CINEMA003531,locality,North,Rajasthan,Hasteda,,
N,"Aruna Theatre Arumbavur-1, Arumbavur, Tamil Nadu",CINEMA003532,locality,South,Tamil Nadu,Arumbavur,,
N,"Chhotu Maharaj Bluemoon Cinema Erode-1, Erode, Tamil Nadu",CINEMA003533,locality,South,Tamil Nadu,Erode,,
N,"Ganesha Theatre Paramathi Velur-1, Paramathi Velur, Tamil Nadu",CINEMA003534,locality,South,Tamil Nadu,Paramathi Velur,,638182
N,"Saravana Theatre Sankagiri-1, Sankagiri, Tamil Nadu",CINEMA003535,locality,South,Tamil Nadu,Sankagiri,,
N,"Aathimuthu Soroja Theater, Peravoorani, Tamil Nadu",CINEMA003536,locality,South,Tamil Nadu,Peravoorani,,
N,"Shish Mahal Cinema Hydrabad-1, Ameerpet, Telangana",CINEMA003537,locality,South,Telangana,Ameerpet,,500016
N,"Srinivasa Theatre Kadthal-1, Kadthal, Telangana",CINEMA003538,locality,South,Telangana,Kadthal,,
N,"Venkateshwara Theatre Kamanpur-1, Kamanpur, Telangana",CINEMA003539,locality,South,Telangana,Kamanpur,,505188
N,"Shivam Theatre Sarapaka-1, Sarapaka, Telangana",CINEMA003540,locality,South,Telangana,Sarapaka,,507128
N,"Venkateshwara Theatre Toopran-1, Toopran, Telangana",CINEMA003541,locality,South,Telangana,Toopran,,502334
N,"Yakut Mahal Theatre Yakutpura-1, Yakutpura, Telangana",CINEMA003542,locality,South,Telangana,Yakutpura,,
N,"Malleashwari Theatre Tirumalagiri-1, Tirumalagiri, Telangana",CINEMA003543,locality,South,Telangana,Tirumalagiri,,508223
N,"Ssr Balaka Cinema Agartala-1, Agartala, Tripura",CINEMA003544,locality,North East,Tripura,Agartala,,799001
N,"Ssr Rupasi Cinema Khowai-1, Khowai, Tripura",CINEMA003545,locality,North East,Tripura,Khowai,,799001
N,"Chhotu Maharaj Cine Cafe Agra-1, Agra, Uttar Pradesh",CINEMA003546,locality,North,Uttar Pradesh,Agra,,
N,"Chitra Talkies Agra-1, Agra, Uttar Pradesh",CINEMA003547,locality,North,Uttar Pradesh,Agra,,282002
N,"Heera Palace Agra-1, Agra, Uttar Pradesh",CINEMA003548,locality,North,Uttar Pradesh,Agra,,
N,"Shanti Cinema Agra-1, Agra, Uttar Pradesh",CINEMA003549,locality,North,Uttar Pradesh,Agra,,
N,"Jadooz Vashishta Cinema Aligarh-1, Aligarh, Uttar Pradesh",CINEMA003550,locality,North,Uttar Pradesh,Aligarh,,
N,"Meenakshi Cinema Aligarh-1, Aligarh, Uttar Pradesh",CINEMA003551,locality,North,Uttar Pradesh,Aligarh,,
N,"Vishal Talkies Buland Shahar-1, Bulandsahar, Uttar Pradesh",CINEMA003552,locality,North,Uttar Pradesh,Bulandsahar,,203001
N,"Chhotu Maharaj Cine Cafe Deoria-1, Deoria, Uttar Pradesh",CINEMA003553,locality,North,Uttar Pradesh,Deoria,,
N,"Chhotu Maharaj Niadermal Cine World Dhanaura-1, Dhanaura, Uttar Pradesh",CINEMA003554,locality,North,Uttar Pradesh,Dhanaura,,
N,"M Cinema Fatehpur-1, Fatehpur, Uttar Pradesh",CINEMA003555,locality,North,Uttar Pradesh,Fatehpur,,212635
N,"Sahu Chitra Mandir Fazil Nagar-1, Fazil Nagar, Uttar Pradesh",CINEMA003556,locality,North,Uttar Pradesh,Fazil Nagar,,
N,"Krishna Talkies Gauribazar-1, Gauribazar, Uttar Pradesh",CINEMA003557,locality,North,Uttar Pradesh,Gauribazar,,
N,"Apsara Cinema Ghaziabad-1, Ghaziabad, Uttar Pradesh",CINEMA003558,locality,North,Uttar Pradesh,Ghaziabad,,
N,"Kewal Dd Plex Jaunpur-1, Jaunpur, Uttar Pradesh",CINEMA003559,locality,North,Uttar Pradesh,Jaunpur,,
N,"Ram Chitra Mandir Jaunpur-1, Jaunpur, Uttar Pradesh",CINEMA003560,locality,North,Uttar Pradesh,Jaunpur,,
N,"Cps Cineshine Kannauj-1, Kannauj, Uttar Pradesh",CINEMA003561,locality,North,Uttar Pradesh,Kannauj,,209721
N,"Narain Miniplex Kannauj-1, Kannauj, Uttar Pradesh",CINEMA003562,locality,North,Uttar Pradesh,Kannauj,,209725
N,"Gunjan Cinema Kanpur-1, Kanpur, Uttar Pradesh",CINEMA003563,locality,North,Uttar Pradesh,Kanpur,,208003
N,"Jugul Palace Cinema Kanpur-1, Kanpur, Uttar Pradesh",CINEMA003564,locality,North,Uttar Pradesh,Kanpur,,
N,"Laxmi Talkies Kasganj-1, Kasganj, Uttar Pradesh",CINEMA003565,locality,North,Uttar Pradesh,Kasganj,,207123
N,"Sasia Miniplex Kasganj-1, Kasganj, Uttar Pradesh",CINEMA003566,locality,North,Uttar Pradesh,Kasganj,,
N,"Manju Shree Talkies Khadda-1, Khadda, Uttar Pradesh",CINEMA003567,locality,North,Uttar Pradesh,Khadda,,274802
N,"Chhotu Maharaj Cine Cafe Khushinagar-1, Kushinagar, Uttar Pradesh",CINEMA003568,locality,North,Uttar Pradesh,Kushinagar,,
N,"Chhotu Maharaj Cine Café Maharajganj-1, Maharajganj, Uttar Pradesh",CINEMA003569,locality,North,Uttar Pradesh,Maharajganj,,
N,"Krishna Talkies Mainpuri-1, Mainpuri, Uttar Pradesh",CINEMA003570,locality,North,Uttar Pradesh,Mainpuri,,
N,"Anurag Cinema Meerut-1, Meerut, Uttar Pradesh",CINEMA003571,locality,North,Uttar Pradesh,Meerut,,
N,"Regal Cinema Meerut-1, Meerut, Uttar Pradesh",CINEMA003572,locality,North,Uttar Pradesh,Meerut,,250001
N,"Gyan Palace Mahmoodabad-1, Mehmoodabad, Uttar Pradesh",CINEMA003573,locality,North,Uttar Pradesh,Mehmoodabad,,
N,"Chhotu Maharaj Cine Cafe Pilibhit-1, Pilibhit, Uttar Pradesh",CINEMA003574,locality,North,Uttar Pradesh,Pilibhit,,262001
N,"Prasad Talkies Puranpur-1, Puranpur, Uttar Pradesh",CINEMA003575,locality,North,Uttar Pradesh,Puranpur,,
N,"Chhotu Maharaj Cine Cafe Rath-1, Rath, Uttar Pradesh",CINEMA003576,locality,North,Uttar Pradesh,Rath,,
N,"Aman Talkies Saharanpur-1, Saharanpur, Uttar Pradesh",CINEMA003577,locality,North,Uttar Pradesh,Saharanpur,,247001
N,"Tulsi Cinema Sambhal-1, Sambhal, Uttar Pradesh",CINEMA003578,locality,North,Uttar Pradesh,Sambhal,,
N,"Chhotu Maharaj Sehmalpur Varanasi-1, Sehmalpur, Uttar Pradesh",CINEMA003579,locality,North,Uttar Pradesh,Sehmalpur,,
N,"Amba Cineplex Shahjahanpur-1, Shahjahanpur, Uttar Pradesh",CINEMA003580,locality,North,Uttar Pradesh,Shahjahanpur,,
N,"Chhotu Maharaj Varanasi-1, Varanasi, Uttar Pradesh",CINEMA003581,locality,North,Uttar Pradesh,Varanasi,,221108
N,"Jadooz Cinema Vrindavan-1, Vrindavan, Uttar Pradesh",CINEMA003582,locality,North,Uttar Pradesh,Vrindavan,,
N,"Sangeeta Cinema Agra-1, Agra, Uttar Pradesh",CINEMA003583,locality,North,Uttar Pradesh,Agra,,
N,"Janki Chitra Mandir Bhinga-1, Bhinga, Uttar Pradesh",CINEMA003584,locality,North,Uttar Pradesh,Bhinga,,271831
N,"Prakash Cinema Mubarakpur-1, Mubarakpur, Uttar Pradesh",CINEMA003585,locality,North,Uttar Pradesh,Mubarakpur,,276404
N,"Sahu Picture Palace Nagina-1, Nagina, Uttar Pradesh",CINEMA003586,locality,North,Uttar Pradesh,Nagina,,246762
N,"Sharma Palace Bazpur-1, Bazpur, Uttarakhand",CINEMA003587,locality,North,Uttarakhand,Bazpur,,
N,"Chhayadeep Cinema Dehradun-1, Dehradun, Uttarakhand",CINEMA003588,locality,North,Uttarakhand,Dehradun,,248001
N,"Chhotu Maharaj Amit Enterprises Haridwar-1, Haridwar, Uttarakhand",CINEMA003589,locality,North,Uttarakhand,Haridwar,,249410
N,"Chhotu Maharaj Cine Cafe Khatima-1, Khatima, Uttarakhand",CINEMA003590,locality,North,Uttarakhand,Khatima,,262308
N,"Agarwal Cineplex Lansdowne-1, Lansdowne, Uttarakhand",CINEMA003591,locality,North,Uttarakhand,Lansdowne,,
N,"Kss Miniplex Ramnagar-Blue Audi, Ramnagar, Uttarakhand",CINEMA003592,locality,North,Uttarakhand,Ramnagar,,
N,"Chhotu Maharaj Cine Cafe Ranipokhari-1, Ranipokhari, Uttarakhand",CINEMA003593,locality,North,Uttarakhand,Ranipokhari,,248145
N,"Trihari Cinema Tehri-1, Tehri, Uttarakhand",CINEMA003594,locality,North,Uttarakhand,Tehri,,249001
N,"Chhotu Maharaj Cine Cafe Alipurduar-1, Alipurduar, West Bengal",CINEMA003595,locality,East,West Bengal,Alipurduar,,
N,"Uma Cinema Bakhrahat-1, Bakhrahat, West Bengal",CINEMA003596,locality,East,West Bengal,Bakhrahat,,
N,"Sreema Cinema Bangaon-1, Bangaon, West Bengal",CINEMA003597,locality,East,West Bengal,Bangaon,,
N,"Bichitra Cinema Burdwan-1, Bardhaman, West Bengal",CINEMA003598,locality,East,West Bengal,Bardhaman,,
N,"Surasree Cinema Bauria-1, Bauria, West Bengal",CINEMA003599,locality,East,West Bengal,Bauria,,
N,"Sova Cinema Betberia-2, Betberia, West Bengal",CINEMA003600,locality,East,West Bengal,Betberia,,
N,"Rabindra Manch Cinema Bhadreshwar-1, Bhadreshwar, West Bengal",CINEMA003601,locality,East,West Bengal,Bhadreshwar,,
N,"New Royal Cinema Kolkata-1, Dharmatala, West Bengal",CINEMA003602,locality,East,West Bengal,Dharmatala,,
N,"Gandheshwari Chitralaya Fulkusma-1, Fulkusma, West Bengal",CINEMA003603,locality,East,West Bengal,Fulkusma,,722162
N,"Mitali Cinema Hasnabad-1, Hansabad, West Bengal",CINEMA003604,locality,East,West Bengal,Hansabad,,
N,"Chhotu Maharaj Cine Cafe Jhargram-1, Jhargram, West Bengal",CINEMA003605,locality,East,West Bengal,Jhargram,,
N,"Jawahar Cinema Kolkata-1, Kolkata, West Bengal",CINEMA003606,locality,East,West Bengal,Kolkata,,
N,"Khatoon Mahal Cinema Kolkata-1, Kolkata, West Bengal",CINEMA003607,locality,East,West Bengal,Kolkata,,700024
N,"Ekta Manch Cinema Kusumgram-1, Kusumgram, West Bengal",CINEMA003608,locality,East,West Bengal,Kusumgram,,
N,"Alochaya Cinema Nabadwip-1, Nabadwip, West Bengal",CINEMA003609,locality,East,West Bengal,Nabadwip,,
N,"Santisree Cinema North 24 Pargana-1, North 24 Parganas, West Bengal",CINEMA003610,locality,East,West Bengal,North 24 Parganas,,
N,"Devleen Cinema Ramjibanpur-1, Ramjibanpur, West Bengal",CINEMA003611,locality,East,West Bengal,Ramjibanpur,,
N,"Sandhya Cinema Balurghat-1, Balurghat, West Bengal",CINEMA003612,locality,East,West Bengal,Balurghat,,
N,"Cinepolis: Lake Mall, Kolkata",CINEMA003613,locality,East,West Bengal,Kolkata,,
N,Anuroop Talkies: Samastipur,CINEMA003614,locality,East,Bihar,Samastipur,,
N,FUN Cinemas Rushil Cinema: Dahegam,CINEMA003615,locality,West,Gujarat,Dahegam,,
N,INOX: Vizag Chitralaya Mall,CINEMA003616,locality,South,Andhra Pradesh,Vizag,,
N,LN Smart Theatre: Jehanabad,CINEMA003617,locality,East,Bihar,Jehanabad,,
N,"Maison PVR Jio World Drive IN, BKC, Mumbai",CINEMA003618,locality,West,Maharashtra,Mumbai,,400051
N,"PVR Ripples Mall, MG Road, Vijaywada",CINEMA003619,locality,South,Andhra Pradesh,Vijaywada,,520010
N,"Sri Vigneswara Theatre, Nizampatnam",CINEMA003620,locality,South,Andhra Pradesh,Nizampatnam,,522314
N,"SVF Cinemas : Sentrum Mall, Krishnanagar",CINEMA003621,locality,East,West Bengal,Krishnanagar,,741101
N,"Vismaya Cinemas 4K Dolby Atmos, LIC Road, Perinthalmanna",CINEMA003622,locality,South,Kerala,Perinthalmanna,,
N,"Ramakrishna Theatre A/C, Kenal Road, Konithiwada",CINEMA003623,locality,South,Andhra Pradesh,Konithiwada,,
N,Ramakrishna Theatre A/C: Konithiwada,CINEMA003624,locality,South,Andhra Pradesh,Konithiwada,,
N,"Connplex Cinemas: S P Verma Road (JD Mall), Patna",CINEMA003625,locality,East,Bihar,Patna,,800001
N,AM Deluxe Theatre A/C: Thiruthuraipoondi,CINEMA003626,locality,South,Tamil Nadu,Thiruthuraipoondi,,614713
N,Anandamoyee Cinema Hall: Udaynarayanpur,CINEMA003627,locality,East,West Bengal,Udaynarayanpur,,
N,Ashok Theatre A/C 4K Dolby Atmos: Pondicherry,CINEMA003628,locality,South,Puducherry,Pondicherry,,605110
N,"Cinepolis: MOT, Trivandrum",CINEMA003629,locality,South,Kerala,Trivandrum,,
N,Divya Theatre A/C 4K RGB LASER: Pondicherry,CINEMA003630,locality,South,Puducherry,Pondicherry,,
N,"HDFC Millennia PVR Escape-Express Avenue Mall, Chennai",CINEMA003631,locality,South,Tamil Nadu,Chennai,,
N,"Mythri Sri Krishna Theatre ( Newly Renovated), New Rainbow Concept School, Mahbubnagar",CINEMA003632,locality,South,Telangana,Mahbubnagar,,509001
N,"PVR Palazzo, The Nexus Vijaya Mall, Chennai",CINEMA003633,locality,South,Tamil Nadu,Chennai,,600026
N,"Sri Raja Rajeshwari Picture Palace, Narsapur",CINEMA003634,locality,South,Andhra Pradesh,Narsapur,,
N,Sri Rajaveni Theatre: Jaggampeta,CINEMA003635,locality,South,Andhra Pradesh,Jaggampeta,,
N,Sri Sangameshwara Chitramandira: Vijayapura,CINEMA003636,locality,South,Karnataka,Vijayapura,,
N,"Cinepolis: Jagat Mall, Chandigarh",CINEMA003637,locality,North,Chandigarh,Chandigarh,,
N,Asian Srinivasa Theater: Miryalaguda,CINEMA003638,locality,South,Telangana,Miryalaguda,,508207
N,Byte Suramandir Cinema: Palanpur,CINEMA003639,locality,West,Gujarat,Palanpur,,
N,"Chhotu Maharaj Cine Cafe: Godda, Jharkhand",CINEMA003640,locality,East,Jharkhand,Godda,,
N,"CineBliss Neelkamal Cinema, Neelkamal, Lonavla",CINEMA003641,locality,West,Maharashtra,Lonavla,,
N,E Max Cinemas Dolby Atmos RGB Laser: Calicut,CINEMA003642,locality,South,Kerala,Calicut,,673008
N,FUN Cinemas Aradhana Cinema: Veraval,CINEMA003643,locality,West,Gujarat,Veraval,,362265
N,"INOX Galleria Mall, Yelahanka, Bengaluru",CINEMA003644,locality,South,Karnataka,Bengaluru,,560064
N,"INOX Reliance Mall, Garkheda, Aurangabad",CINEMA003645,locality,West,Maharashtra,Aurangabad,,431009
N,"INOX: Reliance Mall, Chhatrapati Sambhaji Nagar",CINEMA003646,locality,West,Maharashtra,Chhatrapati Sambhaji Nagar,,
N,"Metro INOX Cinema, M.G. Road, Mumbai",CINEMA003647,locality,West,Maharashtra,Mumbai,,400020
N,"Miraj Cinemas : NBC, Nandurbar",CINEMA003648,locality,West,Maharashtra,Nandurbar,,
N,Novelty MGS Cinemas Dolby Atmos: Lalbagh,CINEMA003649,locality,North,Uttar Pradesh,Lalbagh,,226001
N,"PVR Mega Mall, Golf Course Road, Gurugram",CINEMA003650,locality,North,Haryana,Gurugram,,122002
N,"PVR: Cinemall, Kota",CINEMA003651,locality,North,Rajasthan,Kota,,
N,"RDB Cinemas: Salt Lake, Kolkata",CINEMA003652,locality,East,West Bengal,Kolkata,,700091
N,RR Cinema (Dolby Atmos Sound): Saharanpur,CINEMA003653,locality,North,Uttar Pradesh,Saharanpur,,
N,SR Novo Cinema: Jeypore,CINEMA003654,locality,East,Odisha,Jeypore,,
N,Sree Gopikrishna Cineplex: Kothapalli,CINEMA003655,locality,South,Andhra Pradesh,Kothapalli,,
N,Sri Satayanarayana Theatre: Kathipudi,CINEMA003656,locality,South,Andhra Pradesh,Kathipudi,,
N,Sri Venkateshwara Talkies: Bhilai,CINEMA003657,locality,Central,Chhattisgarh,Bhilai,,490023
N,Sri Venkateswara Talkies: Mancherial,CINEMA003658,locality,South,Telangana,Mancherial,,
N,Lakshmi Raam Theatre: Karur,CINEMA003659,locality,South,Tamil Nadu,Karur,,
N,Lakshmi Ranga Theater: Atmakur,CINEMA003660,locality,South,Andhra Pradesh,Atmakur,,518422
N,Lakshmi Theatre: Chodavaram,CINEMA003661,locality,South,Andhra Pradesh,Chodavaram,,
N,Lakshmi Theatre: Kosgi,CINEMA003662,locality,South,Telangana,Kosgi,,
N,Maha Lakshmi Theatre: Koyyalagudem,CINEMA003663,locality,South,Andhra Pradesh,Koyyalagudem,,
N,Maha Lakshmi Theatre: Routhulapudi,CINEMA003664,locality,South,Andhra Pradesh,Routhulapudi,,533446
N,Sri Lakshmi Narasimha Theatre: Anekal,CINEMA003665,locality,South,Karnataka,Anekal,,562106
N,Sri Lakshmi Narayana Theatre 2K A/C Dts:Kothapeta,CINEMA003666,locality,South,Andhra Pradesh,Kothapeta,,
N,Sri Lakshmi Theater A/c DTS: Kotananduru,CINEMA003667,locality,South,Andhra Pradesh,Kotananduru,,
N,Sri Lakshmi Theatre: Thirupparankundram,CINEMA003668,locality,South,Tamil Nadu,Thirupparankundram,,
N,Sri Lakshmi Theatre: Vijayapura (Bijapur),CINEMA003669,locality,South,Karnataka,Vijayapura,,
N,Sri Vijaya Lakshmi Theater: Kankipadu,CINEMA003670,locality,South,Andhra Pradesh,Kankipadu,,
N,"SVC Sri Lakshmi Theatre, Kharmanghat, Hyderabad",CINEMA003671,locality,South,Telangana,Hyderabad,,
N,AGS KRISHNALAYA 4K DOLBY ATMOS: CUDDALORE,CINEMA003672,locality,South,Tamil Nadu,Cuddalore,,
N,Asian Usha Prasad Multiplex: Nizamabad,CINEMA003673,locality,South,Telangana,Nizamabad,,
N,"Bajrang Cinema, Ved Road, Surat",CINEMA003674,locality,West,Gujarat,Surat,,
N,Chhotu Maharaj Cine Cafe: Begusarai,CINEMA003675,locality,East,Bihar,Begusarai,,
N,Chhotu Maharaj Cine Cafe: Bihar Sharif,CINEMA003676,locality,East,Bihar,Bihar Sharif,,803118
N,Chhotu Maharaj Cine Cafe: Charkhi Dadri,CINEMA003677,locality,North,Haryana,Charkhi Dadri,,127306
N,Chhotu Maharaj Cine Cafe: Hansi,CINEMA003678,locality,North,Haryana,Hansi,,
N,"Chhotu Maharaj Cine Cafe: Jabalpur, MP",CINEMA003679,locality,Central,Madhya Pradesh,Jabalpur,,
N,Chhotu Maharaj Cine Cafe: Lakhani,CINEMA003680,locality,West,Maharashtra,Lakhani,,
N,"Chhotu Maharaj Cine Cafe: Mohammadi, Kheri",CINEMA003681,locality,North,Uttar Pradesh,Kheri,,
N,"Chhotu Maharaj Cine Cafe: Poovar, Kerala",CINEMA003682,locality,South,Kerala,Poovar,,
N,"Chhotu Maharaj Cine Cafe: Suriya, Giridi",CINEMA003683,locality,East,Jharkhand,Giridi,,
N,Chhotu Maharaj Cine Cafe: Vellakoil,CINEMA003684,locality,South,Tamil Nadu,Vellakoil,,
N,Chhotu Maharaj Cine Cafe:Unnao,CINEMA003685,locality,North,Uttar Pradesh,Unnao,,209801
N,FunIsland Cinemas: Talwandi Bhai,CINEMA003686,locality,North,Punjab,Talwandi Bhai,,
N,Gayathri Theater 2K Dolby: Yerragondapalem,CINEMA003687,locality,South,Andhra Pradesh,Yerragondapalem,,523327
N,Guru Chitramandir: Ichalkaranji,CINEMA003688,locality,West,Maharashtra,Ichalkaranji,,
N,"INOX Cinemas Indiabulls Mall,  Vijayrajey Nagar, Jodhpur",CINEMA003689,locality,North,Rajasthan,Jodhpur,,
N,"INOX Shipra Mall, Indirapuram, Ghaziabad",CINEMA003690,locality,North,Delhi,Indirapuram,,201014
N,"INOX: Nexus, Whitefield",CINEMA003691,locality,South,Karnataka,Bengaluru,,
N,JP Cinema: Jalalabad,CINEMA003692,locality,North,Punjab,Jalalabad,,
N,Maratha Chitra Mandir: Gadhinglaj,CINEMA003693,locality,West,Maharashtra,Gadhinglaj,,416502
N,"MH Cinema, Ghaziabad",CINEMA003694,locality,North,Uttar Pradesh,Ghaziabad,,
N,"MKS Venkateswara Theatre A/C 4K, Chittoor",CINEMA003695,locality,South,Andhra Pradesh,Chittoor,,
N,MSX Cinemas: Greater Noida,CINEMA003696,locality,North,Uttar Pradesh,Greater Noida,,201315
N,Parameswari Theatre: Kothakota,CINEMA003697,locality,South,Telangana,Kothakota,,509381
N,"PVR Phoenix Marketcity Mall, Whitefield Road, Bengaluru",CINEMA003698,locality,South,Karnataka,Bengaluru,,560048
N,"Raja Talkies, Gandhi Nagar, Kallakurichi",CINEMA003699,locality,South,Tamil Nadu,Kallakurichi,,606202
N,Sandra Movie House 4K RGB Laser: Mavelikkara,CINEMA003700,locality,South,Kerala,Mavelikkara,,
N,Sree Rama Theatre 4K Dolby Atmos: Vizag,CINEMA003701,locality,South,Andhra Pradesh,Vizag,,530016
N,Sri Rajeswari Kala Mandir: Narsannapeta,CINEMA003702,locality,South,Andhra Pradesh,Narsannapeta,,
N,Sri Venkateshwara Mahal: Narsannapeta,CINEMA003703,locality,South,Andhra Pradesh,Narsannapeta,,
N,"SVC Cinemas 4K Laser Atmos, CMR Mall, Eluru",CINEMA003704,locality,South,Andhra Pradesh,Eluru,,
N,"UK Cineplex, Hyderabad",CINEMA003705,locality,South,Telangana,Hyderabad,,500076
N,Vasundhra City Plex: Ambikapur,CINEMA003706,locality,Central,Chhattisgarh,Ambikapur,,
N,VL Rama 4K Dolby: Amalapuram,CINEMA003707,locality,South,Andhra Pradesh,Amalapuram,,
N,Acchi Reddy Theater A/c Dolby DTS: Haliya,CINEMA003708,locality,South,Telangana,Haliya,,
N,Amuse Arena Cinemas (Dolby 7.1): Bodh Gaya,CINEMA003709,locality,East,Bihar,Gaya,,
N,"AVS Cinemas, Hanumangarh",CINEMA003710,locality,North,Rajasthan,Hanumangarh,,335513
N,Cine Park Theatre: Tirupur,CINEMA003711,locality,South,Tamil Nadu,Tirupur,,
N,"Cinepolis Aurum, Navi Mumbai",CINEMA003712,locality,West,Maharashtra,Navi Mumbai,,
N,"Cinepolis Royal Meenakshi Mall, Bannerghatta Road, Bengaluru",CINEMA003713,locality,South,Karnataka,Bengaluru,,
N,"Cinepolis VIP: Lulu Mall, Bengaluru",CINEMA003714,locality,South,Karnataka,Bengaluru,,
N,Cinepolis: Binnypet Mall,CINEMA003715,locality,South,Telangana,Mall,,
N,"Cinepolis: Lulu Mall, Bengaluru",CINEMA003716,locality,South,Karnataka,Bengaluru,,560023
N,"Cinepolis: Lulu Mall, Hyderabad",CINEMA003717,locality,South,Telangana,Hyderabad,,
N,"Cinepolis: Nexus Esplanade, Bhubaneswar",CINEMA003718,locality,East,Odisha,Bhubaneswar,,
N,Cinepolis: Royal Meenakshi Mall,CINEMA003719,locality,South,Telangana,Mall,,
N,"Cinepolis: SJR (Central Mall) Arekere, Bannergatta",CINEMA003720,locality,South,Telangana,Mall,,
N,"INOX Megaplex: Sky City Mall, Borivali",CINEMA003721,locality,West,Maharashtra,Mumbai,,400066
N,"Jai Shankar Cinema, Rahul Nagar, Ekma Chapra",CINEMA003722,locality,East,Bihar,Chapra,,841208
N,"JV Cinemas, Mathura",CINEMA003723,locality,North,Uttar Pradesh,Mathura,,
N,Krishna Talkies: Rajnandgaon,CINEMA003724,locality,Central,Chhattisgarh,Rajnandgaon,,491441
N,"Miraj Cinemas : Vikas Cinemall, Shahdara",CINEMA003725,locality,North,Delhi,Delhi,,110032
N,"Nakshatra Cinemas: Dhekiajuli, Assam",CINEMA003726,locality,North East,Assam,Dhekiajuli,,784110
N,"PVR Pacific D21, Dwarka, New Delhi",CINEMA003727,locality,North,Delhi,New Delhi,,110077
N,"PVR Utkal Galleria, Gautam Nagar, Bhubaneswar",CINEMA003728,locality,East,Odisha,Bhubaneswar,,751009
N,"PVR: Utkal Kanika Galleria, Bhubaneswar",CINEMA003729,locality,East,Odisha,Bhubaneswar,,
N,"Sri Devi Theatre A/C 2K Dolby 7.1, Arakkonam",CINEMA003730,locality,South,Tamil Nadu,Arakkonam,,
N,Sri Jaya Theatre AC Dts: Kothavalasa,CINEMA003731,locality,South,Andhra Pradesh,Kothavalasa,,535183
N,"Sri Kanakadurga RGB 4K Dolby Atmos, Attili",CINEMA003732,locality,South,Andhra Pradesh,Attili,,534134
N,Sri Laxmi Talkies: Paralakhemundi,CINEMA003733,locality,East,Odisha,Paralakhemundi,,
N,"Sri Rajaveni, Jaggampeta",CINEMA003734,locality,South,Andhra Pradesh,Jaggampeta,,533435
N,Sri Venkateswara Theatre: Kalaiyarkovil,CINEMA003735,locality,South,Tamil Nadu,Kalaiyarkovil,,630551
N,Srinivasa Picture Palace: Huzurnagar,CINEMA003736,locality,South,Telangana,Huzurnagar,,508204
N,Udhayam theatre A/C 4K: Manapparai,CINEMA003737,locality,South,Tamil Nadu,Manapparai,,621306
N,Vijetha Deluxe: Narasaraopeta,CINEMA003738,locality,South,Andhra Pradesh,Narasaraopeta,,
N,Sarada Mini A/C Theatre: Chintalapudi,CINEMA003739,locality,South,Andhra Pradesh,Chintalapudi,,
N,K Cineplex: Kopargaon,CINEMA003740,locality,West,Maharashtra,Kopargaon,,423601
N,K Cinemas 4K Dolby Atmos Tripplebeam 3D: Cherai,CINEMA003741,locality,South,Kerala,Cherai,,682501
N,"N K Cinema, Jaysingpur, Kolhapur",CINEMA003742,locality,West,Maharashtra,Jaysingpur,,
N,"S.K Cinemas A/C 4K , Alandur, Chennai",CINEMA003743,locality,South,Tamil Nadu,Chennai,,600064
N,A Nakshatra Cinemas: Lakhimpur,CINEMA003744,locality,North,Uttar Pradesh,Lakhimpur,,787001
N,"B.G. Talkies (AC, Dolby Digital Sound): Chandbali",CINEMA003745,locality,East,Odisha,Chandbali,,
N,"Cinepolis Cinemas, Green City Square, Bathinda",CINEMA003746,locality,North,Punjab,Bathinda,,
N,"Cinepolis World Trade Park, Malviya Nagar, Jaipur",CINEMA003747,locality,North,Rajasthan,Jaipur,,
N,"Cinepolis: World Trade Park Mall, Jaipur",CINEMA003748,locality,North,Rajasthan,Jaipur,,302001
N,CTC Theater: Gorantla,CINEMA003749,locality,South,Andhra Pradesh,Gorantla,,515231
N,Eshwari Thiraiarangam A/C 4K Dolby Atmos,CINEMA003750,locality,South,Tamil Nadu,Chennai,,605757
N,"Fun Cinema City Mall, Indraprastha Industrial Area, Kota",CINEMA003751,locality,North,Rajasthan,Kota,,
N,"Fun Cinemas: City Mall, Kota",CINEMA003752,locality,North,Rajasthan,Kota,,324005
N,Geetha Annapurna Theatre: Palakollu,CINEMA003753,locality,South,Andhra Pradesh,Palakollu,,534260
N,"Gold Cinema, Aakash Mall, Kota",CINEMA003754,locality,North,Rajasthan,Kota,,324007
N,"INOX BMC Bhawani Mall, Shahid Nagar, Bhubaneswar",CINEMA003755,locality,East,Odisha,Bhubaneswar,,751007
N,"INOX Insignia At Epicuria, Nehru Place, New Delhi",CINEMA003756,locality,North,Delhi,New Delhi,,110019
N,Jos Theatre 4K RGB Laser Atmos: Thrissur,CINEMA003757,locality,South,Kerala,Thrissur,,
N,LHD Cinemas: Chandkheda,CINEMA003758,locality,West,Gujarat,Chandkheda,,382424
N,"Miraj Cinemas : Ivory Tower, Subhash Nagar",CINEMA003759,locality,North,Delhi,Delhi,,
N,"Miraj Cinemas: Ivory Tower, Subhash Nagar",CINEMA003760,locality,North,Delhi,Delhi,,
N,Moonlight Cinema: Kathua,CINEMA003761,locality,North,Jammu and Kashmir,Kathua,,
N,Natraj Cinema: Jalna,CINEMA003762,locality,West,Maharashtra,Jalna,,431203
N,"PVR Ampa Skywalk Mall, Aminjikarai, Chennai",CINEMA003763,locality,South,Tamil Nadu,Chennai,,600030
N,"PVR Nilamber Triumph Mall, Saiyed Vasna, Vadodara",CINEMA003764,locality,West,Gujarat,Vadodara,,
N,"PVR: Ampa Mall, Nelson Manickam Road",CINEMA003765,locality,South,Telangana,Mall,,
N,"PVR: City Mall, Yamunanagar",CINEMA003766,locality,South,Telangana,Mall,,
N,"PVR: Soul Spirit Central Mall, Bellandur",CINEMA003767,locality,South,Telangana,Mall,,
N,Ramanath Theater A/C 4K DTS: Nandyal,CINEMA003768,locality,South,Andhra Pradesh,Nandyal,,
N,Revathi Theatre A/C 2K DOLBY 7.1: Tirupur,CINEMA003769,locality,South,Tamil Nadu,Tirupur,,
N,"Shiva Bollywood Theater, Purani Basti Bus Stand, Baloda Bazar",CINEMA003770,locality,Central,Chhattisgarh,Baloda Bazar,,
N,Sri Krishna 70MM: Uppal,CINEMA003771,locality,South,Andhra Pradesh,Krishna,,500039
N,Sri Srinivasa Mahal: Kanchikacherla,CINEMA003772,locality,South,Andhra Pradesh,Kanchikacherla,,
N,"Sri Venkateswara Picture Palace, Kolluru",CINEMA003773,locality,South,Andhra Pradesh,Kolluru,,522324
N,Vemala Picture Palace: Kadiri,CINEMA003774,locality,South,Andhra Pradesh,Kadiri,,515591
N,Venkateshwara Theater: Pebbair,CINEMA003775,locality,South,Telangana,Pebbair,,
N,"Vitross Cineplex, Miryalaguda",CINEMA003776,locality,South,Telangana,Miryalaguda,,
N,Lakshmi Cinema 4K Dolby Atmos RGB Laser Tavarekere,CINEMA003777,locality,South,Karnataka,Bengaluru,,
N,"Lakshmi Cinemas A/C, Thirunageshwaram, Kumbakonam",CINEMA003778,locality,South,Tamil Nadu,Kumbakonam,,612204
N,"Lakshmi Complex, Tenali",CINEMA003779,locality,South,Andhra Pradesh,Tenali,,
N,Lakshmi Complex: Tanuku,CINEMA003780,locality,South,Andhra Pradesh,Tanuku,,
N,"Lakshmi Multiplex, Kovilpatti",CINEMA003781,locality,South,Tamil Nadu,Kovilpatti,,
N,Lakshmi Talkies: Tiptur,CINEMA003782,locality,South,Karnataka,Tiptur,,
N,Sree Lakshmi Talkies: Lakshmikantapur,CINEMA003783,locality,East,West Bengal,Lakshmikantapur,,743345
N,Sri Lakshmi A/C 4k Dolby 7.1: Gottigere,CINEMA003784,locality,South,Karnataka,Bengaluru,,
N,"Sri Lakshmi Cinemas A/C 4K, Gottigere, Bengaluru",CINEMA003785,locality,South,Karnataka,Bengaluru,,560083
N,"Sri Lakshmi Talkies A/C 2K Dolby, Jangareddygudem",CINEMA003786,locality,South,Andhra Pradesh,Jangareddygudem,,534447
N,"AKR Cinemas: SLF Mall, Faridabad",CINEMA003787,locality,North,Haryana,Faridabad,,
N,Amuse Arena Cinemas (Dolby Digital): Gaya,CINEMA003788,locality,East,Bihar,Gaya,,
N,ANN Cinema Complex 4K 3D Dolby Atmos RGB LASER,CINEMA003789,locality,South,Kerala,Ernakulam,,686691
N,Ashok Talkies: Rayagada,CINEMA003790,locality,East,Odisha,Rayagada,,
N,Asoka Cinema: Behala,CINEMA003791,locality,East,West Bengal,Kolkata,,700034
N,Aswini Deluxe A/C Dolby Atmos: Piduguralla,CINEMA003792,locality,South,Andhra Pradesh,Piduguralla,,
N,AV Star Cinema: Ghazipur,CINEMA003793,locality,North,Uttar Pradesh,Ghazipur,,
N,"Brahmakulam Theatre, 4K Dolby Atmos: Kanjany",CINEMA003794,locality,South,Kerala,Kanjany,,680612
N,"Chhotu Maharaj Cinema, Hisar",CINEMA003795,locality,North,Haryana,Hisar,,
N,"Chhotu Maharaj Cinemas, Unnao",CINEMA003796,locality,North,Uttar Pradesh,Unnao,,209801
N,"Chhotu Maharaj: Mau,UP",CINEMA003797,locality,North,Uttar Pradesh,Mau,,275101
N,"Cinemax City Center, City Center Mall, Nashik",CINEMA003798,locality,West,Maharashtra,Nashik,,
N,"Cinepolis: Airia Mall, Sohna Road, Gurgaon",CINEMA003799,locality,North,Haryana,Gurgaon,,
N,"Cinepolis: City Centre Dwarka,Delhi (Newly Opened)",CINEMA003800,locality,North,Delhi,Delhi,,110078
N,"Cinepolis: Grand View High Street, Gurugram",CINEMA003801,locality,North,Haryana,Gurugram,,
N,Cinepolis: Nexus Amritsar,CINEMA003802,locality,North,Punjab,Amritsar,,143006
N,"INOX Brookefield Mall, Kundalahalli, Bengaluru",CINEMA003803,locality,South,Karnataka,Bengaluru,,560037
N,"INOX Megaplex Mall of Asia, Byatarayanapura, Bengaluru",CINEMA003804,locality,South,Karnataka,Bengaluru,,
N,"INOX Megaplex, Phoenix Mall of the Millennium, Wakad, Pune",CINEMA003805,locality,West,Maharashtra,Pune,,411057
N,"INOX: Forum Rangoli Mall, Belur",CINEMA003806,locality,South,Karnataka,Belur,,
N,INOX: Megaplex Mall of Asia Bangalore,CINEMA003807,locality,South,Karnataka,Bangalore,,
N,JMR Cinemas: Vellampalli,CINEMA003808,locality,South,Andhra Pradesh,Vellampalli,,
N,Laxmi AC Deluxe Theatre: Korutla,CINEMA003809,locality,South,Telangana,Korutla,,
N,Laxmi AC Deluxe Theatre: Metpally,CINEMA003810,locality,South,Telangana,Metpally,,
N,"Laxmi Citypride Multiplex: Laxmi Mall, Hubli",CINEMA003811,locality,South,Karnataka,Hubli,,580020
N,Milan Theatre: Chickmagaluru,CINEMA003812,locality,South,Karnataka,Chickmagaluru,,
N,"Miraj Cinemas : Aakash, Azadpur",CINEMA003813,locality,North,Delhi,Delhi,,
N,"Miraj Cinemas : Anand Mall and Movies ,Narsingi",CINEMA003814,locality,West,Gujarat,Anand,,
N,"Miraj Cinemas : Cinepride, Krishna Nagar",CINEMA003815,locality,South,Andhra Pradesh,Krishna,,
N,"Miraj Cinemas : M4U, Sahibabad",CINEMA003816,locality,North,Uttar Pradesh,Sahibabad,,201006
N,"Miraj Cinemas : Vitthal Plaza, New Naroda",CINEMA003817,locality,West,Gujarat,Ahmedabad,,
N,Miraj Cinemas: India Expo Plaza (Newly Opened),CINEMA003818,locality,West,Maharashtra,Miraj,,
N,MR Cinema: Jind,CINEMA003819,locality,North,Haryana,Jind,,126102
N,"MSX Silver City Haldiram City Mall, Faridabad",CINEMA003820,locality,North,Haryana,Faridabad,,121007
N,Natraj Theatre: Bellary,CINEMA003821,locality,South,Karnataka,Bellary,,
N,"New Ram Chitra Mandir, Latur",CINEMA003822,locality,West,Maharashtra,Latur,,
N,Prerana Cinema: Bihpuria,CINEMA003823,locality,North East,Assam,Bihpuria,,
N,"PVR Central Spirit Mall, Bellandur, Bengaluru",CINEMA003824,locality,South,Karnataka,Bengaluru,,560103
N,"PVR GT World Mall, Magadi Road, Bengaluru",CINEMA003825,locality,South,Karnataka,Bengaluru,,560023
N,"PVR MSR Elements Mall, Tanisandhra Main Road, Bengaluru",CINEMA003826,locality,South,Karnataka,Bengaluru,,
N,"PVR Parshvanath Mall, Kanth Road, Moradabad",CINEMA003827,locality,North,Uttar Pradesh,Moradabad,,244105
N,"PVR Rahul Raj Mall, Dumas Road, Surat",CINEMA003828,locality,West,Gujarat,Surat,,395007
N,"PVR Superplex Mall Of India, Sector 18, Noida",CINEMA003829,locality,North,Uttar Pradesh,Noida,,
N,"PVR: Market City, Kurla (Premiere)",CINEMA003830,locality,West,Maharashtra,Kurla,,
N,Raj Cinema: Dhanera,CINEMA003831,locality,West,Gujarat,Dhanera,,
N,Royal Multi Cinema: Kawardha,CINEMA003832,locality,Central,Chhattisgarh,Kawardha,,491995
N,SCM Cinemas: Sitapur,CINEMA003833,locality,North,Uttar Pradesh,Sitapur,,261131
N,Shanthi Theater A/C 2K Dolby: Vuyyuru,CINEMA003834,locality,South,Andhra Pradesh,Vuyyuru,,
N,"Sky Digital Cinema, Cona, Nirjuli",CINEMA003835,locality,North East,Arunachal Pradesh,Nirjuli,,
N,Sky Multiplex: Morbi,CINEMA003836,locality,West,Gujarat,Morbi,,
N,SL9 Miniplex: Sihor,CINEMA003837,locality,West,Gujarat,Sihor,,364240
N,SLNT Theatre DTS: Kothavalasa,CINEMA003838,locality,South,Andhra Pradesh,Kothavalasa,,
N,"SMT Cinema (Shri Mahalaxmi Talkies), C J Hospital Road, Surendranagar",CINEMA003839,locality,West,Gujarat,Surendranagar,,
N,Sree Devi Picture Palace: Narasannapeta,CINEMA003840,locality,South,Andhra Pradesh,Narasannapeta,,
N,Sri Dayal Cinema Hall: Jalpaiguri,CINEMA003841,locality,East,West Bengal,Jalpaiguri,,735101
N,Sri Ganesha Theatre A/C Dolby Digital: Uthangarai,CINEMA003842,locality,South,Tamil Nadu,Uthangarai,,
N,"Sri Rama Theatre 2K A/C DTS, Tuni",CINEMA003843,locality,South,Andhra Pradesh,Tuni,,
N,Sri Venkateswara A/C Dolby DTS: S.Kota,CINEMA003844,locality,North,Rajasthan,Kota,,
N,Srinivasa Theatre: Jagtial,CINEMA003845,locality,South,Telangana,Jagtial,,
N,"SRS Cinemas, Lucknow",CINEMA003846,locality,North,Uttar Pradesh,Lucknow,,226010
N,TNZ Cinemas: Itanagar,CINEMA003847,locality,North East,Arunachal Pradesh,Itanagar,,
N,Top3 Multiplex: Bhavnagar,CINEMA003848,locality,West,Gujarat,Bhavnagar,,
N,"VS Theatre A/C 4K Laser Dolby 7.1, Aranthangi",CINEMA003849,locality,South,Tamil Nadu,Aranthangi,,
N,Bhaskara Rama A/C Dts: Palasa,CINEMA003850,locality,South,Andhra Pradesh,Palasa,,
N,Sai Ram Theater: Achampeta,CINEMA003851,locality,South,Telangana,Achampeta,,
N,ARK Ram Muthuram Cinemas RGB Atmos: Tirunelveli,CINEMA003852,locality,South,Tamil Nadu,Tirunelveli,,627001
N,Asian Sai Krishna: Metpally,CINEMA003853,locality,South,Telangana,Metpally,,
N,Asian Srinivasa: Mancherial,CINEMA003854,locality,South,Telangana,Mancherial,,504208
N,C3: Naharlagun,CINEMA003855,locality,North East,Arunachal Pradesh,Naharlagun,,791110
N,CCP Cineplex: Malout,CINEMA003856,locality,North,Punjab,Malout,,
N,Chhotu Maharaj CineCafe: Jharsuguda,CINEMA003857,locality,East,Odisha,Jharsuguda,,768201
N,"Cinepolis: Pacific NSP2, Delhi",CINEMA003858,locality,North,Delhi,Delhi,,
N,City Cinema: Bagbahara,CINEMA003859,locality,Central,Chhattisgarh,Bagbahara,,
N,Dolphin Multiplex: Haringhata (Dolby 7.1),CINEMA003860,locality,East,West Bengal,Haringhata,,
N,"Havelock Cineflix Cinemas: Maninagar, Ahmedabad",CINEMA003861,locality,West,Gujarat,Ahmedabad,,380022
N,"INOX Megaplex, Oberoi Sky City Mall, Mumbai",CINEMA003862,locality,West,Maharashtra,Mumbai,,400066
N,"INOX: City Centre Mall, Patna",CINEMA003863,locality,East,Bihar,Patna,,
N,"JLE Cinemas, Guntur",CINEMA003864,locality,South,Andhra Pradesh,Guntur,,
N,Krishna Theatre A/C Dolby 7.1: Koluthupalayam,CINEMA003865,locality,South,Andhra Pradesh,Krishna,,638152
N,Metro Cinema(Dolby 7.1 sound): Janjgir Naila,CINEMA003866,locality,Central,Chhattisgarh,Janjgir,,
N,"Movie Lounge: Crossroads Mall, Dehradun",CINEMA003867,locality,North,Uttarakhand,Dehradun,,
N,"PAN CINEMAS 4K ATMOS, Arakkunnam",CINEMA003868,locality,South,Kerala,Arakkunnam,,682313
N,"PVR: Parshvanath, Moradabad",CINEMA003869,locality,North,Uttar Pradesh,Moradabad,,244105
N,"Radiance Cinema: Koodal Nagar, Madurai",CINEMA003870,locality,South,Tamil Nadu,Madurai,,625018
N,Rajshree Starworld Cinema: Mirzapur,CINEMA003871,locality,North,Uttar Pradesh,Mirzapur,,
N,"RAS Cinemas A/C 4K Dolby Atmos, Komarapalayam",CINEMA003872,locality,South,Tamil Nadu,Komarapalayam,,638183
N,"Ravi Cinemas, Vijayawada",CINEMA003873,locality,South,Andhra Pradesh,Vijayawada,,520001
N,"Revathi Picture Palace, Near Naidus Petrol Pump, Machilipatnam",CINEMA003874,locality,South,Andhra Pradesh,Machilipatnam,,
N,Sapna Palace Cinema: Kanpur,CINEMA003875,locality,North,Uttar Pradesh,Kanpur,,
N,Sarada Movies: Edappal,CINEMA003876,locality,South,Kerala,Edappal,,679576
N,Shri Shankar Talkies: Ranebennur,CINEMA003877,locality,South,Karnataka,Ranebennur,,
N,Shyam Palace Cinema: Kanpur,CINEMA003878,locality,North,Uttar Pradesh,Kanpur,,208014
N,"Silvercity, Parsvnath Eleganza Mall, Dehradun",CINEMA003879,locality,North,Uttarakhand,Dehradun,,
N,"Siri Complex A/C 2K 7.1, Machilipatnam",CINEMA003880,locality,South,Andhra Pradesh,Machilipatnam,,
N,Siri Complex: Machilipatnam,CINEMA003881,locality,South,Andhra Pradesh,Machilipatnam,,521001
N,"Sobha Theatre, Peddapuram",CINEMA003882,locality,South,Andhra Pradesh,Peddapuram,,
N,Sobha Theatre: Peddapuram,CINEMA003883,locality,South,Andhra Pradesh,Peddapuram,,533437
N,SreeDhanya Cinemax,CINEMA003884,locality,South,Kerala,Sreedhanya,,691559
N,Sri Balaji A/C Theatre: Malur,CINEMA003885,locality,South,Karnataka,Malur,,
N,Sri Satya Gowri Theatre: Anaparthi,CINEMA003886,locality,South,Andhra Pradesh,Anaparthi,,533342
N,Sri Veerabhadra Talkies (VMax): Nidadavolu,CINEMA003887,locality,South,Andhra Pradesh,Nidadavolu,,534301
N,"Sri Venkateshwara Cinema, Bodhan",CINEMA003888,locality,South,Telangana,Bodhan,,503185
N,Star Cinemas Chalapathi Theatre: Tadepalligudem,CINEMA003889,locality,South,Andhra Pradesh,Tadepalligudem,,534101
N,The Lux Cinema: Petlad,CINEMA003890,locality,West,Gujarat,Petlad,,
N,Time Cinemas: Hoshiarpur,CINEMA003891,locality,North,Punjab,Hoshiarpur,,146001
N,"TNZ Cinemas: Mission Chariali,Tezpur",CINEMA003892,locality,North East,Assam,Chariali,,
N,"Vrindavan Theatre, Kozhinjampara",CINEMA003893,locality,South,Kerala,Kozhinjampara,,
N,Vrindavan Theatre: Kozhinjampara,CINEMA003894,locality,South,Kerala,Kozhinjampara,,
N,Anant Cineplex: Maharajganj,CINEMA003895,locality,North,Uttar Pradesh,Maharajganj,,
N,Anjana Chitra Mandir: Raniganj,CINEMA003896,locality,East,West Bengal,Raniganj,,
N,Annapurna Picture Palace: Narsapur,CINEMA003897,locality,South,Andhra Pradesh,Narsapur,,
N,Apsara Laser R.G.B 4K Dolby Atmos: Rajahmundry,CINEMA003898,locality,South,Andhra Pradesh,Rajahmundry,,
N,Arjun Cineplex: Ramgarhwa,CINEMA003899,locality,East,Bihar,Ramgarhwa,,845433
N,Asha Theatre: Kottayam,CINEMA003900,locality,South,Kerala,Kottayam,,686001
N,"ASR Cinemas, RPS More: Patna",CINEMA003901,locality,East,Bihar,Patna,,801503
N,Ayya A/C theatre 2K Dolby 7.1: Pattukkottai,CINEMA003902,locality,South,Tamil Nadu,Pattukkottai,,
N,Chitra Talkies: Belagavi,CINEMA003903,locality,South,Karnataka,Belagavi,,590001
N,"Cinema Cafe Max Western Mall, Opp RPS More: Patna",CINEMA003904,locality,East,Bihar,Patna,,801503
N,CINEMAXX: Keonjhar,CINEMA003905,locality,East,Odisha,Keonjhar,,758001
N,"Cinepolis Nexus, Sultan Wind Sub Urban Main GT Road, Amritsar",CINEMA003906,locality,North,Punjab,Amritsar,,
N,"Cinepolis Power One Mall, Bunder Road, Vijayawada",CINEMA003907,locality,South,Andhra Pradesh,Vijayawada,,520007
N,"Cinepolis: Aurum, Ghansoli, Navi Mumbai",CINEMA003908,locality,West,Maharashtra,Navi Mumbai,,
N,Cineverse Multiplex: Uppal,CINEMA003909,locality,South,Telangana,Hyderabad,,
N,"Connplex Cinemas: Khagaul, Patna",CINEMA003910,locality,East,Bihar,Patna,,
N,"Connplex Cinemas: Phulwari Sharif, Patna",CINEMA003911,locality,East,Bihar,Patna,,
N,"Connplex Cinemas: Raja Bazar, Patna",CINEMA003912,locality,East,Bihar,Patna,,
N,"Diana Cinema, Danapur (Air-conditioned) A.C, Patna",CINEMA003913,locality,East,Bihar,Patna,,801503
N,Elphinstone Cinema,CINEMA003914,locality,West,Maharashtra,Mumbai,,
N,Ganesh theatre A/C Sony 4K 3D Dolby 7.1: Madurai,CINEMA003915,locality,South,Tamil Nadu,Madurai,,625009
N,"Geetha Annapurna Theatre, Palakollu, Palakol",CINEMA003916,locality,South,Andhra Pradesh,Palakollu,,
N,Gold Cinema: Kotputli,CINEMA003917,locality,North,Rajasthan,Kotputli,,303108
N,"Gorantla Cinemas, Ongole",CINEMA003918,locality,South,Andhra Pradesh,Gorantla,,523001
N,"Grand Royal Cines, Sixmile: Guwahati",CINEMA003919,locality,North East,Assam,Guwahati,,
N,"INOX Phoenix Market City (formerly Jazz Cinemas), Velachery, Chennai",CINEMA003920,locality,South,Tamil Nadu,Chennai,,600042
N,"INOX: LUXE Phoenix Market City, Velachery",CINEMA003921,locality,South,Tamil Nadu,Chennai,,600042
N,"INOX: West Point Mall, Gangtok-MN",CINEMA003922,locality,North East,Sikkim,Gangtok,,737101
N,Jayasri Talkies: Narsampet,CINEMA003923,locality,South,Telangana,Narsampet,,
N,Kairali Sree RGB Laser 4K Dolby Atmos: Thrissur,CINEMA003924,locality,South,Kerala,Thrissur,,680001
N,Kalabhavan Theatre Triple Beam 3D: Trivandrum,CINEMA003925,locality,South,Kerala,Trivandrum,,695014
N,"Kumar 70MM 2K, Kachiguda, Hyderabad",CINEMA003926,locality,South,Telangana,Hyderabad,,500027
N,Lathaa Cinemas A/C Atmos 2K 3D: Chengalpattu,CINEMA003927,locality,South,Tamil Nadu,Chengalpattu,,
N,Mahalakshmi Cinemas Dolby Atmos 4K Barco RGB Laser,CINEMA003928,locality,South,Tamil Nadu,Chennai,,606202
N,Maxus Cinemas: Bhavnagar,CINEMA003929,locality,West,Gujarat,Bhavnagar,,364002
N,Maya Cineplex: Gorakhpur,CINEMA003930,locality,North,Uttar Pradesh,Gorakhpur,,273005
N,Minakshi Cinema: Palus,CINEMA003931,locality,West,Maharashtra,Palus,,416310
N,Mira Cinema: Ahmedabad,CINEMA003932,locality,West,Gujarat,Ahmedabad,,
N,"Miraj Cinemas : Chand, Mayur Vihar Phase 1",CINEMA003933,locality,North,Delhi,Delhi,,
N,"Mythri Sri Venkateshwara Theatre, Nakrekal",CINEMA003934,locality,South,Telangana,Nakrekal,,
N,Nazrana Cinema: Bhiwandi,CINEMA003935,locality,West,Maharashtra,Bhiwandi,,421308
N,"New Ashoka Theatre, Godavarikhani",CINEMA003936,locality,South,Telangana,Godavarikhani,,
N,Palaxi Cinemas: Perinthalmanna,CINEMA003937,locality,South,Kerala,Perinthalmanna,,679322
N,"Pee Cee Talkies 4K Atmos, Mukkam",CINEMA003938,locality,South,Kerala,Mukkam,,
N,Prabhat Talkies: Raipur,CINEMA003939,locality,Central,Chhattisgarh,Raipur,,492009
N,Prafulla Cinema: Satmile,CINEMA003940,locality,East,West Bengal,Satmile,,
N,Prem Cineplex: Rudrapur,CINEMA003941,locality,North,Uttarakhand,Rudrapur,,
N,Prime Cinemas Shiv Mandir: Hanumangarh,CINEMA003942,locality,North,Rajasthan,Hanumangarh,,335512
N,"PVR Aerohub, Aerohub East Wing, Chennai",CINEMA003943,locality,South,Tamil Nadu,Chennai,,
N,"PVR Avani River Side Mall, Howrah, Kolkata",CINEMA003944,locality,East,West Bengal,Kolkata,,
N,"PVR Haseen, Bhiwandi, Thane",CINEMA003945,locality,West,Maharashtra,Bhiwandi,,421302
N,"PVR Manisquare, Mani Square Mall, Kolkata",CINEMA003946,locality,East,West Bengal,Kolkata,,700054
N,"PVR Plaza, Connaught Place, New Delhi",CINEMA003947,locality,North,Delhi,New Delhi,,110001
N,"PVR Prashant Vihar, Funcity Mall, New Delhi",CINEMA003948,locality,North,Delhi,New Delhi,,
N,PVR: KC Jammu,CINEMA003949,locality,North,Jammu and Kashmir,Jammu,,
N,"PVR: Plaza-CP, Delhi",CINEMA003950,locality,North,Delhi,Delhi,,
N,"PVR: Rahul Raj, Surat",CINEMA003951,locality,West,Gujarat,Surat,,395007
N,Ramniwas Talkies Airconditioned: Raigarh,CINEMA003952,locality,Central,Chhattisgarh,Raigarh,,
N,Regal Cinema: Colaba,CINEMA003953,locality,West,Maharashtra,Mumbai,,400001
N,"RKP Cinemas A/C 4K RGB Laser Dolby Atmos, Pudukkottai",CINEMA003954,locality,South,Tamil Nadu,Pudukkottai,,622001
N,Rupkatha Cinema: Habra,CINEMA003955,locality,East,West Bengal,Habra,,
N,Sangeeta Cinema: Kochi,CINEMA003956,locality,South,Kerala,Kochi,,
N,Seema Cineplex: Pathanapuram,CINEMA003957,locality,South,Kerala,Pathanapuram,,689695
N,Sri Rama Theatre A/C DTS: Salur,CINEMA003958,locality,South,Andhra Pradesh,Salur,,535591
N,Sri Venkateshwara Picture Palace: Wanaparthy,CINEMA003959,locality,South,Andhra Pradesh,Wanaparthy,,509103
N,Srinivas Theatre: Kovur,CINEMA003960,locality,South,Andhra Pradesh,Kovur,,
N,"Srinivasa Mahal, Bapatla",CINEMA003961,locality,South,Andhra Pradesh,Bapatla,,
N,Srinivasa Theater A/C 4K Dolby Atmos: Kadugudi,CINEMA003962,locality,South,Karnataka,Bengaluru,,560067
N,"Srinivasa Theatre AC 4K Dolby Atmos, Kadugodi, Bengaluru",CINEMA003963,locality,South,Karnataka,Bengaluru,,
N,SSR Cinemas: Maheshtala,CINEMA003964,locality,East,West Bengal,Kolkata,,
N,SVF Cinemas: Mogra,CINEMA003965,locality,East,West Bengal,Mogra,,712148
N,Swamy Theatre LASER 4K DOLBY: Rajahmundry,CINEMA003966,locality,South,Andhra Pradesh,Rajahmundry,,
N,Swaroop Nartaki Talkies,CINEMA003967,locality,South,Andhra Pradesh,Swaroop Nartaki,,
N,Umaa Rajendra Cinemas 4K RGB Laser Dolby Atmos,CINEMA003968,locality,South,Andhra Pradesh,Kakinada,,624005
N,Vels Theatres: Chennai,CINEMA003969,locality,South,Tamil Nadu,Chennai,,600123
N,"Vijayalakshmi Theatre, Khajipalem",CINEMA003970,locality,South,Andhra Pradesh,Khajipalem,,522329
N,VKNS Cinemas: Sultanpur,CINEMA003971,locality,North,Uttar Pradesh,Sultanpur,,
N,"OHM Omjee Cinema, Soul Space Spirit Mall, Amritsar",CINEMA003972,locality,North,Punjab,Amritsar,,143105
N,"A National Cinema: Market Area, Naharlagun",CINEMA003973,locality,North East,Arunachal Pradesh,Naharlagun,,791110
N,Amisha Miniplex: Tarsadi,CINEMA003974,locality,West,Gujarat,Tarsadi,,394110
N,Asian Manoj: Devarakonda,CINEMA003975,locality,South,Telangana,Devarakonda,,
N,Atindra Cinema: Barrackpore,CINEMA003976,locality,East,West Bengal,Kolkata,,
N,Chandana Cinema: Marayur,CINEMA003977,locality,South,Kerala,Marayur,,685620
N,CR Palace Theatre A/C 4K HD Dolby Digital 7.1,CINEMA003978,locality,South,Tamil Nadu,Chennai,,
N,DRC Cinemas: BM Habitat Mall,CINEMA003979,locality,South,Telangana,Mall,,
N,EOS Cinema: Sundargarh,CINEMA003980,locality,East,Odisha,Sundargarh,,770020
N,G6 Sri Venkata Gangaratnam Theatre: Akividu,CINEMA003981,locality,South,Andhra Pradesh,Akividu,,534235
N,Gold Cinema: Bhiwadi,CINEMA003982,locality,North,Rajasthan,Bhiwadi,,
N,Gold Cinema: Mathura,CINEMA003983,locality,North,Uttar Pradesh,Mathura,,
N,Gold Cinema: Vidisha,CINEMA003984,locality,Central,Madhya Pradesh,Vidisha,,464001
N,"Gopalan Cinemas: Arcade Mall, Mysore Road",CINEMA003985,locality,South,Karnataka,Mysore,,
N,Kalpana Theatre: Udupi,CINEMA003986,locality,South,Karnataka,Udupi,,
N,Kavitha Theatre 4K 3D Dolby 7.1: Ernakulam,CINEMA003987,locality,South,Kerala,Ernakulam,,682035
N,Kinnera Deluxe Theatre: Korutla,CINEMA003988,locality,South,Telangana,Korutla,,505326
N,Krishna Multiplex: Jalna,CINEMA003989,locality,South,Andhra Pradesh,Krishna,,
N,Krishna Theatre: Kazhakkoottam,CINEMA003990,locality,South,Andhra Pradesh,Krishna,,
N,Lido Theatre: Mysuru,CINEMA003991,locality,South,Karnataka,Mysuru,,
N,Maxx Cinema: Sonipat,CINEMA003992,locality,North,Haryana,Sonipat,,131001
N,Microcineplex Cinemas: Khanna,CINEMA003993,locality,North,Punjab,Khanna,,141401
N,Navina Cinema: Tollygunge,CINEMA003994,locality,East,West Bengal,Kolkata,,700033
N,Nazrultirtha Cinema : Kolkata,CINEMA003995,locality,East,West Bengal,Kolkata,,
N,Phul Cinema: Patiala,CINEMA003996,locality,North,Punjab,Patiala,,
N,Priya Cinema: Rashbehari Avenue,CINEMA003997,locality,East,West Bengal,Kolkata,,
N,"PVR RK Cineplex, RK Complex, Hyderabad",CINEMA003998,locality,South,Telangana,Hyderabad,,500034
N,"PVR: SKLS Galaxy Mall, Red Hills Chennai",CINEMA003999,locality,South,Tamil Nadu,Chennai,,600052
N,Rabindra Mancha: Bhadreswar,CINEMA004000,locality,East,West Bengal,Bhadreswar,,
N,Rain Cinema: Nellore,CINEMA004001,locality,South,Andhra Pradesh,Nellore,,
N,"Rajhans Cinemas, Greater Noida (W), Noida",CINEMA004002,locality,North,Uttar Pradesh,Greater Noida,,
N,"Rashmi Cineplex: Jagatsinghpur, Sound Dolby 5.1",CINEMA004003,locality,East,Odisha,Jagatsinghpur,,
N,"Rupmandir Cinema A/C Dolby, Belghoria",CINEMA004004,locality,East,West Bengal,Kolkata,,
N,Rupmandir Cinema: Belghoria,CINEMA004005,locality,East,West Bengal,Kolkata,,700056
N,Sri Krishna Theater A/C 4K Dolby Atmos: Repalle,CINEMA004006,locality,South,Andhra Pradesh,Krishna,,522265
N,Sri Venkateshwara 70MM Theatre: Husnabad,CINEMA004007,locality,South,Telangana,Husnabad,,
N,Sri Venkateswara Mahal A/C Dts: Rapur,CINEMA004008,locality,South,Andhra Pradesh,Rapur,,
N,Sri Vijayalakshmi Theatre: Kaikalur,CINEMA004009,locality,South,Andhra Pradesh,Kaikalur,,
N,"SVF Cinemas : Platina Mall, Howrah",CINEMA004010,locality,East,West Bengal,Howrah,,
N,"SVF: Rupbani  Cinema, Dhaniakhali",CINEMA004011,locality,East,West Bengal,Dhaniakhali,,712302
N,"Urvasi Cinemas: Laser 15K AC Dolby, Vizag",CINEMA004012,locality,South,Andhra Pradesh,Vizag,,
N,Venkata Ramana Theatre: Makthal,CINEMA004013,locality,South,Telangana,Makthal,,509208
N,Rajaratna Cinemax: Mandapeta,CINEMA004014,locality,South,Andhra Pradesh,Mandapeta,,533308
N,7 Star Cinema: Satara,CINEMA004015,locality,West,Maharashtra,Satara,,
N,Abhiram Theater: Nandyal,CINEMA004016,locality,South,Andhra Pradesh,Nandyal,,
N,Anand Theatre Dolby ATMOS: Kottayam,CINEMA004017,locality,South,Kerala,Kottayam,,
N,Anjani Theatre: Chintamani,CINEMA004018,locality,South,Karnataka,Chintamani,,
N,"Apple Cinema, Bapunagar, Ahmedabad",CINEMA004019,locality,West,Gujarat,Ahmedabad,,380024
N,Aradhana Theatre: Hyderabad,CINEMA004020,locality,South,Telangana,Hyderabad,,500007
N,Ayaan Cinemas: Shimla,CINEMA004021,locality,North,Himachal Pradesh,Shimla,,
N,"CCP Cineplex, Muktsar Road, Malout",CINEMA004022,locality,North,Punjab,Muktsar,,
N,"Chhotu Maharaj: Banda, UP",CINEMA004023,locality,North,Uttar Pradesh,Banda,,
N,CINELUX Cinema:Sola SG Highway (Newly Premium JBL),CINEMA004024,locality,West,Gujarat,Ahmedabad,,
N,"Cinepolis Unity One Mall, Rohini, New Delhi",CINEMA004025,locality,North,Delhi,New Delhi,,110085
N,"Cineprime Cinema: Luxuriance, Hanspura",CINEMA004026,locality,West,Gujarat,Ahmedabad,,382330
N,Cineprime Cinema: Nikol,CINEMA004027,locality,West,Gujarat,Ahmedabad,,
N,"Cineworld Multiplex: Paras Pearls Mall, Agra",CINEMA004028,locality,South,Telangana,Mall,,
N,City Pulse Miniplex: Iscon Circle S.G Highway,CINEMA004029,locality,West,Gujarat,Ahmedabad,,
N,"Devgn CineX (Formerly NY) : Galleria Mall, Anand",CINEMA004030,locality,West,Gujarat,Anand,,
N,"Devgn CineX: Galleria Mall, Anand",CINEMA004031,locality,West,Gujarat,Anand,,388120
N,Drive In Cinema: Ahmedabad,CINEMA004032,locality,West,Gujarat,Ahmedabad,,
N,"Durga Mahal, Bantumilli",CINEMA004033,locality,South,Andhra Pradesh,Bantumilli,,521324
N,Frame Cinemas RGB Laser Atmos: Thanjavur,CINEMA004034,locality,South,Tamil Nadu,Thanjavur,,
N,Gautham Theatre: Payakaraopeta,CINEMA004035,locality,South,Andhra Pradesh,Payakaraopeta,,531126
N,Gokulam Cinemas A/C 2K: Coimbatore,CINEMA004036,locality,South,Tamil Nadu,Coimbatore,,
N,Gold Cinema: Palghar,CINEMA004037,locality,West,Maharashtra,Palghar,,
N,"INOX Maheshwari Parmeshwari Mall, Kachiguda, Hyderabad",CINEMA004038,locality,South,Telangana,Hyderabad,,
N,"INOX: World Mark, Gurugram",CINEMA004039,locality,North,Haryana,Gurugram,,
N,Jagat Talkies: Guna,CINEMA004040,locality,Central,Madhya Pradesh,Guna,,
N,"Kamaraj Theatre, Rayakottai",CINEMA004041,locality,South,Tamil Nadu,Rayakottai,,635116
N,Kamaraj Theatre: Rayakottai,CINEMA004042,locality,South,Tamil Nadu,Rayakottai,,
N,Karpagam Theatres 4K Dolby Atmos: Coimbatore,CINEMA004043,locality,South,Tamil Nadu,Coimbatore,,
N,Kasi Talkies Dolby Atmos: Ashok Nagar,CINEMA004044,locality,Central,Madhya Pradesh,Ashok Nagar,,600083
N,Magic Cinema: YMCA Club,CINEMA004045,locality,North,Delhi,Delhi,,380015
N,"Mango Plus Cinemas, Nikol, Ahmedabad",CINEMA004046,locality,West,Gujarat,Ahmedabad,,382330
N,Mariyam Cinemas A/C 4K: Trichy,CINEMA004047,locality,South,Tamil Nadu,Trichy,,
N,"Miraj Cinemas: Bupathi Surya Central, Dondaparthy",CINEMA004048,locality,South,Andhra Pradesh,Visakhapatnam,,530016
N,"Miraj Cinemas: Funfiesta, Nalasopara (W)",CINEMA004049,locality,West,Maharashtra,Nalasopara,,
N,"Mrityunjay Cineplex, Itarsi",CINEMA004050,locality,Central,Madhya Pradesh,Itarsi,,
N,"Mythri Theatres, Sri Venkateshwara Theatre 2K 7.1 Dolby (Newly Renovated), Nalgonda",CINEMA004051,locality,South,Telangana,Nalgonda,,
N,"Mythri Theatres, Venkateshwara Deluxe 2K AC DTS, Karimnagar",CINEMA004052,locality,South,Telangana,Karimnagar,,505001
N,"Om Jee Cinemas, Narwana By Pass Road, Patran",CINEMA004053,locality,North,Punjab,Patran,,
N,Padmaja Picture Palace 2K A/C Dts: Malikipuram,CINEMA004054,locality,South,Andhra Pradesh,Malikipuram,,
N,Prasads Multiplex: Hyderabad,CINEMA004055,locality,South,Telangana,Hyderabad,,
N,Pratap Picture Palace A/C 4K DTS: Nandyal,CINEMA004056,locality,South,Andhra Pradesh,Nandyal,,518501
N,"PVR EVA Mall, Manjalpur, Vadodara",CINEMA004057,locality,West,Gujarat,Vadodara,,
N,"PVR Inorbit Mall, Hubli",CINEMA004058,locality,South,Karnataka,Hubli,,
N,"PVR Lakeshore Mall, Y Junction, Hyderabad",CINEMA004059,locality,South,Telangana,Hyderabad,,500072
N,"PVR Mahagun, Mahagun Metro Mall, Ghaziabad",CINEMA004060,locality,North,Uttar Pradesh,Ghaziabad,,201019
N,"PVR: Inorbit Mall, Hubli",CINEMA004061,locality,South,Karnataka,Hubli,,
N,Ragam Theatre 4K RGB Laser Dolby Atmos: Thrissur,CINEMA004062,locality,South,Kerala,Thrissur,,
N,"Rajam Theatre A/C 2K Dolby 7.1, Karimangalam",CINEMA004063,locality,South,Tamil Nadu,Karimangalam,,
N,"Rajhans Cinema, Vastral, Ahmedabad",CINEMA004064,locality,West,Gujarat,Ahmedabad,,
N,"Rajhans Cinemas The CBD Mall, Zundal Circle, Ahmedabad",CINEMA004065,locality,West,Gujarat,Ahmedabad,,382424
N,"Rajhans Cinemas, Nikol, Ahmedabad",CINEMA004066,locality,West,Gujarat,Ahmedabad,,
N,Rajmandir Cinema (Dolby Atmos): Jaipur,CINEMA004067,locality,North,Rajasthan,Jaipur,,302001
N,"Rajmandir Cinema Dolby Atmos, Panch Batti, Jaipur",CINEMA004068,locality,North,Rajasthan,Jaipur,,
N,Sagara Theatre 4K Atmos: Kattappana,CINEMA004069,locality,South,Kerala,Kattappana,,
N,Sarat Theater A/C 4K Dolby Atmos: Vizag,CINEMA004070,locality,South,Andhra Pradesh,Vizag,,530016
N,Saroj Talkies: Amravati,CINEMA004071,locality,West,Maharashtra,Amravati,,444601
N,"Savvy Swaraaj Miniplex: Gota, Ahmedabad",CINEMA004072,locality,West,Gujarat,Ahmedabad,,
N,Sharda Cineplex: Gorakhpur,CINEMA004073,locality,North,Uttar Pradesh,Gorakhpur,,
N,"Shyam Palace, Juhi Hamirpur Road, Kanpur",CINEMA004074,locality,North,Himachal Pradesh,Hamirpur,,
N,SK Cinemas: Hathijan,CINEMA004075,locality,West,Gujarat,Ahmedabad,,
N,Sree Muruka Movies A/C: Chendrapinni,CINEMA004076,locality,South,Kerala,Chendrapinni,,
N,Sreemanth Mahal: Chebrolu,CINEMA004077,locality,South,Andhra Pradesh,Chebrolu,,
N,"Sri Ganapathi Picture Palace, Amalapuram",CINEMA004078,locality,South,Andhra Pradesh,Amalapuram,,
N,Sri Ganapathi Picture Palace: Amalapuram,CINEMA004079,locality,South,Andhra Pradesh,Amalapuram,,
N,Sri Ratna Theatre Complex: Chintalapudi,CINEMA004080,locality,South,Andhra Pradesh,Chintalapudi,,534460
N,Sri Seshmahal Theatre: Tadepalligudem,CINEMA004081,locality,South,Andhra Pradesh,Tadepalligudem,,
N,"Sri Shanmuganantha Theatre, Kulithalai",CINEMA004082,locality,South,Tamil Nadu,Kulithalai,,
N,Sri Srinivasa Mahal A/C 7.1 Dolby: S.Kota,CINEMA004083,locality,North,Rajasthan,Kota,,535145
N,Sri Venkateshwara Theatre A/C Dolby 7.1: Tangutur,CINEMA004084,locality,South,Andhra Pradesh,Tangutur,,
N,Sri Venkateshwara Theatre: Sidlaghatta,CINEMA004085,locality,South,Karnataka,Sidlaghatta,,
N,"Sriya Swati Stutee Cineplexx (4K, DOLBY ATMOS)",CINEMA004086,locality,East,Odisha,Bhubaneswar,,
N,Suba Theatre A/C 4K 3D RGB Laser Aranthangi,CINEMA004087,locality,South,Tamil Nadu,Aranthangi,,
N,Suraj Cineplex: Junagadh,CINEMA004088,locality,West,Gujarat,Junagadh,,
N,The Assembly Rooms: Ooty,CINEMA004089,locality,South,Tamil Nadu,Ooty,,643001
N,"The Cinestar Miniplex: Bhat Circle, SP Ring Road",CINEMA004090,locality,West,Gujarat,Bhat,,382428
N,Theatre Jivan: Bodi,CINEMA004091,locality,South,Tamil Nadu,Bodi,,
N,Venkateshwara Theatre - Konappana Agrahara (E.City,CINEMA004092,locality,South,Karnataka,Bengaluru,,560100
N,Venkateshwara Theatre: Shirali,CINEMA004093,locality,South,Karnataka,Shirali,,
N,"Vijay Theatre, Joharapuram, Kurnool",CINEMA004094,locality,South,Andhra Pradesh,Joharapuram,,
N,"A 4 Entertainment, Satdhar, Satna",CINEMA004095,locality,Central,Madhya Pradesh,Satna,,
N,Aashirvad Cineplexx: Piravom,CINEMA004096,locality,South,Kerala,Piravom,,
N,Anupama Theatre A/C 4K Dolby: Gandhinagar,CINEMA004097,locality,West,Gujarat,Gandhinagar,,
N,Ariesplex SL Cinemas Cinionic Dolby Atmos,CINEMA004098,locality,South,Kerala,Ariesplex,,
N,Ashoka Cineplex: Chhatarpur,CINEMA004099,locality,Central,Madhya Pradesh,Chhatarpur,,
N,Asian Srinivasa: Kodad,CINEMA004100,locality,South,Telangana,Kodad,,508206
N,"Chhotu Maharaj Cinema, Bhandara",CINEMA004101,locality,West,Maharashtra,Bhandara,,
N,"Cine Square Cinemas: Airport Road, Indore",CINEMA004102,locality,Central,Madhya Pradesh,Indore,,
N,"Cinepolis Janak Cinema, Janakpuri, New Delhi",CINEMA004103,locality,North,Delhi,New Delhi,,110058
N,"City Cinema 2K A/C, Anaikatti",CINEMA004104,locality,South,Tamil Nadu,Anaikatti,,
N,"Cosmo Cinemas A/C, Kolappalur, Gobichettipalayam",CINEMA004105,locality,South,Tamil Nadu,Gobichettipalayam,,638456
N,"Cosmo Cinemas A/C, Siruvalur, Gobichettipalayam",CINEMA004106,locality,South,Tamil Nadu,Gobichettipalayam,,
N,"Fun Cinema DD City Mall, Maharani Laxmibai Road, Gwalior",CINEMA004107,locality,Central,Madhya Pradesh,Gwalior,,
N,"Fun Cinemas: DD City Mall, Gwalior",CINEMA004108,locality,Central,Madhya Pradesh,Gwalior,,
N,"Fun Cinemas: Springcity, Ranchi",CINEMA004109,locality,East,Jharkhand,Ranchi,,834002
N,"Gajanan Multiplex, Rajkot",CINEMA004110,locality,West,Gujarat,Rajkot,,
N,Ganam Cinemas 4K RGB Laser Dolby Atmos: Thrissur,CINEMA004111,locality,South,Kerala,Thrissur,,
N,Ganga Cine House 4K Dolby Atmos: Attingal,CINEMA004112,locality,South,Kerala,Attingal,,695104
N,Gold Cinema: Agra,CINEMA004113,locality,North,Uttar Pradesh,Agra,,282002
N,Grand Cinemas: Raigarh,CINEMA004114,locality,Central,Chhattisgarh,Raigarh,,496001
N,Greenfield Moviemax Cinemas: Trivandrum,CINEMA004115,locality,South,Kerala,Trivandrum,,695581
N,Imusica Entertainments: Satna,CINEMA004116,locality,Central,Madhya Pradesh,Satna,,
N,"INOX Janak Place, District Centre, New Delhi",CINEMA004117,locality,North,Delhi,New Delhi,,
N,"INOX Nehru Place,  District Centre, New Delhi",CINEMA004118,locality,North,Delhi,New Delhi,,110019
N,"INOX Reliance Mall, Five Roads Junction, Salem",CINEMA004119,locality,South,Tamil Nadu,Salem,,
N,"INOX: COCA-COLA IMAX Paras, Nehru Place, Delhi",CINEMA004120,locality,North,Delhi,Delhi,,110019
N,"INOX: Smartcity Mall, Dharwad",CINEMA004121,locality,South,Karnataka,Dharwad,,580004
N,Jolly Max Cinema: Bongaigaon,CINEMA004122,locality,North East,Assam,Bongaigaon,,783380
N,Kalpana Chitra Mandir: Udgir,CINEMA004123,locality,West,Maharashtra,Udgir,,413517
N,Kelvin Gold Cinema: Guwahati (Newly Opened),CINEMA004124,locality,North East,Assam,Guwahati,,
N,Lenin Cinemas 4K 3D Dolby Atmos KSFDC: Trivandrum,CINEMA004125,locality,South,Kerala,Trivandrum,,
N,"Loop Cinemas, Surat",CINEMA004126,locality,West,Gujarat,Surat,,395007
N,"Maha Lakshmi Theatre, Routhulapudi",CINEMA004127,locality,South,Andhra Pradesh,Routhulapudi,,
N,"Miraj Cinemas : United Penguin Mall, Sitapur",CINEMA004128,locality,North,Uttar Pradesh,Sitapur,,
N,"Nataraj Talkies: Sirsi, Karnataka",CINEMA004129,locality,South,Karnataka,Sirsi,,581401
N,Natraj Theatre: Huzurabad,CINEMA004130,locality,South,Telangana,Huzurabad,,
N,Navrang Cineplex: Kanpur,CINEMA004131,locality,North,Uttar Pradesh,Kanpur,,208001
N,"Nazrana Cinema, Bazaar Peth Road, Bhiwandi",CINEMA004132,locality,West,Maharashtra,Bhiwandi,,421308
N,Novelty Talkies: Kasganj,CINEMA004133,locality,North,Uttar Pradesh,Kasganj,,
N,PGR Cinemas A/C 4K Dolby Atmos: Tirupati,CINEMA004134,locality,South,Andhra Pradesh,Tirupati,,
N,PJ Movies (Payal Talkies): Berhampur,CINEMA004135,locality,East,Odisha,Berhampur,,
N,Priya Complex Dolby Atmos: Madurai,CINEMA004136,locality,South,Tamil Nadu,Madurai,,
N,"PVR Avon City Mall, Gurdev Nagar, Ludhiana",CINEMA004137,locality,North,Punjab,Ludhiana,,
N,"PVR ICON: Hitech, Madhapur, Hyderabad",CINEMA004138,locality,South,Telangana,Hyderabad,,500081
N,"PVR: Avon City Mall, Ludhiana",CINEMA004139,locality,North,Punjab,Ludhiana,,141001
N,Rajeswari Theatre: Nagari,CINEMA004140,locality,South,Andhra Pradesh,Nagari,,
N,Rajhans Cinemas: Gandhidham,CINEMA004141,locality,West,Gujarat,Gandhidham,,370203
N,Rama Krishna 70mm: Abids,CINEMA004142,locality,South,Andhra Pradesh,Krishna,,
N,"Rathindra Multiplex, Kolkata",CINEMA004143,locality,East,West Bengal,Kolkata,,
N,"Roongta Vinay Cinema, Adipur, Gandhidham",CINEMA004144,locality,West,Gujarat,Gandhidham,,
N,Roopam Starworld: Mathura,CINEMA004145,locality,North,Uttar Pradesh,Mathura,,
N,Royal Cinemas: Rewa,CINEMA004146,locality,Central,Madhya Pradesh,Rewa,,
N,Sanelite Cinemas: Patan,CINEMA004147,locality,West,Gujarat,Patan,,384266
N,Saraswati Talkies Zulu Cinemas,CINEMA004148,locality,Central,Madhya Pradesh,Indore,,
N,"Savitha Movie Magic, Kecheri: Thrissur",CINEMA004149,locality,South,Kerala,Thrissur,,
N,Shanthi Theatre 2K 3D Dolby 7.1: Krishnagiri,CINEMA004150,locality,South,Tamil Nadu,Krishnagiri,,
N,Shubham Cinema: Umbraj,CINEMA004151,locality,West,Maharashtra,Umbraj,,415109
N,"Sindhu Cinema: Venjaramoodu AC 2K, 3D Dolby 7.1",CINEMA004152,locality,South,Kerala,Venjaramoodu,,695607
N,Siva Priya Cinemas,CINEMA004153,locality,South,Tamil Nadu,Chennai,,
N,SP Cinemas 2K AURO 11.1: Peyad,CINEMA004154,locality,South,Kerala,Peyad,,695573
N,Sree Dhanalakshmi Abirami Theatre: Velanthavalam,CINEMA004155,locality,South,Kerala,Velanthavalam,,678557
N,Sri Sai Deluxe Theatre: Narsapur,CINEMA004156,locality,South,Andhra Pradesh,Narsapur,,502313
N,Sri Venkateshwara Digital 4K Cinema: Girinagar,CINEMA004157,locality,South,Karnataka,Bengaluru,,560085
N,Sri Venkateswara Mahal AC Dolby Atmos 4K: Punganur,CINEMA004158,locality,South,Andhra Pradesh,Punganur,,517247
N,Sri Venkateswara Talkies: Kasibugga,CINEMA004159,locality,South,Andhra Pradesh,Kasibugga,,
N,Sri Yoga Theatre A/C 4K RGB Laser Dolby 7.1 Ambur,CINEMA004160,locality,South,Tamil Nadu,Ambur,,635802
N,"Srinivasa Theatre, Godavarikhani",CINEMA004161,locality,South,Telangana,Godavarikhani,,
N,Srinivasa Theatre: Godavarikhani,CINEMA004162,locality,South,Telangana,Godavarikhani,,
N,Star Cinemas: Burhanpur,CINEMA004163,locality,Central,Madhya Pradesh,Burhanpur,,450331
N,Thapasya Cine House: Attingal,CINEMA004164,locality,South,Kerala,Attingal,,695102
N,"UK Cineplex: Nacharam, Hyderabad",CINEMA004165,locality,South,Telangana,Hyderabad,,500076
N,Vasant Talkies: Akola,CINEMA004166,locality,West,Maharashtra,Akola,,
N,Venkata Krishna Luxury Cinemas: Poranki,CINEMA004167,locality,South,Andhra Pradesh,Krishna,,521137
N,Vetri Cinemas: Bodi,CINEMA004168,locality,South,Tamil Nadu,Bodi,,
N,"Vijay Theatres, Brindavan, Pudukkottai",CINEMA004169,locality,South,Tamil Nadu,Pudukkottai,,622001
N,VLS Sri Rama Theatre: Jagtial,CINEMA004170,locality,South,Telangana,Jagtial,,
N,VPC 4K Dolby Atmos: Amalapuram,CINEMA004171,locality,South,Andhra Pradesh,Amalapuram,,
N,Woodland Cinemas: Virar (W),CINEMA004172,locality,West,Maharashtra,Virar,,
N,"RK Palace, Model Town, Fatehabad",CINEMA004173,locality,North,Haryana,Fatehabad,,125050
N,"Sri Sankar Theatre, V V Meraka, Sakinetipalli",CINEMA004174,locality,South,Andhra Pradesh,Sakinetipalli,,533253
N,A-Moorthys Drive-In Theatre: Trichy,CINEMA004175,locality,South,Tamil Nadu,Trichy,,620027
N,Aashirvad Cineplexx: Kadappra,CINEMA004176,locality,South,Kerala,Kadappra,,
N,"AGS Cinemas, T. Nagar, Chennai",CINEMA004177,locality,South,Tamil Nadu,Chennai,,
N,Alishan Central: Kantabanji,CINEMA004178,locality,East,Odisha,Kantabanji,,
N,B18 Cinemas (Bhutani Cineplex) City Center GZB,CINEMA004179,locality,North,Uttar Pradesh,Ghaziabad,,201007
N,"Bharath Cinemas: Bharath Mall, Bejai, Mangaluru",CINEMA004180,locality,South,Telangana,Mall,,575004
N,Bhumika Digital 2K Cinema: Gandhinagar,CINEMA004181,locality,West,Gujarat,Gandhinagar,,
N,Chandralok Cineplex: Prayagraj,CINEMA004182,locality,North,Uttar Pradesh,Prayagraj,,
N,"Cine Galaxy: Surathkal, Mangalore",CINEMA004183,locality,South,Karnataka,Mangalore,,575014
N,"Cine Plus Multiplex, Chitrakoot Road, Jagdalpur",CINEMA004184,locality,Central,Chhattisgarh,Jagdalpur,,494001
N,Cine Plus Multiplex: Jagdalpur,CINEMA004185,locality,Central,Chhattisgarh,Jagdalpur,,
N,"Cine Square Cinemas, Tirupati Nagar, Indore",CINEMA004186,locality,South,Andhra Pradesh,Tirupati,,452005
N,Cineplus Multiplex: Abu Road,CINEMA004187,locality,North,Rajasthan,Abu Road,,307026
N,"Cinepolis: Modi Mall, Rampur",CINEMA004188,locality,North,Uttar Pradesh,Rampur,,
N,"Cowmalya Theatre, Kozhinjampara",CINEMA004189,locality,South,Kerala,Kozhinjampara,,678555
N,Cowmalya Theatre: Kozhinjampara,CINEMA004190,locality,South,Kerala,Kozhinjampara,,
N,"Delight Cineplex (70 mm With Christine Laser Projection Ac), Dalmianagar",CINEMA004191,locality,East,Bihar,Dalmianagar,,
N,Delight Cineplex(70mm Laser Projection)Dalmianagar,CINEMA004192,locality,East,Bihar,Dalmianagar,,
N,Dreambig K. A. M. Movies: Vadakkencherry,CINEMA004193,locality,South,Kerala,Vadakkencherry,,
N,"Drodel Cineworld, Zero point: Itanagar",CINEMA004194,locality,North East,Arunachal Pradesh,Itanagar,,791111
N,"eBox Cinema: Ansal Plaza Mall, Greater Noida",CINEMA004195,locality,North,Uttar Pradesh,Greater Noida,,
N,"eBox Cinema: Sonic World Mall, Surajpur",CINEMA004196,locality,Central,Chhattisgarh,Surajpur,,201306
N,"Fun Cinema Mittal Mega Mall, Huda, Panipat",CINEMA004197,locality,North,Haryana,Panipat,,
N,"Fun Cinemas: Mittal Mega Mall, Panipat",CINEMA004198,locality,North,Haryana,Panipat,,
N,Goyal Talkies: Kamptee,CINEMA004199,locality,West,Maharashtra,Kamptee,,441001
N,Grand Cinemaz: Pathankot,CINEMA004200,locality,North,Punjab,Pathankot,,145001
N,"INOX City Centre Mall, Lodipur, Patna",CINEMA004201,locality,East,Bihar,Patna,,800001
N,"INOX LEPL Icon, Patamata, Vijayawada",CINEMA004202,locality,South,Andhra Pradesh,Vijayawada,,
N,"INOX: Nakshatra Mall, Dadar (W) (Newly Renovated)",CINEMA004203,locality,West,Maharashtra,Mumbai,,
N,"INOX: Vaibhav, Amarapali Circle",CINEMA004204,locality,North,Rajasthan,Jaipur,,
N,Jothi Theatre A/C 4K 7.1 (Viralimalai): Trichy,CINEMA004205,locality,South,Tamil Nadu,Trichy,,
N,Kairali Sree Theater: North Parvur,CINEMA004206,locality,South,Kerala,North Parvur,,683513
N,"Kamal Talkies, Panchpaoli Road, Nagpur",CINEMA004207,locality,West,Maharashtra,Nagpur,,
N,Maxus Cinemas: Borivali (W),CINEMA004208,locality,West,Maharashtra,Mumbai,,
N,Meenakshi Multiplex Cinema: Loni,CINEMA004209,locality,West,Maharashtra,Loni,,
N,"Movie Magic Cinema, Loni, Ghaziabad",CINEMA004210,locality,North,Uttar Pradesh,Ghaziabad,,201102
N,Movie Magic Cinema: Ghaziabad,CINEMA004211,locality,North,Uttar Pradesh,Ghaziabad,,
N,MSP AB Cinemas: Pathankot,CINEMA004212,locality,North,Punjab,Pathankot,,
N,"New US Cinemas, Aditya Mall, Ghaziabad",CINEMA004213,locality,North,Uttar Pradesh,Ghaziabad,,
N,Padma Cinema: Kolhapur,CINEMA004214,locality,West,Maharashtra,Kolhapur,,
N,RadhaRam Talkies: Basmat,CINEMA004215,locality,West,Maharashtra,Basmat,,
N,"Rajhans Cinemas:Galaxy Diamond Plaza,Greater Noida",CINEMA004216,locality,North,Uttar Pradesh,Greater Noida,,
N,"RR Cinema Jaipuria Mall, Indirapuram, Ghaziabad",CINEMA004217,locality,North,Delhi,Indirapuram,,201014
N,"RR Cinema: Omaxe Gurgaon Mall, Gurgaon",CINEMA004218,locality,North,Haryana,Gurgaon,,
N,Rukmini Theatre: Sangareddy,CINEMA004219,locality,South,Telangana,Sangareddy,,
N,SARV Cinemas: Agra,CINEMA004220,locality,North,Uttar Pradesh,Agra,,282002
N,Satyanarayana Theaters A/C 2K Dolby: Nuzvid,CINEMA004221,locality,South,Andhra Pradesh,Nuzvid,,521201
N,Shankar Cinema: Baindur,CINEMA004222,locality,South,Karnataka,Baindur,,
N,Shree Mamaji Talkies: Bhusawal,CINEMA004223,locality,West,Maharashtra,Bhusawal,,
N,"Sree Sai Puja Theatre 2K, Suraram, Hyderabad",CINEMA004224,locality,South,Telangana,Hyderabad,,500055
N,Sree Sai Raja Theatre: Musheerabad,CINEMA004225,locality,South,Telangana,Hyderabad,,500020
N,Sri Guru Theatre: Hassan,CINEMA004226,locality,South,Karnataka,Hassan,,573201
N,"Sri Rajya Lakshmi Picture Palace, 10th Ward, Repalle",CINEMA004227,locality,South,Andhra Pradesh,Repalle,,
N,"Sri Venkateswara A/C DTS, Krosuru",CINEMA004228,locality,South,Andhra Pradesh,Krosuru,,
N,"Starworld Cinemas: Mutthiganj, Prayagraj",CINEMA004229,locality,North,Uttar Pradesh,Prayagraj,,
N,Suchitra Prabhat Cinemas: 4K RGB Laser Dolby Atmos,CINEMA004230,locality,South,Karnataka,Bengaluru,,575001
N,Suncity Cinema: Bulandshahr,CINEMA004231,locality,North,Uttar Pradesh,Bulandshahr,,203001
N,Sushama Cinema: Sheoraphuli,CINEMA004232,locality,East,West Bengal,Sheoraphuli,,712223
N,"SVF Cinemas: City Centre Mall, Purulia",CINEMA004233,locality,East,West Bengal,Purulia,,
N,Swarna Cinemax 2K Laser 7.1 Surround:Ibrahimpatnam,CINEMA004234,locality,South,Andhra Pradesh,Ibrahimpatnam,,
N,UK Cinemas: Barpeta Town,CINEMA004235,locality,North East,Assam,Barpeta,,781301
N,"US Cinema, Galaxy Blue Sapphire Plaza, Greater Noida ( West )",CINEMA004236,locality,North,Uttar Pradesh,Greater Noida,,201305
N,"US Cinemas Eros Mall, Indirapuram, Ghaziabad",CINEMA004237,locality,North,Delhi,Indirapuram,,
N,"US Cinemas, Movie World, Ghaziabad (All New)",CINEMA004238,locality,North,Uttar Pradesh,Ghaziabad,,
N,"US Cinemas, Movie World, Ghaziabad (All New)",CINEMA004239,locality,North,Uttar Pradesh,Ghaziabad,,201003
N,"US CINEMAS: Aditya Mall, Indirapuram",CINEMA004240,locality,North,Delhi,Indirapuram,,201014
N,"US CINEMAS: Galaxy Blue Sapphire, Noida Ext",CINEMA004241,locality,North,Uttar Pradesh,Noida,,201305
N,Veerabhadreshwara Talkies: Shivamogga,CINEMA004242,locality,South,Karnataka,Shivamogga,,577201
N,"Wave Cinemas: Gaur Central Mall, RDC",CINEMA004243,locality,South,Telangana,Mall,,201002
N,Sri Padma Veereswara Complex: Yanam,CINEMA004244,locality,South,Andhra Pradesh,Yanam,,533464
N,Aashirvad Cineplexx: Thodupuzha,CINEMA004245,locality,South,Kerala,Thodupuzha,,
N,"Aastha Cinema, Nanda Nagar, Indore",CINEMA004246,locality,Central,Madhya Pradesh,Indore,,452011
N,Aasttha Cinema: Indore,CINEMA004247,locality,Central,Madhya Pradesh,Indore,,452011
N,Adabala Theatre Screen 1: Palakollu,CINEMA004248,locality,South,Andhra Pradesh,Palakollu,,534260
N,Ajanta Theatre 4K-Wide: Trivandrum,CINEMA004249,locality,South,Kerala,Trivandrum,,
N,Alpana Cinema: Vadodara,CINEMA004250,locality,West,Gujarat,Vadodara,,
N,Apsara Theatre Dolby 7.1: Changanassery,CINEMA004251,locality,South,Kerala,Changanassery,,
N,Aram Cineplex: Vele,CINEMA004252,locality,West,Maharashtra,Vele,,
N,Asian Sridevi Multiplex: Hanumakonda,CINEMA004253,locality,South,Telangana,Hanumakonda,,
N,"Ayou Cinemas, Bardari Gram, Pithampur",CINEMA004254,locality,Central,Madhya Pradesh,Pithampur,,
N,Balaji Talkies: Chikkaballapura,CINEMA004255,locality,South,Karnataka,Chikkaballapura,,562101
N,"Bharat Cineplex, Hamidia Road, Bhopal",CINEMA004256,locality,Central,Madhya Pradesh,Bhopal,,
N,Bharat Cineplex: Bhopal,CINEMA004257,locality,Central,Madhya Pradesh,Bhopal,,
N,"Chhotu Maharaj: Sikandra Agra, UP",CINEMA004258,locality,North,Uttar Pradesh,Agra,,
N,"Cine India Cinema, Mandvi, Halol",CINEMA004259,locality,West,Gujarat,Mandvi,,
N,Cine Wheels Drive in by Windasa: Indore,CINEMA004260,locality,Central,Madhya Pradesh,Indore,,453331
N,"Cinepolis V3S East Center (New), Beside Nirman Vihar Metro Station, Laxmi Nagar",CINEMA004261,locality,North,Delhi,Delhi,,
N,"Cinepolis V3S Mall, Laxmi Nagar, New Delhi",CINEMA004262,locality,North,Delhi,Delhi,,
N,City Mall Cinemas: Thamarassery,CINEMA004263,locality,South,Telangana,Mall,,
N,Connplex Cinemas (Natraj): Nawada,CINEMA004264,locality,East,Bihar,Nawada,,
N,Connplex Cinemas: Phulbani,CINEMA004265,locality,East,Odisha,Phulbani,,
N,"Drama Factory Cinema, Zodiac Mall: Indore",CINEMA004266,locality,Central,Madhya Pradesh,Indore,,
N,Elite Cinema: Jhansi,CINEMA004267,locality,North,Uttar Pradesh,Jhansi,,
N,First Cinema: Jaipur,CINEMA004268,locality,North,Rajasthan,Jaipur,,302018
N,"Fundore Cinemas, Rau: Indore",CINEMA004269,locality,Central,Madhya Pradesh,Indore,,
N,"Fusion Cinemas, Vadodara",CINEMA004270,locality,West,Gujarat,Vadodara,,
N,Galaxy Cinema: Babra,CINEMA004271,locality,West,Gujarat,Babra,,
N,Galaxy Cineplex: Dehri,CINEMA004272,locality,East,Bihar,Dehri,,
N,Ganesh Cinemas (Melur) 4K RGB Laser & Dolby Atmos,CINEMA004273,locality,South,Tamil Nadu,Melur,,625106
N,"Ganesh Cinemas RGB Laser Christie Vive Audio, Mannar Swamy Koil Street, Chennai",CINEMA004274,locality,South,Tamil Nadu,Chennai,,600074
N,Gayatri Cineplex: Parihar,CINEMA004275,locality,East,Bihar,Parihar,,
N,"GG Cinema, Sardhana Road, Meerut",CINEMA004276,locality,North,Uttar Pradesh,Sardhana,,250342
N,Glitz Cinemas: Jalore,CINEMA004277,locality,North,Rajasthan,Jalore,,
N,Gold Cinema: Kota,CINEMA004278,locality,North,Rajasthan,Kota,,
N,"Grande Cines: Paltan bazar, Guwahati",CINEMA004279,locality,North East,Assam,Guwahati,,
N,Gunjan Cinema: Yewat,CINEMA004280,locality,West,Maharashtra,Yewat,,412214
N,"INOX Metro, Jawaharlal Nehru Road, Kolkata",CINEMA004281,locality,East,West Bengal,Kolkata,,
N,"INOX Smartcity Mall, P B Road, Dharwad",CINEMA004282,locality,South,Karnataka,Dharwad,,580004
N,"INOX Umrao Mall, Mahanagar, Lucknow",CINEMA004283,locality,North,Uttar Pradesh,Lucknow,,
N,"Kalyan Cinemas: Rajendra Nagar, Indore",CINEMA004284,locality,West,Maharashtra,Kalyan,,
N,"KR Complex, Chilakaluripet",CINEMA004285,locality,South,Andhra Pradesh,Chilakaluripet,,522616
N,"Krishna Talkies: Gauri Bazar, Deoria",CINEMA004286,locality,South,Andhra Pradesh,Krishna,,274202
N,Kumecs Cinema: Imphal,CINEMA004287,locality,North East,Manipur,Imphal,,
N,"Manasa Cinemas 4k Dolby Atmos: Kavali,Nellore",CINEMA004288,locality,South,Andhra Pradesh,Nellore,,524201
N,"Manasa Cinemas, Vaddipalem - Theatre Road, Kavali",CINEMA004289,locality,Central,Madhya Pradesh,Manasa,,
N,Maruthi Theatre: Palakollu,CINEMA004290,locality,South,Andhra Pradesh,Palakollu,,
N,"Maurice Multiplex, Barotiwala Road, Baddi",CINEMA004291,locality,North,Himachal Pradesh,Baddi,,173205
N,"Maxus Cinemas, Kandivali (E)",CINEMA004292,locality,West,Maharashtra,Mumbai,,400101
N,Mayuri Theater A/c Dolby 7.1 Surround: Nandigama,CINEMA004293,locality,South,Andhra Pradesh,Nandigama,,521185
N,"Natraj Cinema, Nagarpalika Road, Kapadvanj",CINEMA004294,locality,West,Gujarat,Kapadvanj,,387620
N,Natraj Cinema: Dehradun,CINEMA004295,locality,North,Uttarakhand,Dehradun,,
N,"New Krishna Multiplex A/C RGB Laser, Tirupur",CINEMA004296,locality,South,Andhra Pradesh,Krishna,,
N,Nirmal Cineplex: Ludhiana,CINEMA004297,locality,North,Punjab,Ludhiana,,
N,NMC Cinemas A/C 3D 4K DOLBY ATMOS: Nagari,CINEMA004298,locality,South,Andhra Pradesh,Nagari,,
N,"Odeon Cinemas: Rajendra Nagar, Indore",CINEMA004299,locality,Central,Madhya Pradesh,Indore,,
N,"Phalanx Cinemas, Sitabpur, Kotdwar",CINEMA004300,locality,North,Uttarakhand,Kotdwar,,
N,PictureTime MCG Cinemas : Gadchiroli,CINEMA004301,locality,West,Maharashtra,Gadchiroli,,442605
N,PJ Movies (Veena Theatre): Jatni,CINEMA004302,locality,East,Odisha,Jatni,,
N,Prafull RK Deluxe Cinema: Indore,CINEMA004303,locality,Central,Madhya Pradesh,Indore,,452002
N,Prakash Digital 4K Cinema: Belagavi,CINEMA004304,locality,South,Karnataka,Belagavi,,
N,Pratap Cinema: Vadodara,CINEMA004305,locality,West,Gujarat,Vadodara,,
N,"PVR Diamond Plaza, Jassore Road, Kolkata",CINEMA004306,locality,East,West Bengal,Kolkata,,700055
N,"PVR DLF City Center Mall, IT Park, Chandigarh",CINEMA004307,locality,North,Chandigarh,Chandigarh,,
N,"PVR Vikaspuri, Virjanand Marg, New Delhi",CINEMA004308,locality,North,Delhi,New Delhi,,110018
N,"PVR: Diamond Plaza, Jessore Kolkata",CINEMA004309,locality,East,West Bengal,Kolkata,,700055
N,Rajadhani Cinemas: Payyannur,CINEMA004310,locality,South,Kerala,Payyannur,,670307
N,"Rajhans Cinemas: Malhar Mega Mall, Indore",CINEMA004311,locality,Central,Madhya Pradesh,Indore,,
N,Rajhans Cinemas: Vadodara,CINEMA004312,locality,West,Gujarat,Vadodara,,390001
N,Ranga Mahal Theater: Velugodu,CINEMA004313,locality,South,Andhra Pradesh,Velugodu,,
N,"Rapid Cinema, The Melange Mall: Meerut",CINEMA004314,locality,North,Uttar Pradesh,Meerut,,250110
N,Sai Mahal Theater: Vuyyuru,CINEMA004315,locality,South,Andhra Pradesh,Vuyyuru,,
N,Santhi Theatre: Madhira,CINEMA004316,locality,South,Telangana,Madhira,,507203
N,Sharda Cinema: Dantewada,CINEMA004317,locality,Central,Chhattisgarh,Dantewada,,
N,Sharda Cinema: Sukma,CINEMA004318,locality,Central,Chhattisgarh,Sukma,,494111
N,Sheela Talkies: Dhampur,CINEMA004319,locality,North,Uttar Pradesh,Dhampur,,246761
N,"Shri Krishna Talkies, Uppal, Hyderabad",CINEMA004320,locality,South,Telangana,Hyderabad,,
N,"Somnath Multiplex: Kachigam, Daman",CINEMA004321,locality,West,Daman and Diu,Daman,,396215
N,"SP Himagiri Cinemas 4K Dolby , Vizianagaram (Newly Renovated), Vizianagaram",CINEMA004322,locality,South,Andhra Pradesh,Vizianagaram,,535003
N,Sree Krishna Cinema 4K Dolby Atmos: Vizianagaram,CINEMA004323,locality,South,Andhra Pradesh,Vizianagaram,,
N,SREEKALEESWARY CINEMAS 4K LASER DOLBY ATMOS,CINEMA004324,locality,South,Kerala,Sreekaleeswary,,680664
N,Sri Lalitha Theatre 2k A/C DTS: Amalapuram,CINEMA004325,locality,South,Andhra Pradesh,Amalapuram,,533201
N,Sri Madhava Theatre: Ieeja,CINEMA004326,locality,South,Telangana,Ieeja,,
N,Sri Manjunatha Theater: Palamaner,CINEMA004327,locality,South,Andhra Pradesh,Palamaner,,517408
N,Sri Murugan Theatre A/C DTS: Ammapettai,CINEMA004328,locality,South,Tamil Nadu,Ammapettai,,638311
N,Sri Rama & Raghavendra Talkies: Dhone,CINEMA004329,locality,South,Andhra Pradesh,Dhone,,518222
N,Sri Srinivasa Theater A/C Dts: Nallajerla,CINEMA004330,locality,South,Andhra Pradesh,Nallajerla,,
N,Srinivasa Theater A/c 2K Dolby: Markapur,CINEMA004331,locality,South,Andhra Pradesh,Markapur,,523316
N,"Srinivasa Theater, Gokavaram",CINEMA004332,locality,South,Andhra Pradesh,Gokavaram,,533286
N,Srinivasa Theatre: Choutuppal,CINEMA004333,locality,South,Telangana,Choutuppal,,508252
N,Srinivasa Theatre: Velangi,CINEMA004334,locality,South,Andhra Pradesh,Velangi,,
N,Stellar Cinemas: Gandhidham,CINEMA004335,locality,West,Gujarat,Gandhidham,,
N,Surya Complex Laser RGB 4K Dolby Atmos:Rajahmundry,CINEMA004336,locality,South,Andhra Pradesh,Rajahmundry,,533103
N,Urich Cinema: Wardha,CINEMA004337,locality,West,Maharashtra,Wardha,,442001
N,Veena Varna Theatre: Mananthavady A/C 2K 3D,CINEMA004338,locality,South,Kerala,Mananthavady,,
N,Vigneswara Theatre: Samalkota,CINEMA004339,locality,South,Andhra Pradesh,Samalkota,,
N,Vijay Talkies: Deoria,CINEMA004340,locality,North,Uttar Pradesh,Deoria,,
N,Yazhini Cinemas 4K Laser Dolby Atmos: Sivagangai,CINEMA004341,locality,South,Tamil Nadu,Sivagangai,,
N,"Mahalakshmi Theatre, Periyakurichi, Neyveli",CINEMA004342,locality,South,Tamil Nadu,Neyveli,,607802
N,"Panna Cinema, Near Rajeshwar Mahadev Mandir, Agra",CINEMA004343,locality,North,Uttar Pradesh,Agra,,
N,"Heera Talkies, Nehru Nagar, Agra",CINEMA004344,locality,North,Uttar Pradesh,Agra,,
N,AGS Cinemas: T. Nagar,CINEMA004345,locality,South,Tamil Nadu,Chennai,,
N,Bharath Cinemas: Sullia,CINEMA004346,locality,South,Karnataka,Sullia,,
N,BMR CINEMAX: Veeraghattam,CINEMA004347,locality,South,Andhra Pradesh,Veeraghattam,,
N,"Chhotu Maharaj: Bankura, WB",CINEMA004348,locality,East,West Bengal,Bankura,,
N,"Cinepolis Nexus Seawoods, Navi Mumbai",CINEMA004349,locality,West,Maharashtra,Navi Mumbai,,
N,"Cinepolis: Nexus Seawoods, Nerul, Navi Mumbai",CINEMA004350,locality,West,Maharashtra,Navi Mumbai,,
N,"City Pride Multiplex: Shivaji Nagar, Ratnagiri",CINEMA004351,locality,West,Maharashtra,Ratnagiri,,
N,Connplex Cinemas: Jagdalpur,CINEMA004352,locality,Central,Chhattisgarh,Jagdalpur,,
N,DDX Regal Cinema Awadhpuri: Bhopal,CINEMA004353,locality,Central,Madhya Pradesh,Bhopal,,
N,Eylex Cinemas: Hinoo,CINEMA004354,locality,East,Jharkhand,Hinoo,,834002
N,Eylex Cinemas: Siwan,CINEMA004355,locality,East,Bihar,Siwan,,
N,FUN Cinemas New Empire: Dehradun,CINEMA004356,locality,North,Uttarakhand,Dehradun,,248001
N,"Galleria Cinema, Sohum Mal, Dibrugarh",CINEMA004357,locality,North East,Assam,Dibrugarh,,786001
N,"Galleria Cinema: Junction Mall, Dibrugarh",CINEMA004358,locality,North East,Assam,Dibrugarh,,
N,Gayatri Cinemas: Berhampur,CINEMA004359,locality,East,Odisha,Berhampur,,760001
N,Gold Cinema: Beawar,CINEMA004360,locality,North,Rajasthan,Beawar,,
N,Hamringdi Cinema: Haflong,CINEMA004361,locality,North East,Assam,Haflong,,788819
N,"INOX Amrapali Circle, Vaishali Nagar, Jaipur",CINEMA004362,locality,North,Rajasthan,Jaipur,,302021
N,Jyoti Cineplex (New Seats): Bhopal,CINEMA004363,locality,Central,Madhya Pradesh,Bhopal,,
N,Jyoti Cineplex: Siddharthnagar,CINEMA004364,locality,North,Uttar Pradesh,Siddharthnagar,,
N,Kairali Sree Theatre: Kozhikode,CINEMA004365,locality,South,Kerala,Kozhikode,,673001
N,Krishna Theater: Giddalur,CINEMA004366,locality,South,Andhra Pradesh,Giddalur,,
N,KVA Cineplex: Zira,CINEMA004367,locality,North,Punjab,Zira,,142047
N,Laxmi Cineplex: Yeola,CINEMA004368,locality,West,Maharashtra,Yeola,,
N,Magic Frames Cinemas 4K Laser 3D Atmos: Pattambi,CINEMA004369,locality,South,Kerala,Pattambi,,
N,Manek Cinema: Akola,CINEMA004370,locality,West,Maharashtra,Akola,,444001
N,Meenakshi Cinemas Full A/C Qube 4K 3D Dolby 7.1,CINEMA004371,locality,South,Tamil Nadu,Madurai,,600054
N,"Meenakshi Cineplex (Screen 1 & 2), Narmadapuram, Hoshangabad",CINEMA004372,locality,Central,Madhya Pradesh,Hoshangabad,,
N,Meenakshi Cineplex (Screen 1 & 2): Hoshangabad,CINEMA004373,locality,Central,Madhya Pradesh,Hoshangabad,,461001
N,"Miraj Cinemas : Eminent Mall, Hisar (Newly Renovated)",CINEMA004374,locality,North,Haryana,Hisar,,125001
N,"Miraj Cinemas: Cineraj, Panvel (Newly Renovated)",CINEMA004375,locality,West,Maharashtra,Panvel,,410206
N,"Mythri Theatres, Parthasarathi A/C 2K Dolby 7.1, Kalwakurthy",CINEMA004376,locality,South,Telangana,Kalwakurthy,,509324
N,Navarang Theatre: Vijayawada,CINEMA004377,locality,South,Andhra Pradesh,Vijayawada,,
N,"New Empire Cinema, Chukkuwala, Dehradun",CINEMA004378,locality,North,Uttarakhand,Dehradun,,248001
N,Novelty Cinema: Kanpur,CINEMA004379,locality,North,Uttar Pradesh,Kanpur,,
N,Padma Cinema: Kochi,CINEMA004380,locality,South,Kerala,Kochi,,682035
N,"Platinum Movietime Cinemas, Gachibowli (SLN Terminus), Hyderabad",CINEMA004381,locality,South,Telangana,Hyderabad,,
N,Poorna Theatre: Ichchapuram,CINEMA004382,locality,South,Andhra Pradesh,Ichchapuram,,532312
N,Prabha Theatre: Mysuru,CINEMA004383,locality,South,Karnataka,Mysuru,,570001
N,Prabhat Cinema: Gondia,CINEMA004384,locality,West,Maharashtra,Gondia,,
N,Prabhat Royal Cineplex: Kolhapur,CINEMA004385,locality,West,Maharashtra,Kolhapur,,
N,Priya Cineplex: Moyna (Dolby 5.1),CINEMA004386,locality,East,West Bengal,Moyna,,721629
N,"PVR ICON: Phoenix Palladium, Lower Parel Mumbai",CINEMA004387,locality,West,Maharashtra,Mumbai,,400013
N,"PVR Infiniti Malad, Malad (W), Mumbai",CINEMA004388,locality,West,Maharashtra,Mumbai,,
N,"PVR Lodha Xperia, Palava, Mumbai",CINEMA004389,locality,West,Maharashtra,Mumbai,,
N,"PVR: Saharaganj Mall, Lucknow",CINEMA004390,locality,North,Uttar Pradesh,Lucknow,,226001
N,"QLA Cinemas: Dremz Mall, Gurugram",CINEMA004391,locality,North,Haryana,Gurugram,,122001
N,Ragini Cinema: (Old Jyoti Cinema): Ankleshwar,CINEMA004392,locality,West,Gujarat,Ankleshwar,,
N,Raja Talkies: Dhone,CINEMA004393,locality,South,Andhra Pradesh,Dhone,,
N,"Rajaram ChitraMandir: Vadgaon, Kolhapur",CINEMA004394,locality,West,Maharashtra,Kolhapur,,416112
N,Rajhans Cinemas: Navsari,CINEMA004395,locality,West,Gujarat,Navsari,,
N,"RR Cinema Omaxe Gurugram Mall, Sector 49, Gurugram",CINEMA004396,locality,North,Haryana,Gurugram,,122018
N,Sangam Digital 2K Theatre Dolby 7.1: Mysuru,CINEMA004397,locality,South,Karnataka,Mysuru,,
N,Sangeet Cineplex: Bhopal,CINEMA004398,locality,Central,Madhya Pradesh,Bhopal,,462003
N,"Santhi Cinemas A/C 4K Dolby Atmos, Pudukkottai",CINEMA004399,locality,South,Tamil Nadu,Pudukkottai,,622001
N,Santosh Theatre: Belagavi,CINEMA004400,locality,South,Karnataka,Belagavi,,
N,Saraswathi Picture Palace: Hospet,CINEMA004401,locality,South,Karnataka,Hospet,,
N,Shahu Cinema: Kolhapur,CINEMA004402,locality,West,Maharashtra,Kolhapur,,416002
N,"Shree Cineplex, Patan Chhattisgarh",CINEMA004403,locality,West,Gujarat,Patan,,
N,Shree Cineplex: Patan,CINEMA004404,locality,West,Gujarat,Patan,,491111
N,Sree Uma Max 2k Dolby Atmos: Pathapatnam,CINEMA004405,locality,South,Andhra Pradesh,Pathapatnam,,
N,"Sri Durga Picture Palace, Bonakal",CINEMA004406,locality,South,Telangana,Bonakal,,
N,"Sri Hari Theatre A/C 2K, Waevers Colony, Dharmapuri",CINEMA004407,locality,South,Tamil Nadu,Dharmapuri,,636701
N,Sri Satya Bhaskara Picture Palace: Manuguru,CINEMA004408,locality,South,Telangana,Manuguru,,
N,"Sri Venkateswara Talkies, Shivaji Nagar, Kasibugga",CINEMA004409,locality,South,Andhra Pradesh,Kasibugga,,532221
N,"SSR Cinemas, Suncity Mall: Barasat",CINEMA004410,locality,East,West Bengal,Barasat,,700124
N,"SVF Cinemas : Kalyani's Multiplex, Raiganj",CINEMA004411,locality,East,West Bengal,Kalyani,,733134
N,"SVF Cinemas: City Centre Mall, Haldia",CINEMA004412,locality,South,Telangana,Mall,,
N,Trinity Movie Max: Pathanamthitta,CINEMA004413,locality,South,Kerala,Pathanamthitta,,689645
N,Vetri Cinemas Dolby Atmos: Theni,CINEMA004414,locality,South,Tamil Nadu,Theni,,
N,"Vijay Cinema: Patan, Gujarat",CINEMA004415,locality,West,Gujarat,Patan,,
N,"Valluvar Cinemas A/C, Palani",CINEMA004416,locality,South,Tamil Nadu,Palani,,624601
N,INDIRA CINEMAS A/C DOLBY 7.1: MANAPPARAI,CINEMA004417,locality,South,Tamil Nadu,Manapparai,,
N,"Lakshmi Theatre 4K A/C, Arani Road, Arcot",CINEMA004418,locality,South,Tamil Nadu,Arani,,
N,"Keerthi Cinemas Dolby Atmos 4K A/C, Vinukonda",CINEMA004419,locality,South,Andhra Pradesh,Vinukonda,,522647
N,Maa Vaishno Cineplex: Dalsingsarai,CINEMA004420,locality,East,Bihar,Dalsingsarai,,848114
N,Aashirvad Cineplexx: Kozhikode,CINEMA004421,locality,South,Kerala,Kozhikode,,673004
N,"Abhinay Theatre 2K Cinema, Gandhinagar, Bangalore",CINEMA004422,locality,West,Gujarat,Gandhinagar,,560053
N,Abhinay Theatre 4K A/C: Gandhinagar,CINEMA004423,locality,West,Gujarat,Gandhinagar,,
N,Amar Cinema: Miraj,CINEMA004424,locality,West,Maharashtra,Miraj,,416410
N,Ambica Theaters 2K A/c DTS: Mandapeta,CINEMA004425,locality,South,Andhra Pradesh,Mandapeta,,
N,"Ambica Theatres 2K A/C DTS, Mandapeta",CINEMA004426,locality,South,Andhra Pradesh,Mandapeta,,533308
N,Anna Theatre A/C: Erode,CINEMA004427,locality,South,Tamil Nadu,Erode,,638011
N,Annapurna Theatre AC DTS 2K: Tatipaka,CINEMA004428,locality,South,Andhra Pradesh,Tatipaka,,533249
N,Anupam Cineplex: Kichha,CINEMA004429,locality,North,Uttarakhand,Kichha,,
N,Anurag Cinema: Shoranur,CINEMA004430,locality,South,Kerala,Shoranur,,
N,"APA Cinemas 4K Dolby Atmos 64 Channel A/C, Kinathukadavu, Coimbatore",CINEMA004431,locality,South,Tamil Nadu,Kinathukadavu,,642109
N,Ashok Theatre: Pimpri,CINEMA004432,locality,West,Maharashtra,Pimpri,,
N,Asian Srinivasa: Khammam,CINEMA004433,locality,South,Telangana,Khammam,,507001
N,Avatansa Cinemas 2K Laser 7.1: Bihar,CINEMA004434,locality,East,Bihar,Patna,,
N,B18 Cinemas (Bhutani Cineplex) City Center GZB,CINEMA004435,locality,North,Uttar Pradesh,Ghaziabad,,201007
N,"Balaji Picture Palace, Bellampally",CINEMA004436,locality,South,Telangana,Bellampally,,504251
N,Bharathi Theatre (Peenya) A/C 4K 7.1 Dolby Digital,CINEMA004437,locality,South,Karnataka,Bengaluru,,
N,"Bhoomika Theatre 2K, Majestic, Bengaluru",CINEMA004438,locality,South,Karnataka,Bengaluru,,560009
N,Biswadeep Talkies: Siliguri,CINEMA004439,locality,East,West Bengal,Siliguri,,734003
N,Broadway Cinemas: Coimbatore,CINEMA004440,locality,South,Tamil Nadu,Coimbatore,,641014
N,Century City Cinema: Mandi Dabwali,CINEMA004441,locality,North,Haryana,Mandi Dabwali,,151401
N,Chandra Talkies: Muzaffarnagar,CINEMA004442,locality,North,Uttar Pradesh,Muzaffarnagar,,
N,"Cinepolis Acropolis Mall, Rajdanga Road, Kolkata",CINEMA004443,locality,East,West Bengal,Kolkata,,
N,"Cinepolis MOT, Eanchakkal, Thiruvananthapuram",CINEMA004444,locality,South,Kerala,Thiruvananthapuram,,695024
N,City Cinema: Janjgir Naila,CINEMA004445,locality,Central,Chhattisgarh,Janjgir,,495668
N,City Gold Satellite: Ahmedabad,CINEMA004446,locality,West,Gujarat,Ahmedabad,,380015
N,"City Pride Cinema, Barhi Road, Katni",CINEMA004447,locality,Central,Madhya Pradesh,Katni,,
N,Climax Cinema: Gondal,CINEMA004448,locality,West,Gujarat,Gondal,,
N,Cosmo Cinemas PEELAMEDU AC 4K RGB Lase:Coimbatore,CINEMA004449,locality,South,Tamil Nadu,Coimbatore,,
N,"Cosmo Cinemas: NARASIMANAIKEN PALAYAM, AC 4k ATMOS",CINEMA004450,locality,South,Tamil Nadu,Coimbatore,,641031
N,"Delhi: PVR Director`s Cut, Ambience Mall",CINEMA004451,locality,North,Delhi,Delhi,,110070
N,Delite Big Screen Cinema: Kanpur,CINEMA004452,locality,North,Uttar Pradesh,Kanpur,,
N,"Dheivam Theatre A/C Dolby Digital 7 .1, Srivilliputur",CINEMA004453,locality,South,Tamil Nadu,Srivilliputur,,626125
N,"Dhishoom Cinemas, City Mall: Budaun",CINEMA004454,locality,North,Uttar Pradesh,Budaun,,243601
N,Diamond Cinema: Goalpara,CINEMA004455,locality,North East,Assam,Goalpara,,783101
N,Dimple Cineplex: Yamuna Nagar,CINEMA004456,locality,North,Haryana,Yamuna Nagar,,
N,Galaxy Cinema: Nawapara,CINEMA004457,locality,Central,Chhattisgarh,Nawapara,,493881
N,Ganesh Theatre: Yelahanka,CINEMA004458,locality,South,Karnataka,Bengaluru,,
N,"Gold Cinema City Mall, City Mall, Gondia",CINEMA004459,locality,West,Maharashtra,Gondia,,441601
N,"Gold Cinema, Modi City Centre, Beawar",CINEMA004460,locality,North,Rajasthan,Beawar,,
N,"Gold Cinema: City Plaza, Bani Park (Newly Opened)",CINEMA004461,locality,North,Rajasthan,Jaipur,,
N,Gold Cinema: Dausa,CINEMA004462,locality,North,Rajasthan,Dausa,,
N,Goverdhan Theatre: Yeshwantpur,CINEMA004463,locality,South,Karnataka,Bengaluru,,560022
N,Grand Cinemaz@Choudhry Mall,CINEMA004464,locality,South,Telangana,Mall,,201001
N,Gunjan Geet Cinema: Vapi,CINEMA004465,locality,West,Gujarat,Vapi,,
N,"Harkishan Multiplex, Jalalabad",CINEMA004466,locality,North,Punjab,Jalalabad,,152024
N,"INOX Laila Mall, M.G Road, Vijayawada",CINEMA004467,locality,South,Andhra Pradesh,Vijayawada,,520002
N,J C Picture Palace: Budaun,CINEMA004468,locality,North,Uttar Pradesh,Budaun,,
N,Jayabharath Theatre: Vadakkencherry,CINEMA004469,locality,South,Kerala,Vadakkencherry,,
N,K Sera Sera Miniplex: Durg,CINEMA004470,locality,Central,Chhattisgarh,Durg,,
N,Kavitha Cinemas 4K Dolby Atmos: K.G. Chavadi,CINEMA004471,locality,South,Tamil Nadu,Coimbatore,,641105
N,Krithika Cinemas A/C 4K Dolby : Coimbatore,CINEMA004472,locality,South,Tamil Nadu,Coimbatore,,641025
N,Loop Cinemas Homeland City: Vesu,CINEMA004473,locality,West,Gujarat,Surat,,
N,Mariyappa Theatre: Chidambaram,CINEMA004474,locality,South,Tamil Nadu,Chidambaram,,
N,Maruthi Cinemas - SS Cinemaz 4K: Mananthavady,CINEMA004475,locality,South,Kerala,Mananthavady,,670645
N,Meenambiga Cinemas A/C 2K DOLBY ATMOS: Somanur,CINEMA004476,locality,South,Tamil Nadu,Somanur,,641668
N,"Metro Theatre 70MM, Bahadurpura, Hyderabad",CINEMA004477,locality,South,Telangana,Hyderabad,,500064
N,"Miraj Cinemas : Cineraj, Panvel (Newly Renovated)",CINEMA004478,locality,West,Maharashtra,Panvel,,410206
N,"Miraj Cinemas : IMAX, Wadala",CINEMA004479,locality,West,Maharashtra,Mumbai,,400037
N,"Miraj Cinemas : KLJ Square, Gurugram",CINEMA004480,locality,North,Haryana,Gurugram,,122012
N,"Miraj Cinemas: KLJ Square, Gurugram",CINEMA004481,locality,North,Haryana,Gurugram,,
N,"Movietime Cinemas, Raghunath City Mall, Haridwar",CINEMA004482,locality,North,Uttarakhand,Haridwar,,249402
N,"Movietime Cinemas, Ratan Elegance Mall, Kanpur",CINEMA004483,locality,North,Uttar Pradesh,Kanpur,,208003
N,"Movietime Cinemas, Ratan Himanchal Mall, Kanpur",CINEMA004484,locality,North,Uttar Pradesh,Kanpur,,208012
N,"Movietime Cinemas: Raghunath City Mall, Haridwar",CINEMA004485,locality,North,Uttarakhand,Haridwar,,
N,"Movietime Cinemas: Ratan Elegance, Kanpur",CINEMA004486,locality,North,Uttar Pradesh,Kanpur,,
N,"Movietime Cinemas: Ratan Himachal Mall, Kanpur",CINEMA004487,locality,North,Uttar Pradesh,Kanpur,,208012
N,"Muruga Theatre A/C 7.1 DTS, Vadalur",CINEMA004488,locality,South,Tamil Nadu,Vadalur,,607303
N,Murugan Cinemas A/C 4K Atmos: Thudiyalur,CINEMA004489,locality,South,Tamil Nadu,Coimbatore,,
N,"Navrang Cineplex, General Ganj, Kanpur",CINEMA004490,locality,North,Uttar Pradesh,Kanpur,,
N,Navrang Theatre: Rajaji Nagar,CINEMA004491,locality,South,Karnataka,Bengaluru,,560010
N,Neelam Nova Cinemaz: Moga,CINEMA004492,locality,North,Punjab,Moga,,
N,New Bijoli Cinema: Diamond Harbour,CINEMA004493,locality,East,West Bengal,Diamond Harbour,,
N,"Newfangled Miniplex (Twin Seat), MG Road, Bengaluru",CINEMA004494,locality,South,Karnataka,Bengaluru,,560001
N,Newfangled Miniplex (TWIN SEATED): MG Road,CINEMA004495,locality,South,Karnataka,Bengaluru,,560001
N,Nexus Cinema: Morbi,CINEMA004496,locality,West,Gujarat,Morbi,,363641
N,Panchvati Cinema: Ichalkaranji,CINEMA004497,locality,West,Maharashtra,Ichalkaranji,,
N,Prakash Theatre: Yelahanka,CINEMA004498,locality,South,Karnataka,Bengaluru,,560064
N,"President Cinemas, Adarsh Nagar, Dasuya",CINEMA004499,locality,North,Punjab,Dasuya,,
N,"PVR Arved Transcube, Vijay Nagar, Ahmedabad",CINEMA004500,locality,North,Rajasthan,Vijay Nagar,,
N,"PVR Naraina, Community Centre, New Delhi",CINEMA004501,locality,North,Delhi,New Delhi,,
N,"PVR Pacific, Subhash Nagar, New Delhi",CINEMA004502,locality,North,Delhi,Delhi,,110018
N,"PVR: Arved Transcube, Ahmedabad",CINEMA004503,locality,West,Gujarat,Ahmedabad,,
N,"PVR: City Centre IT Park, Chandigarh",CINEMA004504,locality,North,Chandigarh,Chandigarh,,160101
N,Quality Starworld: Padrauna,CINEMA004505,locality,North,Uttar Pradesh,Padrauna,,
N,Rajeev Cinema: Agra,CINEMA004506,locality,North,Uttar Pradesh,Agra,,282010
N,"Rajhans Cinemas, Beside Punjab National Bank, Panchkula",CINEMA004507,locality,North,Haryana,Panchkula,,
N,"Rajhans Cinemas: City Center Mall, Bharuch",CINEMA004508,locality,West,Gujarat,Bharuch,,
N,Robin Theater 4K Dolby Atmos: Kengeri Upanagara,CINEMA004509,locality,South,Karnataka,Bengaluru,,
N,Sai Balaji Theater A/c 70 MM Dolby Atmos: Markapur,CINEMA004510,locality,South,Andhra Pradesh,Markapur,,
N,Sangam Cineplex: Bhopal,CINEMA004511,locality,Central,Madhya Pradesh,Bhopal,,462001
N,"Sanjay Cineplex 2K Dolby Atmos, Banjariya Janpurl Chowk, Motihari",CINEMA004512,locality,East,Bihar,Motihari,,845401
N,"Saptha Tharang Cinema, City Central Mall, Koottanad",CINEMA004513,locality,South,Telangana,Mall,,679533
N,Savitha Theatre:2K Dolby A/C Malleshwaram,CINEMA004514,locality,South,Karnataka,Bengaluru,,
N,Shanthi Cinemas: Payyanur,CINEMA004515,locality,South,Kerala,Payyanur,,670307
N,"Shyam Talkies (2K Laser, 5.1 Dolby): Raipur",CINEMA004516,locality,Central,Chhattisgarh,Raipur,,
N,Sree Padmanabha Theatre (Screen 2): East Fort,CINEMA004517,locality,South,Kerala,Thiruvananthapuram,,695036
N,Sri Bala Balaji Chitra Mandir: P.Gannavaram,CINEMA004518,locality,South,Andhra Pradesh,P.gannavaram,,
N,Sri Nandeeshwara Theatre: Jigani,CINEMA004519,locality,South,Karnataka,Bengaluru,,560105
N,Sri Narayani Theatre 2K A/C DOLBY ATMOS: Kolar,CINEMA004520,locality,South,Karnataka,Kolar,,563101
N,"Sri Padma Theatre A/C 2K Dolby, Jangareddygudem",CINEMA004521,locality,South,Andhra Pradesh,Jangareddygudem,,534447
N,Sri Padmalaya Cine Complex A/C 2K: Bhimavaram,CINEMA004522,locality,South,Andhra Pradesh,Bhimavaram,,
N,"Sri Padmalaya Cine Complex, Balusumoodi, Bhimavaram",CINEMA004523,locality,South,Andhra Pradesh,Bhimavaram,,534202
N,"Sri Radhakrishna Theatre, 4K Dolby Atmos: RT Nagar",CINEMA004524,locality,South,Karnataka,Bengaluru,,
N,"Sri Rajmurali Theatre: Sahakar Nagar, Kodigehalli",CINEMA004525,locality,South,Karnataka,Bengaluru,,
N,Sri Sakthi Kalpana Cinemas: Kavundampalayam,CINEMA004526,locality,South,Tamil Nadu,Coimbatore,,
N,"Sri Satya Gowri Theatre, Gandhi Nagar, Anaparthi",CINEMA004527,locality,South,Andhra Pradesh,Anaparthi,,
N,Sri Sowdambigai Talkies: Jalakandapuram,CINEMA004528,locality,South,Tamil Nadu,Jalakandapuram,,636501
N,Sri Vijayalakshmi Cine Complex: Bhimavaram,CINEMA004529,locality,South,Andhra Pradesh,Bhimavaram,,
N,"Sri Vijaylakshmi Cine Complex, Narasimhapuram, Bhimavaram",CINEMA004530,locality,South,Andhra Pradesh,Bhimavaram,,
N,"Sri Vinayaga Cinemas A/C, Thennampalayam Road, Annur",CINEMA004531,locality,South,Tamil Nadu,Annur,,641653
N,SRM Cine Entertainment: Dhamtari,CINEMA004532,locality,Central,Chhattisgarh,Dhamtari,,
N,"SRS Cinemas: City Mall, Lucknow",CINEMA004533,locality,North,Uttar Pradesh,Lucknow,,
N,"Studio 81 Cinemas: 4K Laser Dolby Atmos, Guntur",CINEMA004534,locality,South,Andhra Pradesh,Guntur,,
N,"SVC Apsara Picture Palace, Palakonda Road, Rajam",CINEMA004535,locality,South,Andhra Pradesh,Palakonda,,532127
N,The Cine Station: Silvassa,CINEMA004536,locality,West,Gujarat,Silvassa,,
N,"Time Cinemas, Time Square Mall, Hoshiarpur",CINEMA004537,locality,North,Punjab,Hoshiarpur,,146001
N,TNZ EPIC Cinemas: Naharlagun,CINEMA004538,locality,North East,Arunachal Pradesh,Naharlagun,,
N,Triveni Theatre A/C 3D 4K Dolby: Gandhinagar,CINEMA004539,locality,West,Gujarat,Gandhinagar,,560009
N,"V Mega Anand Cine Complex, National Highway 18, Kurnool",CINEMA004540,locality,South,Andhra Pradesh,Kurnool,,
N,Veechee Cinemas: Edacheri,CINEMA004541,locality,South,Kerala,Edacheri,,
N,"Veerabhadreshwara Theatre 4K Dolby 7.1, Kamalanagar",CINEMA004542,locality,South,Karnataka,Bengaluru,,
N,Veerabhadreshwara Theatre 4KDOLBY 7.1 Kamala Nagar,CINEMA004543,locality,South,Karnataka,Kamala Nagar,,560079
N,"Vijaya Cine Complex, Akividu, Akividu",CINEMA004544,locality,South,Andhra Pradesh,Akividu,,
N,Vishal Cinemaas: Pimpri,CINEMA004545,locality,West,Maharashtra,Pimpri,,411018
N,Vishal Talkies: Bulandshahr,CINEMA004546,locality,North,Uttar Pradesh,Bulandshahr,,203001
N,"Wave Cinemas, Raja Garden",CINEMA004547,locality,North,Delhi,Delhi,,
N,"AGS Krishnalaya 4K Dolby Atmos, Thirupapuliyur, Cuddalore",CINEMA004548,locality,South,Tamil Nadu,Cuddalore,,
N,"Thangam Cinemas A/C 4K 3D Dolby Atmos, Pollachi",CINEMA004549,locality,South,Tamil Nadu,Pollachi,,
N,PM Cinema (Surbhi-1): Sagwara,CINEMA004550,locality,North,Rajasthan,Sagwara,,
N,"Sri Venkateswara Mahal A/C DTS, Near Saibaba Temple, Rapur",CINEMA004551,locality,South,Andhra Pradesh,Rapur,,
N,Bharath Theatre A/C: Mydukur,CINEMA004552,locality,South,Andhra Pradesh,Mydukur,,
N,"Magic Frames Radha 4K 3D Dolby 7.1 Ultra Bass, SM Street, Calicut",CINEMA004553,locality,South,Kerala,Calicut,,
N,"G3 Theatres Raj Yuvraj, Gandhi Nagar, Vijayawada",CINEMA004554,locality,South,Andhra Pradesh,Vijayawada,,
N,"G3 Theatres: Raj Yuvraj, Vijayawada",CINEMA004555,locality,South,Andhra Pradesh,Vijayawada,,
N,Abhilash Theatre 4K RGB Laser 3D: Kottayam,CINEMA004556,locality,South,Kerala,Kottayam,,686001
N,Adarsh Chitra Mandir: Bhandara,CINEMA004557,locality,West,Maharashtra,Bhandara,,
N,"AEC Cinemas 4K ATMOS 360 Surround, Alappuzha",CINEMA004558,locality,South,Kerala,Alappuzha,,688011
N,ALLU Cinemas: Kokapet,CINEMA004559,locality,South,Telangana,Hyderabad,,500075
N,Amruth Digital 2K A/C Cinema: Lingarajapuram,CINEMA004560,locality,South,Karnataka,Bengaluru,,
N,Annapurna A/C 2K Dolby 7.1 : Ramachandrapuram,CINEMA004561,locality,South,Telangana,Ramachandrapuram,,
N,Ashoka Cinemas - Dolby Laser: Chikkabanavara,CINEMA004562,locality,South,Karnataka,Bengaluru,,560090
N,Bharath Cinemas: Karkala,CINEMA004563,locality,South,Karnataka,Karkala,,
N,"Bhaskar Cinemas, Guntur",CINEMA004564,locality,South,Andhra Pradesh,Guntur,,522001
N,Chandrodaya Cinemas 4K Dolby A/C:Vidyapeeta Circle,CINEMA004565,locality,South,Karnataka,Bengaluru,,
N,Cine Town Indra Nagendra: Karmanghat,CINEMA004566,locality,South,Telangana,Hyderabad,,500035
N,"Cinemunch Mplex MCR, Himmatnagar",CINEMA004567,locality,West,Gujarat,Himmatnagar,,383001
N,Cinemunch Mplex MCR: Himmatnagar,CINEMA004568,locality,West,Gujarat,Himmatnagar,,383001
N,"Cinepolis Nexus Esplanade, Rasulgarh, Bhubaneswar",CINEMA004569,locality,East,Odisha,Bhubaneswar,,751010
N,"Cinepolis: PVP Square Mall, Vijayawada",CINEMA004570,locality,South,Andhra Pradesh,Vijayawada,,520010
N,Divyajyoti Multiplex 2 (Dolby Atmos): Angul,CINEMA004571,locality,East,Odisha,Angul,,
N,Dreambig Jawahar CInemas: Kalady,CINEMA004572,locality,South,Kerala,Kalady,,683574
N,Dreams: Attingal,CINEMA004573,locality,South,Kerala,Attingal,,695104
N,"Fornaxx Cinemas: AIMS Mall, Chinsurah",CINEMA004574,locality,East,West Bengal,Chinsurah,,712101
N,"Fun Cinema Aradhana Cineplex, Jobanpura, Veraval",CINEMA004575,locality,West,Gujarat,Veraval,,362265
N,"G3 Theatres: Sri Vijayalakshmi, Johnpet PP Road, Kaikaluru",CINEMA004576,locality,South,Andhra Pradesh,Kaikaluru,,521001
N,Ganesh Theatre Laser Projection: Tiptur,CINEMA004577,locality,South,Karnataka,Tiptur,,
N,Gopalan Cinemas: Bannerghatta Road,CINEMA004578,locality,South,Karnataka,Bengaluru,,
N,"Grand Cinemaz@Choudhary Mall, Ghaziabad",CINEMA004579,locality,North,Uttar Pradesh,Ghaziabad,,
N,GTracks Screen 1- Sony 4K: Kadinamkulam,CINEMA004580,locality,South,Kerala,Kadinamkulam,,695303
N,IMP Big Screen RGB Laser 3D ATMOS: Padanthalumoodu,CINEMA004581,locality,South,Tamil Nadu,Padanthalumoodu,,695502
N,Indra Venkataramana Padmavati Cinema: Kachiguda,CINEMA004582,locality,South,Telangana,Hyderabad,,
N,JM Cinemas 7.1 Dolby (Pradeep Theatre): Kamalapura,CINEMA004583,locality,South,Karnataka,Kamalapura,,
N,JP Cinemas: Chandanagar,CINEMA004584,locality,South,Telangana,Hyderabad,,
N,Kairali Sree Nila RGB Laser 4K Dolby Atmos,CINEMA004585,locality,South,Kerala,Kairali Sree Nila,,695001
N,"Kamakhya 4K Dolby Atmos 3D A/C Cinema, Banashankari, Bengaluru",CINEMA004586,locality,South,Karnataka,Bengaluru,,
N,Kamakya 4K Dolby Atmos 3D A/C Cinema: Banashankari,CINEMA004587,locality,South,Karnataka,Bengaluru,,560070
N,"Kino Cinemas: Seegehalli Kadugodi, Bengaluru",CINEMA004588,locality,South,Karnataka,Bengaluru,,560115
N,"Krishna Cinemas Full A/C Dolby 7.1 3D, Tiruchendur",CINEMA004589,locality,South,Andhra Pradesh,Krishna,,628215
N,Krishna Metro Cinema: Sakti,CINEMA004590,locality,South,Andhra Pradesh,Krishna,,
N,"Lakshmi Narasimha Delux Theatre, Arundelpet, Narasaraopeta",CINEMA004591,locality,South,Andhra Pradesh,Narasaraopeta,,522601
N,Mahadeshwara Cinema 4K Dolby ATMOS AC Banashankari,CINEMA004592,locality,South,Karnataka,Bengaluru,,
N,Maruthi Cinemas 4K AC Dolby 7.1: RajgopalNagar,CINEMA004593,locality,South,Karnataka,Bengaluru,,560058
N,Meera Chitra Mandir: Hardoi,CINEMA004594,locality,North,Uttar Pradesh,Hardoi,,241001
N,Metro Cinema: Bahadurpura,CINEMA004595,locality,South,Telangana,Hyderabad,,
N,"Movietime Cinemas SKY Mall, Erragadda X Road, Hyderabad",CINEMA004596,locality,South,Telangana,Hyderabad,,
N,"Movietime Cinemas YGR Signature Mall, RR Nagar, Bengaluru",CINEMA004597,locality,South,Karnataka,Bengaluru,,560098
N,"Movietime Cinemas: SKY Mall, Erragadda X Road",CINEMA004598,locality,South,Telangana,Mall,,
N,"Movietime Cinemas: YGR Signature Mall, RR Nagar",CINEMA004599,locality,South,Telangana,Mall,,560098
N,Murali Cinemas(Gokula)4K Dolby7.1 A/C 3D:Mathikere,CINEMA004600,locality,South,Karnataka,Bengaluru,,
N,Nasrani Cinema: Jodhpur,CINEMA004601,locality,North,Rajasthan,Jodhpur,,342003
N,"Novelty Cinema: Dolby Atmos Laser 4K, Aliganj",CINEMA004602,locality,North,Uttar Pradesh,Aliganj,,
N,Padma Picture Palace A/C 4K Dolby Atmos: Renigunta,CINEMA004603,locality,South,Andhra Pradesh,Renigunta,,517520
N,Prasanna Digital 4K Cinema: Magadi Road,CINEMA004604,locality,South,Karnataka,Bengaluru,,
N,Prashant Cinema: Secunderabad (Newly Renovated),CINEMA004605,locality,South,Telangana,Secunderabad,,500003
N,"Radha Krishna Cine Theatre (Newly Renovated), Penumuru",CINEMA004606,locality,South,Andhra Pradesh,Krishna,,517126
N,Radhakrishna Talkies: Chandrapur,CINEMA004607,locality,West,Maharashtra,Chandrapur,,
N,Raiban Cine House: Alleppey,CINEMA004608,locality,South,Kerala,Alleppey,,688001
N,Raj Chitramandir: Chalisgaon,CINEMA004609,locality,West,Maharashtra,Chalisgaon,,
N,Rajagopal A/C 2K Laser Dolby 7.1: Ramachandrapuram,CINEMA004610,locality,South,Telangana,Ramachandrapuram,,
N,Rani Talkies 4K DOLBY ATMOS Nedumangadu,CINEMA004611,locality,South,Kerala,Thiruvananthapuram,,695561
N,"RED Corner Cinema, Opp. Krishna Petrol Pump, Amreli",CINEMA004612,locality,South,Andhra Pradesh,Krishna,,
N,Rocky`s: Varkala,CINEMA004613,locality,South,Kerala,Varkala,,
N,"ROONGTA CINEMAS: ASJ Grand Plaza, Muzaffarnagar",CINEMA004614,locality,North,Uttar Pradesh,Muzaffarnagar,,251002
N,Roongta Vinay Cinemas: Gandhidham,CINEMA004615,locality,West,Gujarat,Gandhidham,,370205
N,"Roopa Cinema 4K Dolby Atmos 3D A/C, Nelamangala, Bengaluru",CINEMA004616,locality,South,Karnataka,Bengaluru,,562123
N,"Sai Balaji Complex, Near Gopala Krishna Theatre, Eluru",CINEMA004617,locality,South,Andhra Pradesh,Krishna,,534001
N,Sangam Theatre: Dharwad,CINEMA004618,locality,South,Karnataka,Dharwad,,580001
N,Sania Cinemas: Eramalloor,CINEMA004619,locality,South,Kerala,Eramalloor,,
N,Sharada Cinemas A/C Laser Projector DTS Sound,CINEMA004620,locality,South,Karnataka,Mangaluru,,
N,"Sharada Cinemas A/C, S.P Road, Bengaluru",CINEMA004621,locality,South,Karnataka,Bengaluru,,
N,Shubham Cinema: Lucknow,CINEMA004622,locality,North,Uttar Pradesh,Lucknow,,
N,Siddeshwara 4K Dolby Atmos 3D 7.1 Cinema: JP Nagar,CINEMA004623,locality,South,Karnataka,Bengaluru,,
N,Sree Kaleeswary Sree Saraswathy 2K-3D: Kaliyikkav,CINEMA004624,locality,South,Kerala,Kaliyikkav,,695502
N,Sri Hari Theatre Dolby Atmos: Pattabiram,CINEMA004625,locality,South,Tamil Nadu,Chennai,,
N,Sri Kalidas M Plex 4K RGB Laser Atmos: Kattakkada,CINEMA004626,locality,South,Kerala,Kattakkada,,
N,Sri Krishna Cinema: Ghoshpara,CINEMA004627,locality,South,Andhra Pradesh,Krishna,,
N,"Sri Lakshmi Kalamandir 70MM A/C, Alwal, Hyderabad",CINEMA004628,locality,South,Telangana,Hyderabad,,500015
N,Sri Lakshmi Talkies A/c 2K Dolby: Jangareddy Gudem,CINEMA004629,locality,South,Andhra Pradesh,Jangareddy Gudem,,
N,"Sri Rama & Sri Krishna Cinemas, Nandikotkur",CINEMA004630,locality,South,Andhra Pradesh,Nandikotkur,,
N,"Sri Rama Krishna Theatre, Undavalli",CINEMA004631,locality,South,Andhra Pradesh,Krishna,,522501
N,Sri Sai Krishna 2K (Anusri Cinemas): Rajahmundry,CINEMA004632,locality,South,Andhra Pradesh,Rajahmundry,,
N,Sri Saraswathi Mahal 2K Dolby Atmos: Srikakulam,CINEMA004633,locality,South,Andhra Pradesh,Srikakulam,,532001
N,"Sri Satya Theatre 7.1 Dolby, Pithapuram",CINEMA004634,locality,South,Andhra Pradesh,Pithapuram,,
N,Sri Satyalaxmi Theatre: Achampet,CINEMA004635,locality,South,Telangana,Achampet,,
N,SRI SHANMUGAM THEATRE (RG CINEMAS)4K DOLBY ATMOS,CINEMA004636,locality,South,Tamil Nadu,Sri Shanmugam,,
N,"Sri Tirumala Theatre 2K A/C DTS, Kakinada",CINEMA004637,locality,South,Andhra Pradesh,Kakinada,,533001
N,"Sri Vajreshwari Cinemas AC 4K Dolby Atmos, Ullal, Bengaluru",CINEMA004638,locality,South,Karnataka,Bengaluru,,560110
N,"Srinivasa Cinema 4K Dolby Atmos, SG Palya, Bengaluru",CINEMA004639,locality,South,Karnataka,Bengaluru,,560029
N,Star Multiplex: Jalgaon,CINEMA004640,locality,West,Maharashtra,Jalgaon,,
N,"Suriya Kalamandir, Near Durga Petrol Bunk, Nekkonda",CINEMA004641,locality,South,Telangana,Nekkonda,,509302
N,"SVC Sri Seetharama Twin Theatre, Sai Krishna Nagar, Rajam",CINEMA004642,locality,South,Andhra Pradesh,Krishna,,
N,Swagath ShankarNag (ONYX) LED Cinema: MG Road,CINEMA004643,locality,South,Karnataka,Bengaluru,,
N,"Thailammai Cinemas A/C 4K Dolby Atmos, KTR Nagar, Thiruvarur",CINEMA004644,locality,South,Tamil Nadu,Thiruvarur,,
N,Veeresh Cinemas: Magadi Road,CINEMA004645,locality,South,Karnataka,Bengaluru,,
N,"Venkateshwara Cinemas 2K, A/C Screen2: Gollarahati",CINEMA004646,locality,South,Karnataka,Bengaluru,,
N,Venkateswara Theater(Anusri Cinemas): Pithapuram,CINEMA004647,locality,South,Andhra Pradesh,Pithapuram,,
N,"Venkateswara Theatre (Fully Renovated), Miryalaguda",CINEMA004648,locality,South,Telangana,Miryalaguda,,508207
N,"Venkateswara Theatre, Vaddi Palem, Kavali",CINEMA004649,locality,South,Andhra Pradesh,Kavali,,524201
N,Venkateswara Theatre: Mahbubnagar,CINEMA004650,locality,South,Telangana,Mahbubnagar,,
N,Victory Cinema Barco-4K RGB-Laser: Kamakshipalya,CINEMA004651,locality,South,Karnataka,Bengaluru,,
N,Vijay Theatre Barco 4K Dolby 7.1: Dindigul,CINEMA004652,locality,South,Tamil Nadu,Dindigul,,624003
N,VR Cinemas 4K A/C 7.1 Dolby Atmos: Mallathalli,CINEMA004653,locality,South,Karnataka,Bengaluru,,560056
N,Sri Lakshmi A/C 4K Projection: Rammurthy Nagar,CINEMA004654,locality,South,Karnataka,Bengaluru,,
N,Hollywood Bollywood Theaters: Guntur,CINEMA004655,locality,South,Andhra Pradesh,Guntur,,
N,"Rajhans Cinemas, R Square Mall, Vapi",CINEMA004656,locality,West,Gujarat,Vapi,,396191
N,"Rajhans Cinemas, R Square Mall: Vapi",CINEMA004657,locality,West,Gujarat,Vapi,,396191
N,SKS Siva Max A/C: Sompeta,CINEMA004658,locality,South,Andhra Pradesh,Sompeta,,532284
N,Kameswari & Kinnera AC Laser 4K Maddilapalem:Vizag,CINEMA004659,locality,South,Andhra Pradesh,Vizag,,530013
N,"K3K Sangam, Gudur, Nellore",CINEMA004660,locality,South,Andhra Pradesh,Nellore,,524101
N,"Murugan Cinemas PLF 4K, Ambattur, Chennai",CINEMA004661,locality,South,Tamil Nadu,Chennai,,600053
N,"Aaradhya Cinema: Sawantwadi, Zarap",CINEMA004662,locality,West,Maharashtra,Sawantwadi,,
N,Alankar Theatre: Maduranthakam,CINEMA004663,locality,South,Tamil Nadu,Maduranthakam,,603306
N,"Albert Theatre, Egmore, Chennai",CINEMA004664,locality,South,Tamil Nadu,Chennai,,
N,Amirtharaj Theatre A/C 2K Dolby 7.1: Virudhunagar,CINEMA004665,locality,South,Tamil Nadu,Virudhunagar,,
N,"Amrutha Cinema, Enugulagadda, Warangal",CINEMA004666,locality,South,Telangana,Warangal,,506011
N,Amrutha Cinema: Hanumakonda,CINEMA004667,locality,South,Telangana,Hanumakonda,,
N,Anand Theatre Madhuranthagam RGB LASER 4k,CINEMA004668,locality,West,Gujarat,Anand,,
N,Anjali Ratnadeep Cinema:Chhatrapati SambhajiNagar,CINEMA004669,locality,West,Maharashtra,Chhatrapati Sambhajinagar,,
N,Apsara Theatre A/C 7.1 Surround System,CINEMA004670,locality,West,Maharashtra,Mumbai,,
N,"Bavana Movies Laser Dolby Atmos, Near New Bus Stand, Kunnamkulam",CINEMA004671,locality,South,Kerala,Kunnamkulam,,
N,"Bharath Theatre 4K RGB Laser Dolby Atmos, Washermenpet, Chennai",CINEMA004672,locality,South,Tamil Nadu,Chennai,,
N,Broadway Cinemas: Tirupur,CINEMA004673,locality,South,Tamil Nadu,Tirupur,,641601
N,"Chand V Sreerama Movies, Pudukkad, Amballur",CINEMA004674,locality,South,Kerala,Amballur,,
N,Chandrahas Talkies: Gangavati,CINEMA004675,locality,South,Karnataka,Gangavati,,
N,"Cinepolis Pacific NSP2, Pitampura, New Delhi",CINEMA004676,locality,North,Delhi,New Delhi,,110034
N,"Cineport Cinemas, Gurgaon",CINEMA004677,locality,North,Haryana,Gurgaon,,122012
N,City Pride: Katni,CINEMA004678,locality,Central,Madhya Pradesh,Katni,,
N,City Shivadam RGB 4K Laser 3D: Kodakara,CINEMA004679,locality,South,Kerala,Kodakara,,
N,Coconut Cinema DR World Parvat Patiya: Surat,CINEMA004680,locality,West,Gujarat,Surat,,
N,"CSR Cinema, CSR Building, Jind",CINEMA004681,locality,North,Haryana,Jind,,
N,"Galleria Cinemas: ATC Mall, Tinsukia",CINEMA004682,locality,North East,Assam,Tinsukia,,
N,Gandhi Cinema: Surat,CINEMA004683,locality,West,Gujarat,Surat,,395007
N,Gmax Cinemas Jerome 3D 7.1 JBL: Kollam,CINEMA004684,locality,South,Kerala,Kollam,,
N,Gopika Cinema: Seoni,CINEMA004685,locality,Central,Madhya Pradesh,Seoni,,
N,Harihar Cinemas: Guntur,CINEMA004686,locality,South,Andhra Pradesh,Guntur,,
N,"Jayalakshmi Theatre, Chennai Highway, Edlapadu",CINEMA004687,locality,South,Andhra Pradesh,Edlapadu,,
N,"Kalpaka Theatre, Kondotty",CINEMA004688,locality,South,Kerala,Kondotty,,673638
N,Kalpana Cine World: Sonari,CINEMA004689,locality,North East,Assam,Sonari,,
N,"Karpagam Sri Karunambika Cinemas A/C 4K Dolby Atmos, Avinashi, Tiruppur",CINEMA004690,locality,South,Tamil Nadu,Tiruppur,,
N,Krishna A/C 2K Dolby 7.1Karunagappally,CINEMA004691,locality,South,Kerala,Karunagappally,,
N,Kumaran Theatre PROVA 4K DOLBY ATMOS: Madipakkam,CINEMA004692,locality,South,Tamil Nadu,Chennai,,
N,"Laxmi Cineplex, Rampur Road, Haldwani",CINEMA004693,locality,North,Uttarakhand,Haldwani,,
N,Laxmi Cineplex: Haldwani,CINEMA004694,locality,North,Uttarakhand,Haldwani,,
N,Laxmi Cineplex: Narayangaon,CINEMA004695,locality,West,Maharashtra,Narayangaon,,410504
N,Laxmi Tara Cinema: Nagaur,CINEMA004696,locality,North,Rajasthan,Nagaur,,341001
N,Madhuram Multiplex: Surat,CINEMA004697,locality,West,Gujarat,Surat,,394210
N,"Maruthi Movie Max, Srikakulam",CINEMA004698,locality,South,Andhra Pradesh,Srikakulam,,532001
N,Meenakshi theatre A/C 7.1 Surround: Thirumangalam,CINEMA004699,locality,South,Tamil Nadu,Thirumangalam,,625706
N,"Miraj Cinemas : Alark Square, Bhopal",CINEMA004700,locality,Central,Madhya Pradesh,Bhopal,,
N,Mohiuddin Talkies: Gangavati,CINEMA004701,locality,South,Karnataka,Gangavati,,
N,MSP Theatre(VBL Theatre) A/C 7.1: Andipatti,CINEMA004702,locality,South,Tamil Nadu,Andipatti,,
N,MVM MARUDHU MODERN THEATER A/C 2K 3D,CINEMA004703,locality,South,Tamil Nadu,Madurai,,
N,New Bombay Cinemas 2K 7.1: Kadayam,CINEMA004704,locality,South,Tamil Nadu,Kadayam,,
N,"Nirmal Cineplex, Daba Road, Ludhiana",CINEMA004705,locality,North,Punjab,Ludhiana,,
N,Nirmal Theatre: Belagavi,CINEMA004706,locality,South,Karnataka,Belagavi,,
N,Nishat Cinema: Grant Road,CINEMA004707,locality,West,Maharashtra,Grant Road,,400008
N,Noor Hits Kiran Cinema: Tonk,CINEMA004708,locality,North,Rajasthan,Tonk,,304001
N,Nova Cinemaz: Doraha,CINEMA004709,locality,North,Punjab,Doraha,,
N,Odiyan Mani Theatre 2k A/c Dolby: Thiruvottiyur,CINEMA004710,locality,South,Tamil Nadu,Chennai,,
N,Opera Cinema: Unique Resort & Lifestyle,CINEMA004711,locality,West,Maharashtra,Pune,,
N,Palani Cinemas A/C 7.1 Dolby Digital: Tirupati,CINEMA004712,locality,South,Andhra Pradesh,Tirupati,,
N,Partha Movie Houses 4K ATMOS,CINEMA004713,locality,South,Tamil Nadu,Chennai,,691004
N,"Radhakrishna Talkies, Civil Lines, Chandrapur",CINEMA004714,locality,West,Maharashtra,Chandrapur,,
N,"Rajhans Cine World, Atul Road, Valsad",CINEMA004715,locality,West,Gujarat,Valsad,,
N,"Rajhans Cinemas: Aagam Viviana Mall Vesu, Surat",CINEMA004716,locality,West,Gujarat,Surat,,
N,"Rajhans Cinemas: MTC Mall, Velanja, Surat",CINEMA004717,locality,West,Gujarat,Surat,,
N,"Rajhans Cinemas: Rajmahal AC Mall Sitanagar, Surat",CINEMA004718,locality,West,Gujarat,Surat,,395006
N,"Rajhans Cinemas: Tulsi Galleria Mall, Vyara",CINEMA004719,locality,West,Gujarat,Vyara,,
N,Rajkamal Theatre 2K LASER Dolby 7.1:Doddaballapura,CINEMA004720,locality,South,Karnataka,Doddaballapura,,561203
N,Ram Balaji Theatre: Pennagaram,CINEMA004721,locality,South,Tamil Nadu,Pennagaram,,
N,Ramdas Movie House: Thrissur,CINEMA004722,locality,South,Kerala,Thrissur,,680001
N,"Ramnath Theatre 2K Dolby 7.1, Pennagaram",CINEMA004723,locality,South,Tamil Nadu,Pennagaram,,636810
N,"RK Cinemas: Shree Rang, Bharuch",CINEMA004724,locality,West,Gujarat,Bharuch,,
N,Santhi Theater A/C Dts: Nandikotkur,CINEMA004725,locality,South,Andhra Pradesh,Nandikotkur,,518401
N,"Santhosh Theatre 2K DTS, Pennagaram Main Road, Dharmapuri",CINEMA004726,locality,South,Tamil Nadu,Dharmapuri,,636810
N,"Sarada Movies, Malappuram, Edappal",CINEMA004727,locality,South,Kerala,Malappuram,,679576
N,"Savitha Movie Magic, Church Road, Thrissur",CINEMA004728,locality,South,Kerala,Thrissur,,
N,Shree Cinemas: Parvathipuram,CINEMA004729,locality,South,Andhra Pradesh,Parvathipuram,,535501
N,"Shree Lokendra Cinema, Lokendra Talkies Road, Ratlam",CINEMA004730,locality,Central,Madhya Pradesh,Ratlam,,457001
N,"Shree Ram Cinema, Patan Cross Road, Deesa",CINEMA004731,locality,West,Gujarat,Patan,,
N,Shreyasa Cinema: Pilibhit,CINEMA004732,locality,North,Uttar Pradesh,Pilibhit,,262001
N,Shyam Talkies: Paratwada,CINEMA004733,locality,West,Maharashtra,Paratwada,,444805
N,Simla Movies 2K Dolby 7.1: Kanjany,CINEMA004734,locality,South,Kerala,Kanjany,,680612
N,"Sk Cinemas Latcham Theatre A/C Dolby 7.1, Kamarajapuram Colony, Sivakasi",CINEMA004735,locality,South,Tamil Nadu,Sivakasi,,
N,"Sree Talkies: Sagara, Karnataka",CINEMA004736,locality,South,Karnataka,Sagara,,577401
N,Sri Balaji Theater A/C Dts: Sathupally,CINEMA004737,locality,South,Telangana,Sathupally,,507303
N,"Sri Ramakrishna Theatre, Nakrekal",CINEMA004738,locality,South,Telangana,Nakrekal,,
N,Sri Sai Balaji Theatre: Sathupally,CINEMA004739,locality,South,Telangana,Sathupally,,
N,"STBL Cine World, Madhurawada: Vizag",CINEMA004740,locality,South,Andhra Pradesh,Vizag,,
N,STBL Cine World: Atchutapuram,CINEMA004741,locality,South,Andhra Pradesh,Atchutapuram,,
N,"Surabhi Movies 70 mm 4K RGB Laser 3D DOLBY, South Junction, Chalakudy",CINEMA004742,locality,South,Kerala,Chalakudy,,680307
N,"Suraj Cineplex, Bhutnath Road, Junagadh",CINEMA004743,locality,West,Gujarat,Junagadh,,362001
N,Surya Sree Theatre Dolby 7.1: Dharanikota,CINEMA004744,locality,South,Andhra Pradesh,Dharanikota,,
N,"Surya Sree Theatre, Dharanikota, Anaparthi",CINEMA004745,locality,South,Andhra Pradesh,Dharanikota,,
N,Sutlej Palace & Picture: Nawanshahr,CINEMA004746,locality,North,Punjab,Nawanshahr,,
N,TS Cinemas: Times Square Mall,CINEMA004747,locality,South,Telangana,Mall,,781005
N,Utpal Dutta Mancha: Maheshtala,CINEMA004748,locality,East,West Bengal,Kolkata,,700141
N,"V2V CINEMAS,OMAXE PLAZA MALL {NEWLY RENOVATED}",CINEMA004749,locality,South,Telangana,Mall,,141001
N,Venkateswara AC Christie Laser 2K Dolby:Vissanapet,CINEMA004750,locality,South,Andhra Pradesh,Vissanapet,,
N,Venkateswara Talkies: Narayankhed,CINEMA004751,locality,South,Telangana,Narayankhed,,
N,"Vettri Theatres RGB Laser, Chrompet, Chennai",CINEMA004752,locality,South,Tamil Nadu,Chennai,,
N,"Vidya Theatre 4K Dolby Atmos, Tambaram (W), Chennai",CINEMA004753,locality,South,Tamil Nadu,Chennai,,
N,Vigneshwara Theatre RGB Laser: Poonamallee,CINEMA004754,locality,South,Tamil Nadu,Chennai,,
N,Vijay Picture Palace: Gorakhpur,CINEMA004755,locality,North,Uttar Pradesh,Gorakhpur,,273001
N,Vijetha 70MM 4k Atmos: Borabanda,CINEMA004756,locality,South,Telangana,Hyderabad,,500114
N,Shanmuga Cine Complex A/C 7.1: Madurai,CINEMA004757,locality,South,Tamil Nadu,Madurai,,625016
N,"SVC Devi Cinemas, Pragathi Nagar, Nizamabad",CINEMA004758,locality,South,Telangana,Nizamabad,,
N,"Mythri Theatres, Shiva Theatre 4K Dolby Atmos, Centralised AC (Newly Renovated) Malkapur Road, Karimnagar",CINEMA004759,locality,South,Telangana,Karimnagar,,505001
N,Sri Narasimha AC Dts(Newly Renovated):Gopalapatnam,CINEMA004760,locality,South,Andhra Pradesh,Visakhapatnam,,530027
N,"Mythri Theatres Megha Theatre, Dilsukhnagar, Hyderabad",CINEMA004761,locality,South,Telangana,Hyderabad,,500060
N,"ABR Cinemas The Next (Bharath Talkies), Ashok Nagar, Karimnagar",CINEMA004762,locality,Central,Madhya Pradesh,Ashok Nagar,,
N,"AGS Cinemas OMR, Navlur, Chennai",CINEMA004763,locality,South,Tamil Nadu,Chennai,,
N,"AGS Cinemas, Maduravoyal, Chennai",CINEMA004764,locality,South,Tamil Nadu,Chennai,,
N,"AGS Cinemas, Villivakkam, Chennai",CINEMA004765,locality,South,Tamil Nadu,Chennai,,600049
N,"AKR Cinemas TDI Mall, Kundli district, Sonipat",CINEMA004766,locality,North,Haryana,Sonipat,,
N,"Akshaya Multiplex A/C 4K Dolby Atmos, Edappadi",CINEMA004767,locality,South,Tamil Nadu,Edappadi,,637101
N,Alankar (Pratap Theatre): Langer House,CINEMA004768,locality,South,Telangana,Hyderabad,,
N,"Alka Talkies, Rani Laxmi Ward, Gadarwara",CINEMA004769,locality,Central,Madhya Pradesh,Gadarwara,,487551
N,"Amirtham Cinema (MSM A/C 3D 7.1 Surround), Tiruvottiyur",CINEMA004770,locality,South,Tamil Nadu,Chennai,,600019
N,Anil Cineplex: Garhwa,CINEMA004771,locality,East,Jharkhand,Garhwa,,
N,"Appas Theatre, Opposite Srivar Hotel, Guruvayur",CINEMA004772,locality,South,Kerala,Guruvayur,,680101
N,"Ashok Talkies A/C Dts, Bhawanipatna Road, Rayagada",CINEMA004773,locality,East,Odisha,Bhawanipatna,,765001
N,"Ashoka Cineplex, Satai Road, Chhatarpur",CINEMA004774,locality,Central,Madhya Pradesh,Chhatarpur,,
N,"Chhotu Maharaj CineCafe: Mundargi,Karnataka",CINEMA004775,locality,South,Karnataka,Mundargi,,
N,"Chhotu Maharaj, Chhibramau",CINEMA004776,locality,North,Uttar Pradesh,Chhibramau,,209721
N,"Chhotu Maharaj, Uluberia, Howrah",CINEMA004777,locality,East,West Bengal,Howrah,,
N,"Chhotu Maharaj: Chhibramau, UP",CINEMA004778,locality,North,Uttar Pradesh,Chhibramau,,
N,Chhotu Maharaj: Fatehpur,CINEMA004779,locality,North,Uttar Pradesh,Fatehpur,,
N,Chhotu Maharaj: Kavathe Mahankal (Sangli),CINEMA004780,locality,West,Maharashtra,Sangli,,416405
N,"Chhotu Maharaj: TEOK, Jorhat (Assam)",CINEMA004781,locality,North East,Assam,Jorhat,,
N,"Chhotu Maharaj: Uluberia, Howrah",CINEMA004782,locality,East,West Bengal,Howrah,,
N,"Chhotu Maharaj:Dharmashri Road,Balaji Mandir,Sagar",CINEMA004783,locality,Central,Madhya Pradesh,Sagar,,
N,"Cine Park Theatre, Valliammai Nagar, Tirupur",CINEMA004784,locality,South,Tamil Nadu,Tirupur,,
N,Cinephile HSR Layout: PNR Felicity Mall Haralur Rd,CINEMA004785,locality,South,Telangana,Mall,,560102
N,"Cinepolis DLF Avenue, Saket, New Delhi",CINEMA004786,locality,North,Delhi,New Delhi,,
N,"Cinepolis Vandana, Gondal Road, Rajkot",CINEMA004787,locality,West,Gujarat,Rajkot,,360004
N,"Cineprime Cinema: Cinemall, Vadodara",CINEMA004788,locality,West,Gujarat,Vadodara,,
N,"Cineroyale Cinemas: Chokha Empire, Moga",CINEMA004789,locality,North,Punjab,Moga,,142001
N,"Cinezza Multiplex: Maharaja Farm, Mota Varachha",CINEMA004790,locality,West,Gujarat,Surat,,394101
N,Devgn CineX (Formerly NY) : Bahadurgarh,CINEMA004791,locality,North,Haryana,Bahadurgarh,,
N,Devgn CineX: Bahadurgarh,CINEMA004792,locality,North,Haryana,Bahadurgarh,,
N,Devgn CineX: Meerut,CINEMA004793,locality,North,Uttar Pradesh,Meerut,,
N,Diamond Cinemas A/C 4K Dolby: Tirupur,CINEMA004794,locality,South,Tamil Nadu,Tirupur,,641604
N,Dreamax E Cinemas: Mayannur,CINEMA004795,locality,South,Kerala,Mayannur,,
N,"DreamBig Sakthi Theatre 4K 3D Atmos, KK Junction, Ponnani",CINEMA004796,locality,South,Kerala,Ponnani,,
N,"Fun Cinema Galaxy Mall, Sector 7, Ambala",CINEMA004797,locality,North,Haryana,Ambala,,134003
N,"Fun Cinemas: Galaxy Mall, Ambala",CINEMA004798,locality,North,Haryana,Ambala,,134003
N,"Galaxy Cinemas G[XL] RGB Laser Dolby Atmos, New Thiruvalam Road , Vellore",CINEMA004799,locality,South,Tamil Nadu,Vellore,,
N,"Gautham Theatre, Payakaraopeta Town Road, Payakaraopeta",CINEMA004800,locality,South,Andhra Pradesh,Payakaraopeta,,
N,Gayathiri Cinemas A/C Dolby Atmos: Maduranthakam,CINEMA004801,locality,South,Tamil Nadu,Maduranthakam,,603306
N,GK Cinemas RGB + Laser SRL 4D: Porur,CINEMA004802,locality,South,Tamil Nadu,Chennai,,600116
N,Gokulam Cinemas 4K Dolby Atmos: Poonamalle,CINEMA004803,locality,South,Tamil Nadu,Chennai,,
N,"Gold  Cinema: Shivaji Road, Thane (W)",CINEMA004804,locality,West,Maharashtra,Thane,,
N,"Gold Cinema Narnaul, Aggarwal Tower, Narnaul",CINEMA004805,locality,North,Haryana,Narnaul,,
N,"Gold Cinema Sona, Borivali (E), Mumbai",CINEMA004806,locality,West,Maharashtra,Mumbai,,400066
N,"Gold Cinema, Alwar CG Manu Marg, Alwar",CINEMA004807,locality,North,Rajasthan,Alwar,,301001
N,"Gold Cinema, Alwar Crossspoint Mall, Alwar",CINEMA004808,locality,North,Rajasthan,Alwar,,301001
N,"Gold Cinema, Buchahira, Kotputli",CINEMA004809,locality,North,Rajasthan,Kotputli,,303108
N,"Gold Cinema, Capital Mall, Bhiwadi",CINEMA004810,locality,North,Rajasthan,Bhiwadi,,
N,"Gold Cinema, Govindpur Road: Gondia",CINEMA004811,locality,West,Maharashtra,Gondia,,441601
N,"Gold Cinema, Hariraj Cinema Compound, Morena",CINEMA004812,locality,Central,Madhya Pradesh,Morena,,
N,"Gold Cinema, Maximus Mall, Dharamsala",CINEMA004813,locality,North,Himachal Pradesh,Dharamsala,,
N,"Gold Cinema, Near Jwngma Hotel, Kokrajhar",CINEMA004814,locality,North East,Assam,Kokrajhar,,783370
N,"Gold Cinema, Santacruz (W), Mumbai",CINEMA004815,locality,West,Maharashtra,Mumbai,,
N,"Gold Cinema, Shalimar Mall, Bharuch (Newly Renovated)",CINEMA004816,locality,West,Gujarat,Bharuch,,392001
N,"Gold Cinema, Shalimar: Bharuch (Newly Renovated)",CINEMA004817,locality,West,Gujarat,Bharuch,,
N,"Gold Cinema, Shopping Complex, Mathura",CINEMA004818,locality,North,Uttar Pradesh,Mathura,,
N,"Gold Cinema, Yashwant Tower, Khopoli",CINEMA004819,locality,West,Maharashtra,Khopoli,,
N,Gold Cinema: Alwar Crosspoint Mall,CINEMA004820,locality,North,Rajasthan,Alwar,,301001
N,Gold Cinema: Dharamsala,CINEMA004821,locality,North,Himachal Pradesh,Dharamsala,,
N,Gold Cinema: Khopoli,CINEMA004822,locality,West,Maharashtra,Khopoli,,
N,Gold Cinema: Malad Malvani,CINEMA004823,locality,West,Maharashtra,Mumbai,,400095
N,"Gold Cinema: Malad, Savera Heights, Mumbai",CINEMA004824,locality,West,Maharashtra,Mumbai,,
N,Gold Cinema: Mangaldoi,CINEMA004825,locality,North East,Assam,Mangaldoi,,784125
N,Gold Cinema: Morena,CINEMA004826,locality,Central,Madhya Pradesh,Morena,,
N,Gold Cinema: Narnaul,CINEMA004827,locality,North,Haryana,Narnaul,,123001
N,"Gold Cinema:NH-62 Shreenath Enclave,Sri Ganganagar",CINEMA004828,locality,North,Rajasthan,Sri Ganganagar,,
N,"Goldmark Cinemas, Hoshangabad Road, Itarsi",CINEMA004829,locality,Central,Madhya Pradesh,Hoshangabad,,
N,Gopalan Grand Mall: Old Madras Road,CINEMA004830,locality,South,Telangana,Mall,,
N,Gopalan Mall: Sirsi Circle,CINEMA004831,locality,South,Karnataka,Sirsi,,560026
N,"Gopalan Miniplex: Signature Mall, Old Madras Road",CINEMA004832,locality,South,Telangana,Mall,,560093
N,"Green Cinemas 4K Atmos, PLF: Padi",CINEMA004833,locality,South,Tamil Nadu,Chennai,,600080
N,"Imusica Cinema Baraut, Vishnu Palace",CINEMA004834,locality,North,Uttar Pradesh,Baraut,,250611
N,"INOX Odeon 4K LASER, Dolby ATMOS, DTS-X, RTC X Roads",CINEMA004835,locality,South,Telangana,Hyderabad,,
N,K-Square Cinemas: Shahdol,CINEMA004836,locality,Central,Madhya Pradesh,Shahdol,,
N,Kairali Sree Theatre: Chittur,CINEMA004837,locality,South,Kerala,Chittur,,678101
N,"Kannappa Cinemas A/C 2K Dolby, Padappai",CINEMA004838,locality,South,Tamil Nadu,Padappai,,
N,"KRB Cineplex, Jhajjar Road, Bahadurgarh",CINEMA004839,locality,North,Haryana,Bahadurgarh,,124507
N,KRB Cineplex: Bahadurgarh,CINEMA004840,locality,North,Haryana,Bahadurgarh,,124507
N,Kumar Theatre: Kachiguda,CINEMA004841,locality,South,Telangana,Hyderabad,,
N,Lakshmi Cinesquare: Kallur,CINEMA004842,locality,South,Telangana,Kallur,,
N,"Legend Cinema Lounges: Mall Fifty One, Gurgaon",CINEMA004843,locality,North,Haryana,Gurgaon,,122018
N,Magic Frames Downtown Mall: Thalassery,CINEMA004844,locality,South,Kerala,Thalassery,,670101
N,Medavakkam Kumaran Cinemas RGB LASER Dolby Atmos,CINEMA004845,locality,South,Tamil Nadu,Chennai,,
N,Mini Sushama Cinema: Sheoraphuli,CINEMA004846,locality,East,West Bengal,Sheoraphuli,,
N,"Miraj Maximum : Metropollis Mall, Gurugram",CINEMA004847,locality,North,Haryana,Gurugram,,122009
N,"Miraj Maximum: Metropollis Mall, Gurgaon",CINEMA004848,locality,North,Haryana,Gurgaon,,
N,"Movietime Cinemas, Celebration Mall, Gurugram",CINEMA004849,locality,North,Haryana,Gurugram,,122018
N,"Movietime Cinemas, Ram Nagar, Bahadurgarh",CINEMA004850,locality,North,Haryana,Bahadurgarh,,124507
N,Movietime Cinemas: Bahadurgarh,CINEMA004851,locality,North,Haryana,Bahadurgarh,,124507
N,"Mythri Theatres Sampurna 70MM 2K Dolby Digital, Vanasthalipuram, Hyderabad",CINEMA004852,locality,South,Telangana,Hyderabad,,
N,"Mythri Theatres, Jagadamba Theatre Dolby Atmos 2K, Ghatkesar, Hyderabad",CINEMA004853,locality,South,Telangana,Hyderabad,,501301
N,"Nadhamuni Cinema, Villivakkam, Chennai",CINEMA004854,locality,South,Tamil Nadu,Chennai,,
N,"Nartaki Theatre, Alwal, Hyderabad",CINEMA004855,locality,South,Telangana,Hyderabad,,500015
N,Nataraj Cinema: Jhansi,CINEMA004856,locality,North,Uttar Pradesh,Jhansi,,
N,New Kohinoor Cinema: Jodhpur,CINEMA004857,locality,North,Rajasthan,Jodhpur,,
N,Ponnusamy Theatre A/C 4K Dolby 7.1 3D: Chinnamanur,CINEMA004858,locality,South,Tamil Nadu,Chinnamanur,,625515
N,Pratibha Cinema: Lucknow,CINEMA004859,locality,North,Uttar Pradesh,Lucknow,,226001
N,"PVR IMAX with Laser - Priya, Vasant Vihar, New Delhi",CINEMA004860,locality,North,Delhi,New Delhi,,110057
N,PVR Lakeshore PXL 4K Laser ATMOS DTS-X Y Junction,CINEMA004861,locality,South,Kerala,Kochi,,
N,Raj Talkies: Raipur,CINEMA004862,locality,Central,Chhattisgarh,Raipur,,492001
N,"Rajeev Cinema, Bhogipura, Agra",CINEMA004863,locality,North,Uttar Pradesh,Agra,,
N,Ram Cinemas: Gunadala A/C 4K Digital DOLBY ATMOS,CINEMA004864,locality,South,Andhra Pradesh,Vijayawada,,
N,"Ravi Theatre 4K, Sriramulu Nagar, Kaveripattinam",CINEMA004865,locality,South,Tamil Nadu,Kaveripattinam,,635112
N,Redrocks Cinemas: Palwal,CINEMA004866,locality,North,Haryana,Palwal,,121102
N,Remy Cinemas A/C DTS 2K 3D Laser: Avadi,CINEMA004867,locality,South,Tamil Nadu,Chennai,,
N,RR Cinema Maya Palace: Hathras,CINEMA004868,locality,North,Uttar Pradesh,Hathras,,
N,"Sai Baba Theatre, HBG Nagar, Adoni",CINEMA004869,locality,South,Andhra Pradesh,Adoni,,518301
N,"Sai Cinema, Bandar Main Road, Vuyyuru",CINEMA004870,locality,South,Andhra Pradesh,Vuyyuru,,
N,Samdareeya Cinema Gold: Rewa,CINEMA004871,locality,Central,Madhya Pradesh,Rewa,,486001
N,"SangaMitra Theatre, Mylavaram",CINEMA004872,locality,South,Andhra Pradesh,Mylavaram,,521230
N,"Sangeetha Theatre, RC Puram (Formerly SVC Sangeetha), RC Reddy Colony, Hyderabad",CINEMA004873,locality,South,Telangana,Hyderabad,,
N,"Santhalinga Cinemas Multiplex Dolby Atmos 4K Laser, Oragadam",CINEMA004874,locality,South,Tamil Nadu,Oragadam,,
N,Satyasri Picture Palace(Anusri Cinemas): Mandapeta,CINEMA004875,locality,South,Andhra Pradesh,Mandapeta,,
N,"Seven Screen's Cinemas, Kilambakkam, Chennai",CINEMA004876,locality,South,Tamil Nadu,Chennai,,603210
N,Shafaz Laser & Grand 4K Theatre North Paravoor,CINEMA004877,locality,South,Kerala,North Paravoor,,683513
N,"Shanthi Theatre, Adloor Road, Kamareddy",CINEMA004878,locality,South,Telangana,Kamareddy,,503111
N,"Shivasakthi Cinemas Dolby Atmos, Near Nellipuzha Junction, Mannarkkad",CINEMA004879,locality,South,Kerala,Mannarkkad,,678582
N,Shreeji Cineplex: Mandsaur,CINEMA004880,locality,Central,Madhya Pradesh,Mandsaur,,458002
N,"Silver Screen Multiplex, Vavdi, Godhra",CINEMA004881,locality,West,Gujarat,Godhra,,389001
N,Sivakrishna Cinemas A/C 2K DTS: Kondapalli,CINEMA004882,locality,South,Andhra Pradesh,Kondapalli,,521228
N,Sivasakthi Cinemas RGB 4K Laser: Padi,CINEMA004883,locality,South,Tamil Nadu,Chennai,,
N,"Skylit Cinemas: Sahara Mall, Gurugram (Gurgaon)",CINEMA004884,locality,North,Haryana,Gurugram,,
N,Smart Moviz (Maruthi Cineplex): Mahalingpur,CINEMA004885,locality,South,Karnataka,Mahalingpur,,
N,"Sree Devi Cine Palace 4K Dolby Atmos, Karuvambram, Manjeri",CINEMA004886,locality,South,Kerala,Manjeri,,
N,"Sri Balaji Picture Palace, Cherukupalli",CINEMA004887,locality,South,Andhra Pradesh,Cherukupalli,,
N,Sri Balaji Picture Palace: Cherukupalli,CINEMA004888,locality,South,Andhra Pradesh,Cherukupalli,,
N,Sri Melody HDR Dolby Atmos: Vizag,CINEMA004889,locality,South,Andhra Pradesh,Vizag,,530020
N,"Sri Ramajeyam Theatre A/C 4K, Achamangalam, Tirupattur",CINEMA004890,locality,South,Tamil Nadu,Tirupattur,,635601
N,Sri Thirumala 4K A/C Dolby Atmos: Agara,CINEMA004891,locality,South,Karnataka,Bengaluru,,560102
N,SRI VENKATESA CINEMAS RGB LASER:TRICHY,CINEMA004892,locality,South,Tamil Nadu,Trichy,,620005
N,Sujata Picture Palace: Ranchi,CINEMA004893,locality,East,Jharkhand,Ranchi,,834001
N,"SVC Shiva Sakthi Theatre, Kapra, Hyderabad",CINEMA004894,locality,South,Telangana,Hyderabad,,
N,The Galaxy Cinemas Karpagam Theatre A/C: Mettur,CINEMA004895,locality,South,Tamil Nadu,Mettur,,636401
N,"Tirumala Theater, Sri Lakshmi Nagar Colony, Nalgonda",CINEMA004896,locality,South,Telangana,Nalgonda,,508001
N,Vasavi Theater: Guntakal,CINEMA004897,locality,South,Andhra Pradesh,Guntakal,,
N,Vela Cinemas RGB 4KLaser DolbyAtmos: Thiruninravur,CINEMA004898,locality,South,Tamil Nadu,Thiruninravur,,602024
N,VR Cinemas RGB 4K LASER DOLBY ATMOS: Pattabiram,CINEMA004899,locality,South,Tamil Nadu,Chennai,,
N,"VVM Cinemas 3D 2K AC Dts, Ponneri: Chennai",CINEMA004900,locality,South,Tamil Nadu,Chennai,,
N,"Sri Lakshmi Cinema, Nidubrolu, Ponnur",CINEMA004901,locality,South,Andhra Pradesh,Ponnur,,522124
N,"Balaji Theatre A/C Deluxe, Jagtial",CINEMA004902,locality,South,Telangana,Jagtial,,
N,Maruthi Movie Max A/C Dts: Srikakulam,CINEMA004903,locality,South,Andhra Pradesh,Srikakulam,,
N,"1 Cinemas: Spectrum Metro Mall, Noida",CINEMA004904,locality,North,Uttar Pradesh,Noida,,
N,"Alangar Cinemas 4K RGB Laser Dolby Atmos, Melapalayam, Tirunelveli",CINEMA004905,locality,South,Tamil Nadu,Tirunelveli,,627005
N,Anand Cine Magic Multiplex: Bilimora Renovated,CINEMA004906,locality,West,Gujarat,Anand,,396321
N,"Anupam Cineplex, Bareilly Road, Kichha",CINEMA004907,locality,North,Uttar Pradesh,Bareilly,,263148
N,Balachander 2K Dolby 7.1 Digital - Bangarapet,CINEMA004908,locality,South,Karnataka,Bangarapet,,
N,Bharat Multiplex: Nanded,CINEMA004909,locality,West,Maharashtra,Nanded,,431605
N,"Bombay Cinemas Sony 4K Dolby Atmos, Maharaja Nagar, Tirunelveli",CINEMA004910,locality,South,Tamil Nadu,Tirunelveli,,
N,"Chembakassery Cinemas 4K 3D Dolby Atmos, Temple Road, Irinjalakuda",CINEMA004911,locality,South,Kerala,Irinjalakuda,,680121
N,Chitralay Cinema: Loni (Newly Renovated),CINEMA004912,locality,West,Maharashtra,Loni,,
N,"Cineport Cinemas: SVH Metro Street, Sector 83",CINEMA004913,locality,North,Haryana,Gurugram,,122012
N,Cinesquare Cinema: Petlad,CINEMA004914,locality,West,Gujarat,Petlad,,
N,City Plus Multiplex: Surat,CINEMA004915,locality,West,Gujarat,Surat,,
N,"Coconut Cinemas, Surat",CINEMA004916,locality,West,Gujarat,Surat,,395010
N,Connplex Cinemas (Luxuriance): Siwan,CINEMA004917,locality,East,Bihar,Siwan,,
N,Connplex Cinemas: Ahilyanagar,CINEMA004918,locality,West,Maharashtra,Ahilyanagar,,
N,"D Cinemas 4K, South Junction, Chalakudy",CINEMA004919,locality,South,Kerala,Chalakudy,,
N,Deepa Cinema 4K RGB Laser DTS X: Viyyur,CINEMA004920,locality,South,Kerala,Viyyur,,
N,"Devgn CineX (Formerly NY) : Elan Epic, Gurugram",CINEMA004921,locality,North,Haryana,Gurugram,,122101
N,"Devgn CineX: Elan Epic, Gurugram",CINEMA004922,locality,North,Haryana,Gurugram,,
N,"Eswar Mahal Deluxe, Venkat Reddy Nagar, Narasaraopeta",CINEMA004923,locality,South,Andhra Pradesh,Narasaraopeta,,522601
N,Eylex Cinemas: Deoghar,CINEMA004924,locality,East,Jharkhand,Deoghar,,
N,Eylex Cinemas: Ramgarh,CINEMA004925,locality,East,Jharkhand,Ramgarh,,
N,Geetanjali Theatre: Davangere,CINEMA004926,locality,South,Karnataka,Davangere,,
N,Grand Cinemaz: Saharanpur,CINEMA004927,locality,North,Uttar Pradesh,Saharanpur,,
N,"INOX RCube Monad Mall, New Delhi",CINEMA004928,locality,North,Delhi,New Delhi,,
N,JR Ohri Cinemas: Ropar,CINEMA004929,locality,North,Punjab,Ropar,,140001
N,"Karthika Movies A/C 4K Dolby Atmos, Pattambi road, Valanchery",CINEMA004930,locality,South,Kerala,Valanchery,,
N,"Lakshmi Theatre Dolby Atmos, Kulitturai, Kuzhithurai",CINEMA004931,locality,South,Tamil Nadu,Kuzhithurai,,629163
N,"Leela Mahal Theatre, Barco 4K Laser, Dolby Atmos, Nellore",CINEMA004932,locality,South,Andhra Pradesh,Nellore,,
N,"Magic Frames Cinemas Laser 2K 7.1, Choondal, Thrissur",CINEMA004933,locality,South,Kerala,Thrissur,,680502
N,"Magic Frames Cinemas, Falcon Mall 4K RGB Laser Dolby Atmos",CINEMA004934,locality,South,Telangana,Mall,,680519
N,Magic Frames Devi Cinemas: Cherpulassery,CINEMA004935,locality,South,Kerala,Cherpulassery,,
N,"Magic Frames Prayag Cinemas 4K Laser Dolby Atmos, Parappanangadi",CINEMA004936,locality,South,Kerala,Parappanangadi,,
N,Mauli Cinema: Shegaon,CINEMA004937,locality,West,Maharashtra,Shegaon,,
N,"Maxus Cinemas, Bhayandar",CINEMA004938,locality,West,Maharashtra,Bhayandar,,401101
N,Maxus Cinemas: Bhayander,CINEMA004939,locality,West,Maharashtra,Bhayander,,
N,Meeralam Nawaz Picture Palace: Hospet,CINEMA004940,locality,South,Karnataka,Hospet,,583201
N,"Miraj Cinemas : Spectra Mall, Patiala",CINEMA004941,locality,North,Punjab,Patiala,,
N,"MovieMax Omaxe Mall Patiala (SRS Earlier), Patiala",CINEMA004942,locality,North,Punjab,Patiala,,147001
N,"MovieMax: Omaxe Mall, Patiala",CINEMA004943,locality,North,Punjab,Patiala,,
N,Movietime Cinema: VSR 114 Avenue Sec 114 Gurgaon,CINEMA004944,locality,North,Haryana,Gurgaon,,122017
N,"Movietime Cinemas, Gaba Chowk, Rudrapur",CINEMA004945,locality,North,Uttarakhand,Rudrapur,,263153
N,Movietime Cinemas: Rudrapur,CINEMA004946,locality,North,Uttarakhand,Rudrapur,,263153
N,New Prabhat Cinema: Rahimatpur,CINEMA004947,locality,West,Maharashtra,Rahimatpur,,
N,Palaxi Cinemas HiLITE MALL: Kozhikode,CINEMA004948,locality,South,Kerala,Kozhikode,,673014
N,PAN Cinemas Nucleus Mall 4K ATMOS,CINEMA004949,locality,South,Telangana,Mall,,
N,"Poorna Theatre 2K A/C DTS, Madhava Nagar, Pithapuram",CINEMA004950,locality,South,Andhra Pradesh,Pithapuram,,533450
N,Poorna Theatre A/c Dolby-7.1: Chodavaram,CINEMA004951,locality,South,Andhra Pradesh,Chodavaram,,531036
N,Prime Cinema: Rajpura,CINEMA004952,locality,North,Punjab,Rajpura,,140402
N,"PVR IMAX with Laser, Priya: Delhi",CINEMA004953,locality,North,Delhi,Delhi,,110057
N,"PVR Sreekanya, Sreekanya Cinemax Complex, Narsipatnam",CINEMA004954,locality,South,Andhra Pradesh,Narsipatnam,,
N,RadhaKrishna Cinema 3 Screen Multiplex,CINEMA004955,locality,West,Maharashtra,Nagpur,,
N,Raja 4K Dolby Anusri Cinemas: Rajahmundry,CINEMA004956,locality,South,Andhra Pradesh,Rajahmundry,,
N,"Rajhans Cinemas: Ocus Medley, Sec-99, Gurugram",CINEMA004957,locality,North,Haryana,Gurugram,,122505
N,Rajhans Cinemas: Panchkula,CINEMA004958,locality,North,Haryana,Panchkula,,134109
N,Rajiv Picture Palace: Ramgarh,CINEMA004959,locality,East,Jharkhand,Ramgarh,,829122
N,Rama Metro Cinema (Dolby 7.1 Sound): Sheorinarayan,CINEMA004960,locality,Central,Chhattisgarh,Sheorinarayan,,
N,"RH Dreambig Cinemas, Kakkassery Souk, Kunnamkulam",CINEMA004961,locality,South,Kerala,Kunnamkulam,,
N,Royal Cinema (Old SRS Cinema): Kashipur,CINEMA004962,locality,North,Uttarakhand,Kashipur,,244713
N,Royal Cinemas: Pithoragarh,CINEMA004963,locality,North,Uttarakhand,Pithoragarh,,
N,Sada Shiv Palace: Fatehpur,CINEMA004964,locality,North,Uttar Pradesh,Fatehpur,,212601
N,Sahu Talkies: Sasaram,CINEMA004965,locality,East,Bihar,Sasaram,,821115
N,Sangam Talkies: Kalaburagi,CINEMA004966,locality,South,Karnataka,Kalaburagi,,585101
N,Shadow Cinemas: Pazhayannur,CINEMA004967,locality,South,Kerala,Pazhayannur,,
N,Shanthi Theater: Gannavaram,CINEMA004968,locality,South,Andhra Pradesh,Gannavaram,,521101
N,Shivadam Cinemas RGB 4K Laser Atmos Triple Beam 3D,CINEMA004969,locality,South,Karnataka,Shivamogga,,680711
N,Shivananda Talkies: Channapatna,CINEMA004970,locality,South,Karnataka,Channapatna,,562160
N,Shubham DD Plex: Sultanpur,CINEMA004971,locality,North,Uttar Pradesh,Sultanpur,,228001
N,Spiti Cinema: Bhiwani,CINEMA004972,locality,North,Haryana,Bhiwani,,
N,Sreelakshmi Cinema Amballur 4K/2K Laser Projection,CINEMA004973,locality,South,Kerala,Amballur,,
N,"Sri Balaji Cinemas RGB Laser Dolby Atmos, Shencottai Road, Ambasamudram",CINEMA004974,locality,South,Tamil Nadu,Ambasamudram,,
N,Sri Basaveswara A/C 4K Laser Dolby Atmos: Repalle,CINEMA004975,locality,South,Andhra Pradesh,Repalle,,
N,"Sri Narayani Digital 2K Cinema, Kolar",CINEMA004976,locality,South,Karnataka,Kolar,,563101
N,Sri Radha krishna Theater: Markapur,CINEMA004977,locality,South,Andhra Pradesh,Markapur,,
N,Sri Sivajyothi 2K Cinema 7.1 Dolby: Rajahmundry,CINEMA004978,locality,South,Andhra Pradesh,Rajahmundry,,
N,Sri Venkateswara A/C 2K Dolby 7.1: Ravulapalem,CINEMA004979,locality,South,Andhra Pradesh,Ravulapalem,,
N,"Srinivas Theatre, Chinnapadugupadu, Nellore",CINEMA004980,locality,South,Andhra Pradesh,Nellore,,
N,Star Cinemas Rangamahal Theatre: Tadepalligudem,CINEMA004981,locality,South,Andhra Pradesh,Tadepalligudem,,
N,"SVF Cinemas: Platina Mall, Howrah",CINEMA004982,locality,East,West Bengal,Howrah,,
N,Valentine Multiplex (Dolby Atmos): Surat,CINEMA004983,locality,West,Gujarat,Surat,,395007
N,Vasundhara Theatre: Bhuvanagiri,CINEMA004984,locality,South,Tamil Nadu,Bhuvanagiri,,508116
N,Eswar Cinemas A/C Dolby: Suryapet,CINEMA004985,locality,South,Telangana,Suryapet,,508213
N,"Adarsh Chitra Mandir, Santaji Nagar, Bhandara",CINEMA004986,locality,West,Maharashtra,Bhandara,,
N,"Annamar Theatre A/C Dolby 7.1 Surround EX, Chennimalai",CINEMA004987,locality,South,Tamil Nadu,Chennimalai,,638051
N,Apple Cinema: Pal Bhatha,CINEMA004988,locality,West,Gujarat,Surat,,
N,ARRS Multiplex 4K Dolby Audio 7.1.2: Salem,CINEMA004989,locality,South,Tamil Nadu,Salem,,
N,"Aura Cineplex: Lar, Deoria",CINEMA004990,locality,North,Uttar Pradesh,Deoria,,274502
N,AVR Saptagiri 2K: Chittivalasa,CINEMA004991,locality,South,Andhra Pradesh,Chittivalasa,,
N,Bahar Cinema: Vile Parle (E),CINEMA004992,locality,West,Maharashtra,Mumbai,,400057
N,Balaji Talkies: Dammapeta,CINEMA004993,locality,South,Telangana,Dammapeta,,507306
N,Banirupa Cinema: Berachampa,CINEMA004994,locality,East,West Bengal,Berachampa,,
N,BH Aurex Cinemas: Batala,CINEMA004995,locality,North,Punjab,Batala,,
N,Bharath Cinemas: Kundapura,CINEMA004996,locality,South,Karnataka,Kundapura,,
N,Cherthala: Kairali Sree Theatre,CINEMA004997,locality,South,Kerala,Cherthala,,
N,Chitra Cinema: Dadar (Newly Renovated),CINEMA004998,locality,West,Maharashtra,Mumbai,,
N,"Cinelife Miniplex, Ahmednagar",CINEMA004999,locality,West,Maharashtra,Ahmednagar,,
N,"Cinepolis BSR Mall OMR, Thoraipakkam, Chennai",CINEMA005000,locality,South,Tamil Nadu,Chennai,,
N,City Pride: Annand,CINEMA005001,locality,West,Gujarat,Annand,,
N,"Citylight Cinema, Mahim",CINEMA005002,locality,West,Maharashtra,Mumbai,,
N,Connplex Cinemas (Luxuriance): Bhagalpur,CINEMA005003,locality,East,Bihar,Bhagalpur,,
N,Connplex Cinemas (Signature): Gandhinagar,CINEMA005004,locality,West,Gujarat,Gandhinagar,,382419
N,"Connplex Cinemas: D`Mart Circle, Mehsana",CINEMA005005,locality,West,Gujarat,Mehsana,,384005
N,DDX Cinema Kolar: Bhopal,CINEMA005006,locality,Central,Madhya Pradesh,Bhopal,,462042
N,"DDX Cinema, Drishti Plaza Kolar, Bhopal",CINEMA005007,locality,Central,Madhya Pradesh,Bhopal,,
N,"Deivam Theatre By PVS Cinemas A/C 4K, Ettimadai Road, Tiruchengode",CINEMA005008,locality,South,Tamil Nadu,Tiruchengode,,
N,Devgn CineX: Mandvi,CINEMA005009,locality,West,Gujarat,Mandvi,,
N,"Devi Chitra Theatre A/C Atmos Cosmo Cinemas, Near Bus Stand, Perundurai",CINEMA005010,locality,South,Tamil Nadu,Perundurai,,638052
N,"Dreamland A/C Dolby Theatre, KSRTC Bustand Road, Vijayapura",CINEMA005011,locality,South,Karnataka,Vijayapura,,
N,Dreamland A/C Dolby Theatre: Vijayapura (Bijapur),CINEMA005012,locality,South,Karnataka,Vijayapura,,
N,Eylex Cinemas: Jamshedpur,CINEMA005013,locality,East,Jharkhand,Jamshedpur,,
N,"First Cinema, Tonk Road, Jaipur",CINEMA005014,locality,North,Rajasthan,Jaipur,,
N,"Fun Cinema Fun Republic Mall, Gomti Nagar, Lucknow",CINEMA005015,locality,North,Uttar Pradesh,Lucknow,,
N,"Fun Cinemas: Fun Republic Mall, Lucknow",CINEMA005016,locality,North,Uttar Pradesh,Lucknow,,226016
N,"Funstar Cinemas: Vidhyadhar Nagar, Jaipur",CINEMA005017,locality,North,Rajasthan,Jaipur,,
N,Ganesh Theatre A/C RGB Laser Dolby Atmos: Tirupur,CINEMA005018,locality,South,Tamil Nadu,Tirupur,,641652
N,"INOX World Mark, Sector 65, Gurugram",CINEMA005019,locality,North,Haryana,Gurugram,,
N,"INOX: Old GMC, DB Road, Panaji",CINEMA005020,locality,West,Goa,Panaji,,
N,"Jothi Theatre A/C 2K 3D Dolby 7.1, West Muniappan Koil Street, Tiruchengode",CINEMA005021,locality,South,Tamil Nadu,Tiruchengode,,
N,Karuna Cinema: Arambagh,CINEMA005022,locality,East,West Bengal,Arambagh,,
N,Kasturba Cinema (Newly Renovated): Malad,CINEMA005023,locality,West,Maharashtra,Mumbai,,
N,KNOX Cinema: Keonjhar,CINEMA005024,locality,East,Odisha,Keonjhar,,758001
N,Kohinoor Cinema (Laser Dolby Atmos): Sanganer,CINEMA005025,locality,North,Rajasthan,Jaipur,,
N,KT Vision Cinema: Vasai (Screens),CINEMA005026,locality,West,Maharashtra,Vasai,,
N,KVA Cineplex: Raikot,CINEMA005027,locality,North,Punjab,Raikot,,141109
N,Liberty Mycinemas: Rohtak,CINEMA005028,locality,North,Haryana,Rohtak,,
N,Mani Talkies 2K RGB Laser ATMOS: Minjur,CINEMA005029,locality,South,Tamil Nadu,Minjur,,601203
N,Maxus Cinemas: Kandivali (E) Newly Opened,CINEMA005030,locality,West,Maharashtra,Mumbai,,400101
N,Maxus Cinemas: Saki Naka,CINEMA005031,locality,West,Maharashtra,Mumbai,,400072
N,Mayur Talkies: Balaghat,CINEMA005032,locality,Central,Madhya Pradesh,Balaghat,,481001
N,Midwaay Cine Cafe: Patratu,CINEMA005033,locality,East,Jharkhand,Patratu,,
N,"MovieTime Dahisar (E), Mumbai",CINEMA005034,locality,West,Maharashtra,Mumbai,,
N,MSM Cineplex: Biaora,CINEMA005035,locality,Central,Madhya Pradesh,Biaora,,465674
N,"Murukalaya Vishal Cinemas 4K Dolby Atmos, Pollachi",CINEMA005036,locality,South,Tamil Nadu,Pollachi,,
N,"Naaz Cinemas, Bombay Road, Buchireddypalem",CINEMA005037,locality,South,Andhra Pradesh,Buchireddypalem,,
N,"Naxa Popular Film City 4K 3D Dolby Atmos, Perinthalmanna Road, Valanchery",CINEMA005038,locality,South,Kerala,Perinthalmanna,,
N,"Parvi Cinemas (MGB), Nellore",CINEMA005039,locality,South,Andhra Pradesh,Nellore,,
N,"Prashant (A.C., 2K, Dolby), Near Bus Stand. Saharsa",CINEMA005040,locality,East,Bihar,Saharsa,,
N,Pratik Citymall Cinema: Pamgarh,CINEMA005041,locality,Central,Chhattisgarh,Pamgarh,,
N,"Rajhans Cinemas Helix 3, Ghatkopar (W), Mumbai",CINEMA005042,locality,West,Maharashtra,Mumbai,,400086
N,Rajnish Cineplex: Darbhanga,CINEMA005043,locality,East,Bihar,Darbhanga,,846001
N,Rangmahal Cineplex: Bhopal,CINEMA005044,locality,Central,Madhya Pradesh,Bhopal,,
N,Reflex Cinema: Abu Road,CINEMA005045,locality,North,Rajasthan,Abu Road,,
N,"Sai Chitra Theatre A/C 4K Laser Dolby Surround 7, Madanapalle",CINEMA005046,locality,South,Andhra Pradesh,Madanapalle,,517325
N,Sanelite Cinemas: D`Mart Circle Mehsana,CINEMA005047,locality,West,Gujarat,Mehsana,,384005
N,"Saraswathy Theatre by DCU, Komarapalayam",CINEMA005048,locality,South,Tamil Nadu,Komarapalayam,,695502
N,Silver Cineplex: Pathsala,CINEMA005049,locality,North East,Assam,Pathsala,,
N,Silver Screen (AC Dolby 7.1): Bijoynagar,CINEMA005050,locality,North East,Assam,Bijoynagar,,781122
N,"Sri Koteswara Theatre, Kandukur",CINEMA005051,locality,South,Andhra Pradesh,Kandukur,,
N,Sri Sai Baba: Shadnagar,CINEMA005052,locality,South,Telangana,Shadnagar,,
N,"Sri Sarswathi Mahal, Visakha Colony, Srikakulam",CINEMA005053,locality,South,Andhra Pradesh,Srikakulam,,532001
N,Sri Satya Theatre 2k A/c Dts: Neelapalli,CINEMA005054,locality,South,Andhra Pradesh,Neelapalli,,533464
N,Srinivas Mahal: Macherla,CINEMA005055,locality,South,Andhra Pradesh,Macherla,,522426
N,"SSS Multiplex 4K 3D RGB Laser Dolby Atmos Silver Screen, Main Road, Puliyankudi",CINEMA005056,locality,South,Tamil Nadu,Puliyankudi,,
N,"Suncity Cinemas, Baghapurana, Bagha Purana",CINEMA005057,locality,North,Punjab,Bagha Purana,,
N,SunMax - Chandra Mahal A/c Dts: Srikakulam,CINEMA005058,locality,South,Andhra Pradesh,Srikakulam,,
N,"SunMax Chandra Mahal A/C DTS, GT Road, Srikakulam",CINEMA005059,locality,South,Andhra Pradesh,Srikakulam,,532001
N,The Crown Theatre: Calicut,CINEMA005060,locality,South,Kerala,Calicut,,
N,Theatre Gurushree 2K: Mandya,CINEMA005061,locality,South,Karnataka,Mandya,,
N,Triveni Talkies: Kalaburagi,CINEMA005062,locality,South,Karnataka,Kalaburagi,,585101
N,"Vettri Malararasan Theatre 4K RGB Laser, Mahadhavapuram, Tiruchengode",CINEMA005063,locality,South,Tamil Nadu,Tiruchengode,,
N,Imusica Entertainment: Baraut,CINEMA005064,locality,North,Uttar Pradesh,Baraut,,
N,"Rajhans Multiplex: Mota Varachha A.R Mall, Surat",CINEMA005065,locality,West,Gujarat,Surat,,394105
N,Alankar Theatre 2K 7.1: Ponnamaravathi,CINEMA005066,locality,South,Tamil Nadu,Ponnamaravathi,,622407
N,"Alpana Cinema, Pratap Nagar Road, Vadodara",CINEMA005067,locality,West,Gujarat,Vadodara,,390004
N,Amba Cinema: Delhi 4K Laser Projector Dolby Atmos,CINEMA005068,locality,North,Delhi,Delhi,,
N,Amman Arangham Cinemas A/C Dolby: Alagusamuthiram,CINEMA005069,locality,South,Tamil Nadu,Alagusamuthiram,,636013
N,"Anand Cinemas Dolby Atmos 4K RGB Laser, Market Road, Marthandam",CINEMA005070,locality,West,Gujarat,Anand,,
N,"Annapurna Theatre A/C 2K Dolby 7.1, Ramachandrapuram",CINEMA005071,locality,South,Telangana,Ramachandrapuram,,
N,"Anurag and Amogh Theatres, Cheepuripalli",CINEMA005072,locality,South,Andhra Pradesh,Cheepuripalli,,
N,Ashok Cineplex: Khachrod,CINEMA005073,locality,Central,Madhya Pradesh,Khachrod,,
N,"Bioscope: Axis Mall, Rajarhat",CINEMA005074,locality,South,Telangana,Mall,,
N,"Blue Cinemas RGB Laser 4K & Dolby Atmos, Vellore",CINEMA005075,locality,South,Tamil Nadu,Vellore,,
N,Cinemaoo The Luxury: Chapra,CINEMA005076,locality,East,Bihar,Chapra,,
N,Cinemera Multiplex: Vadodara,CINEMA005077,locality,West,Gujarat,Vadodara,,
N,"Cinepolis Lake Mall, Rashbehari, Kolkata",CINEMA005078,locality,East,West Bengal,Kolkata,,700026
N,"Cinepolis: Mittal City, Bathinda",CINEMA005079,locality,North,Punjab,Bathinda,,151001
N,Connplex Cinemas (Luxuriance): Tribeca Highstreet,CINEMA005080,locality,West,Maharashtra,Pune,,411048
N,Connplex Cinemas (Signature): Junagadh,CINEMA005081,locality,West,Gujarat,Junagadh,,
N,Connplex Cinemas (Signature): Utkal Centre Point,CINEMA005082,locality,East,Odisha,Utkal Centre Point,,
N,Connplex Cinemas: Biswanath Chariali,CINEMA005083,locality,North East,Assam,Chariali,,
N,"Connplex Cinemas: Sir Jadeja, Dhrangadhra",CINEMA005084,locality,West,Gujarat,Dhrangadhra,,
N,"Deep Cinemas: Nizampura, Chhani Road",CINEMA005085,locality,West,Gujarat,Vadodara,,390024
N,Dream Cinema: Kallachi,CINEMA005086,locality,South,Kerala,Kallachi,,673506
N,Eswarsai 4K Dolby Atmos: Sattenapalle,CINEMA005087,locality,South,Andhra Pradesh,Sattenapalle,,
N,Fortune Four Cinemas A/C 2K 7.1: Rajanagaram,CINEMA005088,locality,South,Andhra Pradesh,Rajanagaram,,
N,"G3 Theatres Sindhura, Eluru Road, Gudivada",CINEMA005089,locality,South,Andhra Pradesh,Gudivada,,521001
N,G3 Theatres Sindhura: Gudivada,CINEMA005090,locality,South,Andhra Pradesh,Gudivada,,521301
N,"G3 Theatres, Gangaratnam, Akividu",CINEMA005091,locality,South,Andhra Pradesh,Akividu,,534235
N,Gayatri Theater 2K Digital A/C Dolby: Tumakuru,CINEMA005092,locality,South,Karnataka,Tumakuru,,
N,Gowrishankar DOLBY 7.1 RGB Laser: Attibele,CINEMA005093,locality,South,Karnataka,Bengaluru,,562107
N,"Infinity 7 Seas Cinema, Vadodara",CINEMA005094,locality,West,Gujarat,Vadodara,,390008
N,Infinity 7 Seas Cinema: Fatehganj,CINEMA005095,locality,North,Uttar Pradesh,Fatehganj,,390008
N,"INOX Ozone Galleria Mall, Kolakusma, Dhanbad",CINEMA005096,locality,East,Jharkhand,Dhanbad,,826007
N,INOX Ozone Galleria Mall: Dhanbad,CINEMA005097,locality,East,Jharkhand,Dhanbad,,
N,INOX: Srinagar Shivpora,CINEMA005098,locality,North,Jammu and Kashmir,Srinagar,,
N,Jai Bharath Theater 4K Atmos: Tumkur,CINEMA005099,locality,South,Karnataka,Tumkur,,
N,"K3K Cinemas, Beside Anand Way Bridge, Chimakurthy",CINEMA005100,locality,West,Gujarat,Anand,,523226
N,"Kangeyam Anand Cinemas Dolby Atmos 4K, Karur Bypass Road, Kangeyam",CINEMA005101,locality,South,Tamil Nadu,Kangeyam,,638153
N,"Kannaiya Theatre 4K Dolby Atmos RGB Laser Ganthi Nagar Main Road, Tindivanam",CINEMA005102,locality,South,Tamil Nadu,Tindivanam,,
N,"Kasthoori Cinemas Jaya A/C 3D, Gugai, Salem",CINEMA005103,locality,South,Tamil Nadu,Salem,,636006
N,Kaveri Cinemas A/C DTS Dolby: Karmamthody,CINEMA005104,locality,South,Kerala,Karmamthody,,
N,"Lakhi Cinema, Gurdaspur Road, Tanda",CINEMA005105,locality,North,Punjab,Gurdaspur,,
N,Laxmi Miniplex (2k 5.1 Dolby): Pilani,CINEMA005106,locality,North,Rajasthan,Pilani,,
N,M Lal Cineplexx (Aashirvad): Haripad,CINEMA005107,locality,South,Kerala,Haripad,,
N,Madho Starworld Cinemas: Amroha,CINEMA005108,locality,North,Uttar Pradesh,Amroha,,
N,"Miraj Cinemas : SWC Mall, Vadodara",CINEMA005109,locality,West,Gujarat,Vadodara,,390012
N,"MNK Cinema A/C dts , Mallasamudram, Salem",CINEMA005110,locality,South,Tamil Nadu,Salem,,
N,Movietime Miglani Cinema: Moradabad,CINEMA005111,locality,North,Uttar Pradesh,Moradabad,,
N,"MovieTime Miglani Cinemas, Gandhi Nagar, Moradabad",CINEMA005112,locality,North,Uttar Pradesh,Moradabad,,244001
N,Muralikrishna Cinema A/C 4K 3D: Dowlaiswaram,CINEMA005113,locality,South,Andhra Pradesh,Dowlaiswaram,,
N,Nataraj Theater: Bantumilli,CINEMA005114,locality,South,Andhra Pradesh,Bantumilli,,521324
N,"New Cinema 4K Dolby Atmos, Pudupalayam, Cuddalore",CINEMA005115,locality,South,Tamil Nadu,Cuddalore,,607001
N,New Hind Talkies: Bareilly,CINEMA005116,locality,North,Uttar Pradesh,Bareilly,,
N,"Pachiamman S P A Cinemas A/C DTS 7.1, Gorimedu, Salem",CINEMA005117,locality,South,Tamil Nadu,Salem,,
N,"Padmam Theatre A/C 2K, Down Hill, Malappuram",CINEMA005118,locality,South,Kerala,Malappuram,,676505
N,Raajam Cineplex 4K RGB Laser - 64ch Dolby Atmos,CINEMA005119,locality,South,Andhra Pradesh,Raajam,,
N,Radha Cinema: Randheja,CINEMA005120,locality,West,Gujarat,Randheja,,382620
N,"Radha Krishna Theatre A/C DTS, Nidadavole",CINEMA005121,locality,South,Andhra Pradesh,Nidadavole,,534301
N,"Rajhans Cinema, Nadiad",CINEMA005122,locality,West,Gujarat,Nadiad,,
N,"Rajhans Cinemas, Raopura Tower Road, Vadodara",CINEMA005123,locality,West,Gujarat,Vadodara,,390001
N,"Rajhans Cinemas: 93 Avenue Mall,Fatima Nagar, Pune",CINEMA005124,locality,West,Maharashtra,Pune,,411013
N,"Rajhans Cinemas: Golden Square, Bharuch",CINEMA005125,locality,West,Gujarat,Bharuch,,
N,Rajkamal Digital 2K Laser Projection: Mysore,CINEMA005126,locality,South,Karnataka,Mysore,,570001
N,"Rajshivalay Cinemas, Lotiya Bhagol, Anand",CINEMA005127,locality,West,Gujarat,Anand,,
N,Rassaz Multiplex: Mira Road,CINEMA005128,locality,West,Maharashtra,Mira Road,,401107
N,"RR Cinemas: Entertainment Hub, Roorkee",CINEMA005129,locality,North,Uttarakhand,Roorkee,,
N,Sanelite Cinemas (Pethapur): Gandhinagar,CINEMA005130,locality,West,Gujarat,Gandhinagar,,384315
N,"Shaan Cinema, AV Fortune Mall, Anand",CINEMA005131,locality,West,Gujarat,Anand,,
N,"Shaan Cinema: 9 Screen Multiplex, Anand",CINEMA005132,locality,West,Gujarat,Anand,,388120
N,Shri Siddanath Chitra Mandir: Atpadi,CINEMA005133,locality,West,Maharashtra,Atpadi,,
N,"SP Anand Cinemas, Bhanugudi Junction, Kakinada",CINEMA005134,locality,South,Andhra Pradesh,Kakinada,,
N,"Sri Venkateswara 2K A/C DTS, Venkatagiri, Naidupeta",CINEMA005135,locality,South,Andhra Pradesh,Venkatagiri,,
N,"Sri Vijayalakshmi Cinemas A/C 4K 3D, Anna Nagar, Kumbakonam",CINEMA005136,locality,South,Tamil Nadu,Kumbakonam,,612001
N,Sudharshan A/c DTS: Kanigiri,CINEMA005137,locality,South,Andhra Pradesh,Kanigiri,,523230
N,Usha Cinemas: Tirupur,CINEMA005138,locality,South,Tamil Nadu,Tirupur,,
N,"Venkatakrishna Theatre (V Max), Chagallu",CINEMA005139,locality,South,Andhra Pradesh,Chagallu,,
N,Venkateshwara A/c 4K Dolby Atmos: K.R.Puram,CINEMA005140,locality,South,Karnataka,Bengaluru,,
N,"Vijay Cinema - Kalol-Panchmahal, Navapura Lal Darwaja Road, Kalol Panchmahal",CINEMA005141,locality,West,Gujarat,Kalol,,389330
N,Vijay Mamta Cinema: Nashik,CINEMA005142,locality,West,Maharashtra,Nashik,,422006
N,White Screen Cinema (Five 11): Gandhinagar,CINEMA005143,locality,West,Gujarat,Gandhinagar,,
N,MH29 Fun N Food Miniplex: Yavatmal,CINEMA005144,locality,West,Maharashtra,Yavatmal,,445001
N,"Metro theatre A/C, Arakkonam main road, Thiruvalangadu",CINEMA005145,locality,South,Tamil Nadu,Thiruvalangadu,,
N,AG Star Cinema: Saila Khurd,CINEMA005146,locality,North,Punjab,Saila Khurd,,144529
N,Apsara & Sudha Cinemas: Hubli,CINEMA005147,locality,South,Karnataka,Hubli,,580020
N,"Bharath Cinemas: Canara Mall, Manipal",CINEMA005148,locality,South,Karnataka,Manipal,,
N,Bharath Cinemas: Shivamogga,CINEMA005149,locality,South,Karnataka,Shivamogga,,
N,"Cinepolis PVP Square, Mogalrajapuram, Vijayawada",CINEMA005150,locality,South,Andhra Pradesh,Vijayawada,,
N,"City Plus Multiplex, Dumas Road, Surat",CINEMA005151,locality,West,Gujarat,Surat,,395007
N,Deralakatte Bharath Cinemas: Bearys Turning Point,CINEMA005152,locality,South,Karnataka,Mangaluru,,
N,Dream Light Cinema: Sujangarh,CINEMA005153,locality,North,Rajasthan,Sujangarh,,
N,"E-SQUARE: Xion Mall, Hinjawadi",CINEMA005154,locality,West,Maharashtra,Pune,,
N,Ganesh A/C 2K Dolby: Tagarapuvalasa,CINEMA005155,locality,South,Andhra Pradesh,Tagarapuvalasa,,
N,"Geetanjali Cinema (DOLBY LASER): Kuju, Ramgarh",CINEMA005156,locality,East,Jharkhand,Ramgarh,,825316
N,Goodwin Cineplex: Serampore,CINEMA005157,locality,East,West Bengal,Serampore,,
N,"Illam Cinemas 4K Dolby Atmos, Perinthalmanna Rd, Pandikkad",CINEMA005158,locality,South,Kerala,Perinthalmanna,,
N,Jagadamba Complex A/C 4K Dolby Atmos : Vizag,CINEMA005159,locality,South,Andhra Pradesh,Vizag,,
N,Kailash Cineplex Dolby Digital: Gwalior,CINEMA005160,locality,Central,Madhya Pradesh,Gwalior,,
N,"Kalyan Cinemas A/C DTS, Ranganathan Road, Villupuram",CINEMA005161,locality,South,Tamil Nadu,Villupuram,,605602
N,"Kamala Theatre, Nirmal District, Bhainsa",CINEMA005162,locality,South,Telangana,Nirmal,,504103
N,"M Lal, Aashirvad Cineplexx: Shoranur",CINEMA005163,locality,South,Kerala,Shoranur,,
N,"Maxx Cinema, Mg Mall, Sector 14, Sonipat",CINEMA005164,locality,North,Haryana,Sonipat,,
N,Moreshwar Chitramandir: Pen,CINEMA005165,locality,West,Maharashtra,Pen,,
N,Nakshathra Thai Lakshmi Cinemas: Punalur,CINEMA005166,locality,South,Kerala,Punalur,,
N,Narasimha A/C (Newly Renovated): Gopalapatnam,CINEMA005167,locality,South,Andhra Pradesh,Visakhapatnam,,530027
N,"P Square Movieplex, Gota: Ahmedabad",CINEMA005168,locality,West,Gujarat,Ahmedabad,,
N,"Padma Talkies, Ramachandra Agrahara, Mysuru",CINEMA005169,locality,South,Karnataka,Mysuru,,
N,Planet Cinema: A/C Digital (Karkala),CINEMA005170,locality,South,Karnataka,Karkala,,
N,"PP Cinemall: Mandhana, Kanpur",CINEMA005171,locality,North,Uttar Pradesh,Kanpur,,209217
N,PR Miniplex: Tohana,CINEMA005172,locality,North,Haryana,Tohana,,
N,"PVR KC, B.C Road, Jammu",CINEMA005173,locality,North,Jammu and Kashmir,Jammu,,
N,"Rajhans Cinemas, Gandevi Road, Navsari",CINEMA005174,locality,West,Gujarat,Navsari,,
N,"Rajhans Cinemas: Kamrej, Surat",CINEMA005175,locality,West,Gujarat,Surat,,
N,"Redrocks Cherish Cinemas, Palwal",CINEMA005176,locality,North,Haryana,Palwal,,
N,Rupam Multiplex: Ahmedabad,CINEMA005177,locality,West,Gujarat,Ahmedabad,,
N,"Sangeeth 4K Laser & Lumiere Dolby Atmos, Vyapara Bhavan Road, Kottakkal",CINEMA005178,locality,South,Kerala,Kottakkal,,676503
N,"Santhi Picture Palace, Singarayakonda",CINEMA005179,locality,South,Andhra Pradesh,Singarayakonda,,
N,Sathya A/C Theatre: Bhadravati,CINEMA005180,locality,West,Maharashtra,Bhadravati,,
N,"Satya Chandra, Palivela Road, Kothapeta",CINEMA005181,locality,South,Andhra Pradesh,Kothapeta,,
N,Shesh Mahal Theater: Pamur,CINEMA005182,locality,South,Andhra Pradesh,Pamur,,
N,Silver Hills Naxa Cinemas 4K Dolby ATMOS,CINEMA005183,locality,South,Kerala,Kozhikode,,
N,Sree Alankar Cinemas: Jaggayyapeta,CINEMA005184,locality,South,Andhra Pradesh,Jaggayyapeta,,521175
N,Sri Annapoorna Theatre 2K A/C DTS: Pithapuram,CINEMA005185,locality,South,Andhra Pradesh,Pithapuram,,533450
N,"Sri Lakshmi Cinemas Full A/C, Sathankulam",CINEMA005186,locality,South,Tamil Nadu,Sathankulam,,
N,Sri Sai Teja Theatre: Tallapudi,CINEMA005187,locality,South,Andhra Pradesh,Tallapudi,,534341
N,Sri Sakthi Cinemas: Erode,CINEMA005188,locality,South,Tamil Nadu,Erode,,638004
N,Sri Satyanarayana Cinemas: Eluru,CINEMA005189,locality,South,Andhra Pradesh,Eluru,,
N,"Sri Senthilvel Theatre Sony 4K Dolby 7.1, Tirunelveli",CINEMA005190,locality,South,Tamil Nadu,Tirunelveli,,627002
N,STBL Cinemas Multiplex SL Nagar: Visakhapatnam,CINEMA005191,locality,South,Andhra Pradesh,Visakhapatnam,,530016
N,"Suncity Cinemas, MMR Grand Mall, Bulandshahr",CINEMA005192,locality,North,Uttar Pradesh,Bulandshahr,,203001
N,"Suncity Cinemas: Priya Plaza Mall, Kashipur",CINEMA005193,locality,North,Uttarakhand,Kashipur,,
N,"SVC Lakshmi Cinemas Dolby 7.1 A/C, Devakottai",CINEMA005194,locality,South,Tamil Nadu,Devakottai,,630302
N,"SVC Natraj Theatre, Bottu Guda, Nalgonda",CINEMA005195,locality,South,Telangana,Nalgonda,,
N,"SVF Cinemas: KPS Mall, Hooghly",CINEMA005196,locality,East,West Bengal,Hooghly,,
N,"Swarn Cinemas, Bhandaridih, Giridih",CINEMA005197,locality,East,Jharkhand,Giridih,,815301
N,"Thangamani Theatre A/C, Thiruppatur",CINEMA005198,locality,South,Tamil Nadu,Thiruppatur,,630211
N,The Entertainment Park: Bhavnagar,CINEMA005199,locality,West,Gujarat,Bhavnagar,,
N,Venkateshwara Digital 4K Dolby Atmos A/C: Kengeri,CINEMA005200,locality,South,Karnataka,Bengaluru,,
N,"Venu Gopala Picture Palace, Lakkavaram",CINEMA005201,locality,South,Andhra Pradesh,Lakkavaram,,
N,Venu Gopala Picture Palace: Lakkavaram,CINEMA005202,locality,South,Andhra Pradesh,Lakkavaram,,533254
N,Victory Cinemas A/C DOLBY Sound: Cumbum,CINEMA005203,locality,South,Tamil Nadu,Cumbum,,
N,"Victory Theatre: Camp, Pune",CINEMA005204,locality,West,Maharashtra,Pune,,
N,"PVR Oberon, Mosque Road, Kochi",CINEMA005205,locality,South,Kerala,Kochi,,
N,"TPR Cinemas  4K Dolby Surround 7.1,  Jammalamadugu",CINEMA005206,locality,South,Andhra Pradesh,Jammalamadugu,,
N,Asian Venkateshwara: Siddipet,CINEMA005207,locality,South,Telangana,Siddipet,,502103
N,"ABR Cinemas Neo Screen X:  Kanuru, Vijayawada",CINEMA005208,locality,South,Andhra Pradesh,Vijayawada,,
N,"AG Star Cinemas, VPO Badhowan, Hoshiarpur",CINEMA005209,locality,North,Punjab,Hoshiarpur,,146001
N,"Anand 2K 3D 7.1 Digital, Vellegoundan Palayam, Dharmapuri",CINEMA005210,locality,South,Tamil Nadu,Dharmapuri,,
N,"Anand Paradise Multiplex 3D 4K Dolby Atmos, Andaman Housing Coop Society, Port Blair",CINEMA005211,locality,South,Andaman and Nicobar Islands,Port Blair,,744103
N,"Apple Cinema: Jahangirpura, Surat",CINEMA005212,locality,West,Gujarat,Surat,,395005
N,Asian Nataraj: Adilabad,CINEMA005213,locality,South,Telangana,Adilabad,,504001
N,Asian Srinivasa: Mahbubnagar,CINEMA005214,locality,South,Telangana,Mahbubnagar,,509001
N,Batra Reels Cinemas: New Friends Colony,CINEMA005215,locality,North,Delhi,Delhi,,
N,"Brundaban (4k, Dolby Atmos 64 Channel Sounds)",CINEMA005216,locality,East,Odisha,Bhubaneswar,,
N,Capital Cinemas (Victory Screen): Vijayawada,CINEMA005217,locality,South,Andhra Pradesh,Vijayawada,,
N,"Capital Cinemas Trendset Mall, Kala Nagar, Vijayawada",CINEMA005218,locality,South,Andhra Pradesh,Vijayawada,,
N,"Cinecaarnival: Crossroad Mall, Rourkela",CINEMA005219,locality,East,Odisha,Rourkela,,
N,"Coconut Virat Multiplex, Nadiad",CINEMA005220,locality,West,Gujarat,Nadiad,,
N,Deepak Talkies: Bidadi,CINEMA005221,locality,South,Karnataka,Bidadi,,
N,Dhurba Miniplex: Dolohat,CINEMA005222,locality,East,West Bengal,Dolohat,,787023
N,Globe Cinemas: Camp Area,CINEMA005223,locality,West,Maharashtra,Pune,,
N,Grand Cineplex: Sarangarh,CINEMA005224,locality,Central,Chhattisgarh,Sarangarh,,496450
N,"JR Ohri Cinemas, Kurali Road, Ropar",CINEMA005225,locality,North,Punjab,Ropar,,140001
N,"Kairali Cinemas 4K Dolby Atmos, Calicut Road, Manjeri",CINEMA005226,locality,South,Kerala,Calicut,,676121
N,"Kinnera Deluxe Theatre, Koratla",CINEMA005227,locality,South,Telangana,Koratla,,505326
N,Ladder Cinemas: Manjeri,CINEMA005228,locality,South,Kerala,Manjeri,,676121
N,Laxmi 70MM A/C LASER DTS: Shamshabad,CINEMA005229,locality,South,Telangana,Hyderabad,,
N,"Laxmi Picture Palace, Maharanipeta, Bobbili",CINEMA005230,locality,South,Andhra Pradesh,Bobbili,,535558
N,MovieMax City Centre LA Mall: Bareilly,CINEMA005231,locality,North,Uttar Pradesh,Bareilly,,243001
N,"MovieMax Edition (Luxe),  Rcube Monad Mall, Noida",CINEMA005232,locality,North,Uttar Pradesh,Noida,,
N,"MovieMax Laserplex: Gulshan One 29 Mall, Noida",CINEMA005233,locality,North,Uttar Pradesh,Noida,,
N,Movietime Cinemas: Jammu,CINEMA005234,locality,North,Jammu and Kashmir,Jammu,,
N,"Movietime Cinemas: Sector 18, Noida",CINEMA005235,locality,North,Uttar Pradesh,Noida,,
N,"MovieTime Dharam Palace Mall, Noida",CINEMA005236,locality,North,Uttar Pradesh,Noida,,
N,"MovieTime Malad (W), Mumbai",CINEMA005237,locality,West,Maharashtra,Mumbai,,400064
N,Naaz Cinemas: Buchireddypalem,CINEMA005238,locality,South,Andhra Pradesh,Buchireddypalem,,524305
N,Nandan: Kolkata,CINEMA005239,locality,East,West Bengal,Kolkata,,
N,Nataraj: Paralakhemundi (A/C Dolbi Atmos),CINEMA005240,locality,East,Odisha,Paralakhemundi,,
N,"Panruti Bhuvaneswari Theatre, Kamaraj Nagar, Panruti",CINEMA005241,locality,South,Tamil Nadu,Panruti,,
N,"Prem Talkies 2K Dolby 7.1 A/C, Forbesganj",CINEMA005242,locality,East,Bihar,Forbesganj,,
N,Puspashree Cinema: Kadamtala,CINEMA005243,locality,East,West Bengal,Kadamtala,,
N,Radha Starworld: Rampur,CINEMA005244,locality,North,Uttar Pradesh,Rampur,,
N,"Rajhans Cinemas, Apple Plaza, Ankleshwar",CINEMA005245,locality,West,Gujarat,Ankleshwar,,
N,"Rajhans Cinemas, Apple Plaza: Ankleshwar",CINEMA005246,locality,West,Gujarat,Ankleshwar,,
N,"Rajhans Cinemas, Prestige North, Bardoli",CINEMA005247,locality,West,Gujarat,Bardoli,,394345
N,"Rajhans Cinemas: Rajhans Flamingo, Katargam, Surat",CINEMA005248,locality,West,Gujarat,Surat,,
N,"Rajhans Cinemas: Rajhans Precia, Surat",CINEMA005249,locality,West,Gujarat,Surat,,
N,RS Theatre: Namagiripettai,CINEMA005250,locality,South,Tamil Nadu,Namagiripettai,,
N,Sai Balaji A/c Dolby Surround: Santhanutalapadu,CINEMA005251,locality,South,Andhra Pradesh,Santhanutalapadu,,
N,"Sanelite Cinemas: Katargam, Surat",CINEMA005252,locality,West,Gujarat,Surat,,
N,Sangamithra Theater A/C 2K Dolby: Mylavaram,CINEMA005253,locality,South,Andhra Pradesh,Mylavaram,,521230
N,Sarojini Picture Palace 2K A/c Dolby: Duggirala,CINEMA005254,locality,South,Andhra Pradesh,Duggirala,,522330
N,"Satyasri Picture Palace 2K A/C DTS, Mandapeta",CINEMA005255,locality,South,Andhra Pradesh,Mandapeta,,
N,"Sri Karthikai Theatre, Balamore Road, Nagercoil",CINEMA005256,locality,South,Tamil Nadu,Nagercoil,,
N,"Sri Seetarama Theatre, Yellandu",CINEMA005257,locality,South,Telangana,Yellandu,,507123
N,Sri Seetha Rama Talkies: Yellandu,CINEMA005258,locality,South,Telangana,Yellandu,,
N,Srinivasa Cinemas(SAP) 4K Dolby: Tirupur,CINEMA005259,locality,South,Tamil Nadu,Tirupur,,
N,"Srinivasa Mahal, Sagar Road, Macherla",CINEMA005260,locality,South,Andhra Pradesh,Macherla,,
N,SRK Chitra Mandir 4K Dolby Atmos: Payakaraopeta,CINEMA005261,locality,South,Andhra Pradesh,Payakaraopeta,,531126
N,"Sujana Theatre, NH65, Chityal",CINEMA005263,locality,South,Telangana,Chityal,,
N,"Surya Mahal, Jeypore Vizianagaram Road, Gajapathinagaram",CINEMA005264,locality,South,Andhra Pradesh,Gajapathinagaram,,535270
N,"SVC Poorna Picture Palace, RTC Bus Stand Center, Kothagudem",CINEMA005265,locality,South,Telangana,Kothagudem,,507101
N,Tanishka Cinema: Beed,CINEMA005266,locality,West,Maharashtra,Beed,,
N,"Tulasi Cinemas, Thullur",CINEMA005267,locality,South,Andhra Pradesh,Thullur,,
N,Urvashi Theatre: Bhupalpalle,CINEMA005268,locality,South,Telangana,Bhupalpalle,,506169
N,"V Y Luxe, Rajnandgaon",CINEMA005269,locality,Central,Chhattisgarh,Rajnandgaon,,491441
N,"Vaishali Multiplex, Indira Nagar, Nadiad",CINEMA005270,locality,West,Gujarat,Nadiad,,387001
N,Vijaya Cinemas AC RGB Laser Dolby: Nellikuppam,CINEMA005271,locality,South,Tamil Nadu,Nellikuppam,,
N,"Vijaya Talkies, Near CBT, Dharwad",CINEMA005272,locality,South,Karnataka,Dharwad,,580001
N,Wide Angle: Ahmedabad,CINEMA005273,locality,West,Gujarat,Ahmedabad,,
N,Sree Balaji Movie Land A/C 4K: Punganur,CINEMA005274,locality,South,Andhra Pradesh,Punganur,,
N,A Square Cinemas Annapoorani Dolby A/c 7.1 Sony 4K,CINEMA005275,locality,South,Tamil Nadu,Coimbatore,,
N,Aiswarya Theatre: Pathanamthitta,CINEMA005276,locality,South,Kerala,Pathanamthitta,,689645
N,Alankar Chitramandir: Shirpur,CINEMA005277,locality,West,Maharashtra,Shirpur,,
N,Anandha Theatre A/C DTS: Valasaiyur,CINEMA005278,locality,South,Tamil Nadu,Valasaiyur,,636122
N,Bhagwat Uma Mandir: Solapur,CINEMA005279,locality,West,Maharashtra,Solapur,,413001
N,"Chandan Cinemas, Dolby Atmos, Railway Koduru",CINEMA005280,locality,South,Andhra Pradesh,Koduru,,
N,Chatrapati Cinema: Barshi,CINEMA005281,locality,West,Maharashtra,Barshi,,
N,"Cine Plaza Sunam, Sunam, Sangrur",CINEMA005282,locality,North,Punjab,Sangrur,,
N,Cinea City Pride: Phaltan,CINEMA005283,locality,West,Maharashtra,Phaltan,,
N,"Cinepolis TDI, Jagat Mall, Chandigarh",CINEMA005284,locality,North,Chandigarh,Chandigarh,,160017
N,"Cinepolis Unity City Centre, Dwarka",CINEMA005285,locality,North,Delhi,Delhi,,
N,City Gold: Ashram Road,CINEMA005286,locality,West,Gujarat,Ahmedabad,,380009
N,Classic Cinema RGB Laser 4K 3D Dolby: Taliparamba,CINEMA005287,locality,South,Kerala,Taliparamba,,
N,"CP Cinema (Haveli), Centre Prime Mall, Solan",CINEMA005288,locality,North,Himachal Pradesh,Solan,,
N,"CP Cinemas (Haveli), Centre Prime Mall: Solan",CINEMA005289,locality,North,Himachal Pradesh,Solan,,
N,Deepthi Cinemas A/c 2K Dolby Atmos: Kanhangad,CINEMA005290,locality,South,Kerala,Kanhangad,,
N,"Dnyaneshwar Chitra Mandir, Navi Peth, Rahuri",CINEMA005291,locality,West,Maharashtra,Rahuri,,
N,"Gagan Theatre: Nand Nagri, Delhi",CINEMA005292,locality,North,Delhi,Delhi,,110093
N,Grand Cinemaz: UNA,CINEMA005293,locality,North,Himachal Pradesh,Una,,
N,"GS Cinemas, Near Lilatha Hospital, Guntur",CINEMA005294,locality,South,Andhra Pradesh,Guntur,,
N,JV Cinemas: Mathura Refinery,CINEMA005295,locality,North,Uttar Pradesh,Mathura,,
N,Kapeel Cinema Nucleus Mall,CINEMA005296,locality,South,Telangana,Mall,,
N,"Kavitha Theatre A/C dts, Sivagurunathapuram, Surandai",CINEMA005297,locality,South,Tamil Nadu,Surandai,,627859
N,"Mythri Cinemas, Mythri Mall Barco Flagship Laser Projection, Guntur",CINEMA005298,locality,South,Andhra Pradesh,Guntur,,
N,"Mythri Theatres Nataraj Cinemas, Nizamabad",CINEMA005299,locality,South,Telangana,Nizamabad,,503001
N,"Naaz Cinemas, Kothapet Main Road, Guntur",CINEMA005300,locality,South,Telangana,Hyderabad,,522001
N,"Nathganga Cinema (Screen 2), Loni",CINEMA005301,locality,West,Maharashtra,Loni,,
N,Nethravathi A/c Theatre: Bhadravati,CINEMA005302,locality,West,Maharashtra,Bhadravati,,
N,New Rama Chitra Mandir(Only Recliner & Sofa):Latur,CINEMA005303,locality,West,Maharashtra,Latur,,413531
N,NVR Sandhya Theater 4K Dolby Atmos: Tirupati,CINEMA005304,locality,South,Andhra Pradesh,Tirupati,,517501
N,"Plateno Cinemas Dolby Atmos 4K Barco Projection, Guntur",CINEMA005305,locality,South,Andhra Pradesh,Guntur,,522007
N,Pratap Theater A/c 4K Dolby Atmos: Tirupati,CINEMA005306,locality,South,Andhra Pradesh,Tirupati,,517501
N,"Rajai Square Cinema, Opp GIDC, Godhra",CINEMA005307,locality,West,Gujarat,Godhra,,
N,"Rajhans Cinemas Golden Square, Near ABC Circle, Bharuch",CINEMA005308,locality,West,Gujarat,Bharuch,,392015
N,"Rajhans Multiplex, AR Mall, Surat",CINEMA005309,locality,West,Gujarat,Surat,,394105
N,"Rajhans Multiplex, Gopi Talav, Surat",CINEMA005310,locality,West,Gujarat,Surat,,
N,"Rajhans Multiplex: Adajan, Surat",CINEMA005311,locality,West,Gujarat,Surat,,
N,Ramesh Theatre A/C Sony 4K 3D 7.1: Ramanathapuram,CINEMA005312,locality,South,Tamil Nadu,Ramanathapuram,,
N,"Revathi Cinemas A/C Dolby Atmos 4K 3D, Srivilliputhur",CINEMA005313,locality,South,Tamil Nadu,Srivilliputhur,,626125
N,RNR Theater A/C Dolby Atmos: Kalikiri,CINEMA005314,locality,South,Andhra Pradesh,Kalikiri,,517234
N,"Rupam Multiplex, Relief Road, Ahmedabad",CINEMA005315,locality,West,Gujarat,Ahmedabad,,
N,Sakthi Cinemas 4K HD Dolby Atmos Real 3D:Tirupur,CINEMA005316,locality,South,Tamil Nadu,Tirupur,,641603
N,"Sanelite Cinemas: Sarthak Square, Visnagar",CINEMA005317,locality,West,Gujarat,Visnagar,,
N,Sathya Movie House 3D Dolby Atmos: Palakkad,CINEMA005318,locality,South,Kerala,Palakkad,,
N,Seethas Theatre A/C 2K: Alappuzha,CINEMA005319,locality,South,Kerala,Alappuzha,,
N,Shreepathy Cinemas (PLF) Atmos RGB Laser:Thanjavur,CINEMA005320,locality,South,Tamil Nadu,Thanjavur,,
N,Sivaram Theater: Banaganapalli,CINEMA005321,locality,South,Andhra Pradesh,Banaganapalli,,
N,"Sri Bhimeswara A/C DTS, Angara",CINEMA005322,locality,South,Andhra Pradesh,Sri Bhimeswara,,
N,Sri Ramachandra Cinemas: Kankipadu,CINEMA005323,locality,South,Andhra Pradesh,Kankipadu,,521151
N,Sri Rengaraj Talkies: Tiruchirappalli,CINEMA005324,locality,South,Tamil Nadu,Tiruchirappalli,,
N,Surya Cinemax: Ramachandrapuram,CINEMA005325,locality,South,Telangana,Ramachandrapuram,,
N,"The Dreamvue Cinemas, Novvo Mall, Tanur",CINEMA005326,locality,South,Telangana,Mall,,676302
N,"VAB Theatre A/C, Gandhi Road, Cheyyar",CINEMA005327,locality,South,Tamil Nadu,Cheyyar,,
N,"Valentine Multiplex, Pipload, Surat",CINEMA005328,locality,West,Gujarat,Surat,,395007
N,Vasantha 4K RGB LASER DOLBY ATMOS: Davangere,CINEMA005329,locality,South,Karnataka,Davangere,,
N,"Vimala Theatre, Shanti Nagar, Sircilla",CINEMA005330,locality,South,Telangana,Sircilla,,505301
N,Viswalakshmi Theatre A/C RGB Laser 2K: Peralam,CINEMA005331,locality,South,Tamil Nadu,Peralam,,
N,"MovieMax: Ansal Plaza, Gurgaon",CINEMA005332,locality,North,Haryana,Gurgaon,,122017
N,"Vijaya Krishna 2K A/C DTS, Satyanarayanapuram, Bapatla",CINEMA005333,locality,South,Andhra Pradesh,Krishna,,
N,"Abirami Theatre A/C 2K Dolby 7.1, Paramathivelur",CINEMA005334,locality,South,Tamil Nadu,Paramathivelur,,638182
N,"Annapurna Theatre AC DTS 2K, Jaggnnapeta Road, Tatipaka",CINEMA005335,locality,South,Andhra Pradesh,Tatipaka,,
N,"Apple Multiplex: Maninagar, Ahmedabad",CINEMA005336,locality,West,Gujarat,Ahmedabad,,380022
N,Cheloor Grand Cinemas: Cherpulassery,CINEMA005337,locality,South,Kerala,Cherpulassery,,
N,Cinemagic Cinemas: Bikaner,CINEMA005338,locality,North,Rajasthan,Bikaner,,334401
N,"Dream Reality Cinemas, Grand Mall, Mansa",CINEMA005339,locality,North,Punjab,Mansa,,
N,EVM Latha 4k 3D RGB Pure laser 7.1: Muvattupuzha,CINEMA005340,locality,South,Kerala,Muvattupuzha,,
N,Eylex Cinema: Hazaribagh,CINEMA005341,locality,East,Jharkhand,Hazaribagh,,
N,"Funsquare Cinema, Ghotawade Phata, Pirangut",CINEMA005342,locality,West,Maharashtra,Pune,,
N,GK Poonga Theatre 4K RGB Dolby Atmos: Uthiramerur,CINEMA005343,locality,South,Tamil Nadu,Uthiramerur,,
N,Grand Cinemaz: Moga (Orbit),CINEMA005344,locality,North,Punjab,Moga,,
N,ICONIX CINEMAS: (OLD AARADHANA TALKIES) THANE,CINEMA005345,locality,West,Maharashtra,Thane,,
N,Karthika Fun Movies Thalikulam RGB 4K Laser Atmos,CINEMA005346,locality,South,Kerala,Thrissur,,680569
N,KPS Movie: Guntakal,CINEMA005347,locality,South,Andhra Pradesh,Guntakal,,515801
N,Madhab Cinema Hall: Bhadrak,CINEMA005348,locality,East,Odisha,Bhadrak,,
N,"Magic Frames Khayaam 4K Dolby Atmos 3D, Tirur",CINEMA005349,locality,South,Kerala,Tirur,,
N,"MG Cinemas, Geeta Colony, Hisar",CINEMA005350,locality,North,Haryana,Hisar,,125001
N,Mohan Cinema: Daltonganj,CINEMA005351,locality,East,Jharkhand,Daltonganj,,822101
N,"MovieMax: PR Mall, Wall Tax Road, Chennai",CINEMA005352,locality,South,Tamil Nadu,Chennai,,600001
N,Nayanthara Theatre by PVS Cinemas A/C 4K,CINEMA005353,locality,South,Kerala,Kozhikode,,635002
N,"Raj Mandir Cinema, Ramgarhwa",CINEMA005354,locality,East,Bihar,Ramgarhwa,,
N,"Raj Theatre, R S Road, Kurnool",CINEMA005355,locality,South,Andhra Pradesh,Kurnool,,
N,"Rajesh Theatre A/C 4K Screen 7.1 Dolby Audio, Nagercoil",CINEMA005356,locality,South,Tamil Nadu,Nagercoil,,
N,"Rajhans Cinemas, Gurukul Road, Gandhidham",CINEMA005357,locality,West,Gujarat,Gandhidham,,370203
N,"Rajshri Cine Complex, HBG Nagar, Adoni",CINEMA005358,locality,South,Andhra Pradesh,Adoni,,518301
N,Royal Cines: Morigaon,CINEMA005359,locality,North East,Assam,Morigaon,,
N,"Sanelite Cinemas: Treg Mall, Patan",CINEMA005360,locality,West,Gujarat,Patan,,384265
N,Sarb Multiplex: Jalandhar,CINEMA005361,locality,North,Punjab,Jalandhar,,
N,Shiv Miniplex: Surendranagar,CINEMA005362,locality,West,Gujarat,Surendranagar,,
N,Shri Shivaji Talkies: Talegaon,CINEMA005363,locality,West,Maharashtra,Talegaon,,410506
N,Shrri Dhevee Theatre A/C DTS: Rasipuram,CINEMA005364,locality,South,Tamil Nadu,Rasipuram,,
N,"Siddalingeshwara A/C 4K 3D Dolby Digital, JP Nagar",CINEMA005365,locality,South,Karnataka,Bengaluru,,
N,Sky Cineplex: Mandsaur,CINEMA005366,locality,Central,Madhya Pradesh,Mandsaur,,
N,Sree Durga Chabighar: Chandannagar,CINEMA005367,locality,East,West Bengal,Chandannagar,,712136
N,Sudha Theater A/c UFO 2K Dolby: Proddatur,CINEMA005368,locality,South,Andhra Pradesh,Proddatur,,
N,"SVC Maheshwari Theatre 4K Laser Dolby Atmos (Newly Renovated), Adilabad",CINEMA005369,locality,South,Telangana,Adilabad,,
N,"Top3 Multiplex, Vikash Path, Bhavnagar",CINEMA005370,locality,West,Gujarat,Bhavnagar,,
N,"Vaibhav Digital 4K Dolby 7.1, SanjayNagar, Bengaluru",CINEMA005371,locality,South,Karnataka,Bengaluru,,560054
N,Vaishali Cinema: Badlapur,CINEMA005372,locality,West,Maharashtra,Badlapur,,421503
N,Vetri Cinemas (Villapuram) Dolby Atmos: Madurai,CINEMA005373,locality,South,Tamil Nadu,Madurai,,
N,"Wave One Movies, Channi Rama, Jammu",CINEMA005374,locality,North,Jammu and Kashmir,Jammu,,
N,"PVR: Sree Kanya, Narsipatnam",CINEMA005375,locality,South,Andhra Pradesh,Narsipatnam,,531116
N,"Devi Multiplex, Naroda, Ahmedabad",CINEMA005376,locality,West,Gujarat,Ahmedabad,,
N,"Apple Multiplex: Gota, Ahmedabad",CINEMA005377,locality,West,Gujarat,Ahmedabad,,
N,APR Cinemas Jeyam AC Christie 4K Dolby: Madurai,CINEMA005378,locality,South,Tamil Nadu,Madurai,,
N,Ashwini Theatre: Thorrur,CINEMA005379,locality,South,Telangana,Thorrur,,
N,Bhagwat Cinemas (A.C): Solapur,CINEMA005380,locality,West,Maharashtra,Solapur,,
N,Chandra Multiplex Cinema: Dabhara,CINEMA005381,locality,Central,Chhattisgarh,Dabhara,,495691
N,"Cine Park: Chala, Vapi",CINEMA005382,locality,West,Gujarat,Vapi,,396191
N,"CineCosmo: Sentrum Mall, Asansol",CINEMA005383,locality,East,West Bengal,Asansol,,
N,"Cinegalaxy, Central Cinemas: Manipal",CINEMA005384,locality,South,Karnataka,Manipal,,
N,City Gold: Jivraj Park,CINEMA005385,locality,West,Gujarat,Ahmedabad,,380051
N,Devgn CineX (Formerly NY)  : Swagat Mall Gandhinagar,CINEMA005386,locality,West,Gujarat,Gandhinagar,,
N,"Devgn CineX: Chandkheda, Ahmedabad",CINEMA005387,locality,West,Gujarat,Chandkheda,,
N,Devgn CineX: Ghaziabad,CINEMA005388,locality,North,Uttar Pradesh,Ghaziabad,,
N,Devgn Cinex: Mulund,CINEMA005389,locality,West,Maharashtra,Mulund,,
N,Devgn CineX: Surendranagar,CINEMA005390,locality,West,Gujarat,Surendranagar,,363030
N,Dhanya Remya: Pathanamthitta,CINEMA005391,locality,South,Kerala,Pathanamthitta,,
N,Elora Multiplex: Champahati,CINEMA005392,locality,East,West Bengal,Champahati,,
N,"Golden Cinemas RGB Laser Dolby7.1 3D A/C, Gandhi Road, Thiruthani",CINEMA005393,locality,South,Tamil Nadu,Thiruthani,,
N,Gravity Cinemax: Jaijaipur,CINEMA005394,locality,Central,Chhattisgarh,Jaijaipur,,495690
N,"Jaya Kerala Theatre, Parappanangadi",CINEMA005395,locality,South,Kerala,Parappanangadi,,
N,"Jayalakshmi Cinemas - Dolby Atmos 4K 3D, Pallipalayam",CINEMA005396,locality,South,Tamil Nadu,Pallipalayam,,
N,"Jayasri Theatre, East Godavari, Yeleswaram",CINEMA005397,locality,South,Andhra Pradesh,East Godavari,,533429
N,Jazz And Arsh Cinemas A/C Sony 4K: Madurai,CINEMA005398,locality,South,Tamil Nadu,Madurai,,625020
N,Kairali Sree Theater: Alappuzha,CINEMA005399,locality,South,Kerala,Alappuzha,,
N,"Kannan Devi Cinemas, Tirunagar: Madurai",CINEMA005400,locality,South,Tamil Nadu,Madurai,,625006
N,Kastur Deluxe Theatre: Indore,CINEMA005401,locality,Central,Madhya Pradesh,Indore,,
N,Lakshmi Kala Mandir: Alwal,CINEMA005402,locality,South,Telangana,Hyderabad,,
N,Magnum Fun Cinemas: Nipani,CINEMA005403,locality,South,Karnataka,Nipani,,
N,"Mahananda Talkies, Luxettipet",CINEMA005404,locality,South,Telangana,Luxettipet,,504215
N,"Mangal Multiplex, Vijay Nagar, Indore",CINEMA005405,locality,North,Rajasthan,Vijay Nagar,,
N,"MovieMax: Eternity Mall, Thane (Seats Renovated)",CINEMA005406,locality,West,Maharashtra,Thane,,400604
N,"Movietime Cinemas, Novelty Mall Lawrence Road, Amritsar",CINEMA005407,locality,North,Punjab,Amritsar,,143001
N,"Movietime Cinemas: Omaxe Novelty Mall, Amritsar",CINEMA005408,locality,North,Punjab,Amritsar,,143001
N,Muneeswarar Cinema A/C Barco19B 4K 3D:Alanganallur,CINEMA005409,locality,South,Tamil Nadu,Alanganallur,,625501
N,Neemuch Multiplex: Patel Plaza,CINEMA005410,locality,Central,Madhya Pradesh,Neemuch,,
N,New Cinema (Lucky House): Mokama,CINEMA005411,locality,East,Bihar,Mokama,,803302
N,"New Sudha Theatre, Tirukkanur 3D A/C DTS 2K 7.1, Puducherry",CINEMA005412,locality,South,Puducherry,Puducherry,,605501
N,Nupur Cinema: Chh.Sambhajinagar (Newly Renovated),CINEMA005413,locality,West,Maharashtra,Chh.sambhajinagar,,
N,Palani Arumuga Cinema A/C Laser Projector: Madurai,CINEMA005414,locality,South,Tamil Nadu,Madurai,,
N,"Prakash Multiplex, Dabra",CINEMA005415,locality,Central,Madhya Pradesh,Dabra,,
N,"Raj Multiplex: Iris Plaza, Panwadi, Vyara",CINEMA005416,locality,West,Gujarat,Vyara,,
N,Rajashree Theatre: Nipani,CINEMA005417,locality,South,Karnataka,Nipani,,
N,"Revolution Multiplex, CTM: Ahmedabad",CINEMA005418,locality,West,Gujarat,Ahmedabad,,387130
N,"RK Cinemas: Blue Chip, Bharuch",CINEMA005419,locality,West,Gujarat,Bharuch,,
N,"RR Cinemas : Entertainment Hub, Roorkee (Newly Renovated)",CINEMA005420,locality,North,Uttarakhand,Roorkee,,247667
N,Sanelite Cinemas: Gravite Mall: Una,CINEMA005421,locality,South,Telangana,Mall,,
N,"Saptha Tharang Screen 2 2K Atmos, Kannichirakkal Mall, Koottanad",CINEMA005422,locality,South,Telangana,Mall,,679533
N,"Sathian Cinemas A/C 2K RGB Laser Dolby Atmos , Sekalai Road, Karaikudi",CINEMA005423,locality,South,Tamil Nadu,Karaikudi,,
N,Satyam VS Cinema: Pilkhuwa,CINEMA005424,locality,North,Uttar Pradesh,Pilkhuwa,,
N,"Shanmuga Theatre A/C 2K Dobly7.1, Kondur",CINEMA005425,locality,South,Tamil Nadu,Kondur,,605106
N,Shiva Multiplex: Jharsuguda,CINEMA005426,locality,East,Odisha,Jharsuguda,,
N,Shri Rajeswari Cinemas A/C 4K Dolby Atmos:Arni,CINEMA005427,locality,West,Maharashtra,Arni,,
N,Solamalai Cinemas A/C Sony 4K: Madurai,CINEMA005428,locality,South,Tamil Nadu,Madurai,,
N,"Sreekumar & Pavithra Theatre A/C 2K, Pattambi Road, Valanchery",CINEMA005429,locality,South,Kerala,Valanchery,,676552
N,Sri Krishna Lazer Projection 4K: Bomanahalli,CINEMA005430,locality,South,Andhra Pradesh,Krishna,,
N,Sri Maruthi Theatre: Shiralakoppa,CINEMA005431,locality,South,Karnataka,Shiralakoppa,,577428
N,Sri Raja Rajeswari: Jangareddy Gudem,CINEMA005432,locality,South,Andhra Pradesh,Jangareddy Gudem,,
N,"Sri Sakthi Cinemas, Dharapuram",CINEMA005433,locality,South,Tamil Nadu,Dharapuram,,
N,Sun City Plaza: Bagha Purana,CINEMA005434,locality,North,Punjab,Bagha Purana,,142038
N,Surya Theater 4K Dolby Atmos: Erattupetta,CINEMA005435,locality,South,Kerala,Erattupetta,,
N,"SVC Cinemas Gemini, Bellampally Road, Mancherial",CINEMA005436,locality,South,Telangana,Bellampally,,504251
N,Taj Cinemark: Dharashiv,CINEMA005437,locality,West,Maharashtra,Dharashiv,,413501
N,Tamil Jaya Cinemas SONY 4K Dolby Digital: Madurai,CINEMA005438,locality,South,Tamil Nadu,Madurai,,
N,"The Entertainment Park, Nawapara, Bhavnagar",CINEMA005439,locality,West,Gujarat,Bhavnagar,,
N,"Tirumala Theater 70MM, Gajulpet, Nirmal",CINEMA005440,locality,South,Telangana,Nirmal,,
N,Udayan Cinema: Sheoraphuli,CINEMA005441,locality,East,West Bengal,Sheoraphuli,,712223
N,Vaibhav Chitramandir: Hadapsar,CINEMA005442,locality,West,Maharashtra,Pune,,411028
N,"Vasantham Theatre, Eriyur",CINEMA005443,locality,South,Tamil Nadu,Eriyur,,636810
N,Vetri Cinemas (Maattuthavani) Dolby Atmos: Madurai,CINEMA005444,locality,South,Tamil Nadu,Madurai,,625007
N,Vijay Multiplex: Bhawani Mandi,CINEMA005445,locality,North,Rajasthan,Bhawani Mandi,,326502
N,"Devgn CineX (Formerly NY)  : Seven sky, Bhuj",CINEMA005446,locality,West,Gujarat,Bhuj,,370001
N,KRG Soundarya Mahal A/C 4K Dolby Doddaballapura,CINEMA005447,locality,South,Karnataka,Doddaballapura,,
N,Planet Movieplex: Siddhpur,CINEMA005448,locality,West,Gujarat,Siddhpur,,384151
N,"Sri Vishnu Cinemas RGB Laser Dolby Atmos DTS X Viruthampattu, Vellore",CINEMA005449,locality,South,Tamil Nadu,Vellore,,632006
N,Casino Talkies A/C Real Laser 3D DOLBY 7.1: Aluva,CINEMA005450,locality,South,Kerala,Aluva,,683101
N,"Sri Padmam, Tenkasi",CINEMA005451,locality,South,Tamil Nadu,Tenkasi,,
N,AARC PG City Miniplex: Mahad (Renovated),CINEMA005452,locality,West,Maharashtra,Mahad,,402301
N,"AKR Cinemas,TDI Mall: Kundli",CINEMA005453,locality,North,Haryana,Kundli,,
N,Ameer Cinemas A/C 4K 3D Dolby Atmos Twin Screens,CINEMA005454,locality,South,Kerala,Kozhikode,,
N,Anusaya: Parbhani,CINEMA005455,locality,West,Maharashtra,Parbhani,,
N,Asian Paradise Cinemas: Karimnagar,CINEMA005456,locality,South,Telangana,Karimnagar,,
N,Asian Urvasi 70MM: Godavarikhani,CINEMA005457,locality,South,Telangana,Godavarikhani,,
N,AVD Cinemas: Mahbubnagar,CINEMA005458,locality,South,Telangana,Mahbubnagar,,
N,Avishkar Cinemas Dolby Atmos: Kottayi,CINEMA005459,locality,South,Kerala,Kottayi,,678572
N,"Bhargavai Sreevatsa Theatre, Mysore, Nanjangud",CINEMA005460,locality,South,Karnataka,Nanjangud,,
N,Cinemera Multiplex: Halol,CINEMA005461,locality,West,Gujarat,Halol,,
N,"Cineplexx: Beside Hotel Deepti, Rourkela",CINEMA005462,locality,East,Odisha,Rourkela,,769001
N,Dhivyam Cinemax 4k RGB LASER Dolby Atmos,CINEMA005463,locality,South,Tamil Nadu,Dhivyam,,
N,"Eylex Cinemas: Jhumri Telaiya, Koderma",CINEMA005464,locality,East,Jharkhand,Koderma,,825409
N,"Fun Cinemas: Republic Mall, Chandigarh",CINEMA005465,locality,North,Chandigarh,Chandigarh,,
N,Galaxie Multiplex: Ghaziabad,CINEMA005466,locality,North,Uttar Pradesh,Ghaziabad,,
N,Ganam Theatre Complex 4K 3D: Kattanam,CINEMA005467,locality,South,Kerala,Kattanam,,690503
N,"Ganga Movies, Mala 4K Dolby Atmos",CINEMA005468,locality,South,Kerala,Mala,,680732
N,"INOX: Camp Road, Belagavi",CINEMA005469,locality,South,Karnataka,Belagavi,,
N,"INOX: Laila Mall, 4K LASER, DOLBY ATMOS, M.G Road",CINEMA005470,locality,South,Telangana,Mall,,520002
N,Jagadeeswari Theatre A/C 4K Dolby Atmos: Markapur,CINEMA005471,locality,South,Andhra Pradesh,Markapur,,523316
N,JANAGAR CINEMAS A/C DOLBY 7.1,CINEMA005472,locality,South,Tamil Nadu,Chennai,,
N,JAYA CINE VIBES AC Dolby7.1 Sound Laser Projector,CINEMA005473,locality,South,Tamil Nadu,Chennai,,761200
N,JB Cinemas 4K 3D: Nallila,CINEMA005474,locality,South,Kerala,Nallila,,
N,Kovai Shanti Complex 4K 3D: Coimbatore,CINEMA005475,locality,South,Tamil Nadu,Coimbatore,,641018
N,KS Talkies 2K Dolby 7.1 Surround: Hanuman Junction,CINEMA005476,locality,South,Andhra Pradesh,Hanuman Junction,,
N,Lakshmi Srinivasa: Aswaraopeta (Newly Renovated),CINEMA005477,locality,South,Andhra Pradesh,Aswaraopeta,,
N,Laxmi  A/C  Dts 2K: Kakinada,CINEMA005478,locality,South,Andhra Pradesh,Kakinada,,
N,Laxmi Chitramandir: Kankavli,CINEMA005479,locality,West,Maharashtra,Kankavli,,416602
N,Magic Frames Mehboob Theatre Complex 4K: Kasaragod,CINEMA005480,locality,South,Kerala,Kasaragod,,
N,"Maris Cinemas A/C, Railway Feeder Road, Palani",CINEMA005481,locality,South,Tamil Nadu,Palani,,624601
N,"Mayur Talkies, Hanuman Chowk Balaghat, Balaghat",CINEMA005482,locality,Central,Madhya Pradesh,Balaghat,,481001
N,"Minerva Empire Cinemaz, Chandamukku, Kottarakara",CINEMA005483,locality,South,Kerala,Kottarakara,,691506
N,"Miraj Cinemas : Chandra Pacific Mall, Golmuri",CINEMA005484,locality,West,Maharashtra,Miraj,,
N,MJ Cinema: Umerkote,CINEMA005485,locality,East,Odisha,Umerkote,,
N,MOVIE TIME: Crystal Mall,CINEMA005486,locality,South,Telangana,Mall,,
N,Moviemax Circle: Kasaragod,CINEMA005487,locality,South,Kerala,Kasaragod,,
N,"MovieMax Gold, Mariplex Mall, Kalyani Nagar, Pune",CINEMA005488,locality,East,West Bengal,Kalyani,,411014
N,"MovieMax: Eternity Mall, Thane (Seats Renovated)",CINEMA005489,locality,West,Maharashtra,Thane,,400604
N,"MovieMax: Wonder Mall, Thane",CINEMA005490,locality,West,Maharashtra,Thane,,
N,MSR Movie Land 2K 7.1 Sound: Punganur,CINEMA005491,locality,South,Andhra Pradesh,Punganur,,
N,"Mythri Theatres, Durga Raja Kalamandir 70MM A/C, Jagtial",CINEMA005492,locality,South,Telangana,Jagtial,,
N,"Nataraj Cinema, Civil Lines, Jhansi",CINEMA005493,locality,North,Uttar Pradesh,Jhansi,,
N,NS Theatre A/C DTS 2K: Attur,CINEMA005494,locality,South,Tamil Nadu,Attur,,
N,"Popkorn Cinemas: Galaxia Mall, Ranchi",CINEMA005495,locality,East,Jharkhand,Ranchi,,834005
N,Preet Palace: Ludhiana,CINEMA005496,locality,North,Punjab,Ludhiana,,
N,"PVR Centra, Industrial Phase 1, Chandigarh",CINEMA005497,locality,North,Chandigarh,Chandigarh,,
N,"PVR: City Center, Nashik",CINEMA005498,locality,West,Maharashtra,Nashik,,
N,"PVR: Warangal, Maddox Mall",CINEMA005499,locality,South,Telangana,Warangal,,
N,Raja Cinemas: Perambalur,CINEMA005500,locality,South,Tamil Nadu,Perambalur,,
N,RK Garden Cinema: Sujangarh,CINEMA005501,locality,North,Rajasthan,Sujangarh,,
N,"Rohini: Jayanthy, Cheyyur",CINEMA005502,locality,South,Tamil Nadu,Cheyyur,,
N,"Rohini: Swasthik, Tindivanam",CINEMA005503,locality,South,Tamil Nadu,Tindivanam,,
N,"RR Cinema, Water Work Road, Hathras",CINEMA005504,locality,North,Uttar Pradesh,Hathras,,
N,Sai Cineplexx: Oachira,CINEMA005505,locality,South,Kerala,Oachira,,690533
N,"Saradamba A/C 2K Dolby Atmos, Narasaraopet",CINEMA005506,locality,South,Andhra Pradesh,Narasaraopet,,522601
N,Satyam Theatre: Rajgurunagar (Pune),CINEMA005507,locality,West,Maharashtra,Pune,,
N,SGL Miniplex: Najibabad,CINEMA005508,locality,North,Uttar Pradesh,Najibabad,,
N,Sharada 70MM: Parigi,CINEMA005509,locality,South,Telangana,Parigi,,
N,"Shreyasa Cinema, Philiphit",CINEMA005510,locality,North,Uttar Pradesh,Philiphit,,
N,Silvercity Multiplex: Ghaziabad,CINEMA005511,locality,North,Uttar Pradesh,Ghaziabad,,
N,SJ Cinemas Santhi Sony 4K 3D Dolby: Puttur,CINEMA005512,locality,South,Andhra Pradesh,Puttur,,
N,Skylight (Sangam) Cinema: Nagpur,CINEMA005513,locality,West,Maharashtra,Nagpur,,440009
N,Sree Jayalakshmi Talkies: Samalkot,CINEMA005514,locality,South,Andhra Pradesh,Samalkot,,
N,Sri Basaveshwara Cinemas: K.R. Pete,CINEMA005515,locality,South,Karnataka,K.r. Pete,,577133
N,"Sri Cherukuri Theaters A/C DTS, Mogalthur",CINEMA005516,locality,South,Andhra Pradesh,Mogalthur,,
N,Sri Rama Complex: Nandyal,CINEMA005517,locality,South,Andhra Pradesh,Nandyal,,518501
N,"Sri Sai Rajeswari Complex Cine Hub, Proddatur",CINEMA005518,locality,South,Andhra Pradesh,Proddatur,,
N,"Sri Sakthi Cinemas, Pollachi",CINEMA005519,locality,South,Tamil Nadu,Pollachi,,
N,Sri Venkataramana 2K 3D Dolby 7.1: Amalapuram,CINEMA005520,locality,South,Andhra Pradesh,Amalapuram,,
N,Srinvasa 70MM A/C: Jadcherla,CINEMA005521,locality,South,Telangana,Jadcherla,,
N,"Sundaram Palace: Khaga, Fatehpur",CINEMA005522,locality,North,Uttar Pradesh,Fatehpur,,212655
N,Surendra Cinema: Ranaghat,CINEMA005523,locality,East,West Bengal,Ranaghat,,
N,Suriya Nova Cinemaz: Vita,CINEMA005524,locality,West,Maharashtra,Vita,,
N,"SVC Krishna Kala Mandir, Siddipet Road, Jangaon",CINEMA005525,locality,South,Telangana,Siddipet,,506167
N,T MAX CINEPLEX DOLBY 7.1 TRIPLE BEAM 3D,CINEMA005526,locality,South,Tamil Nadu,Chennai,,
N,"Urvasi Complex, Rajahmundry",CINEMA005527,locality,South,Andhra Pradesh,Rajahmundry,,
N,Urvasi Complex: Rajahmundry,CINEMA005528,locality,South,Andhra Pradesh,Rajahmundry,,
N,"VKNS Cinemas, Civil Line, Sultanpur",CINEMA005529,locality,North,Uttar Pradesh,Sultanpur,,
N,VPC Sri Kishore 2K Dolby: Ramachandrapuram,CINEMA005530,locality,South,Telangana,Ramachandrapuram,,
N,"Wide Angle Multiplex, Satellite Crossing, Ahmedabad",CINEMA005531,locality,West,Gujarat,Ahmedabad,,
N,Zeenath Theatre A/c Real Laser Dolby 7.1: Aluva,CINEMA005532,locality,South,Kerala,Aluva,,
N,Devgn Cinex (Formerly NY) : Mulund,CINEMA005533,locality,West,Maharashtra,Mulund,,
N,"Anu Cinemax 4K Atmos: Neyyattinkara, Nellimoodu",CINEMA005534,locality,South,Kerala,Nellimoodu,,695501
N,SLN Cinema 4K Dolby Atmos: Badvel,CINEMA005535,locality,South,Andhra Pradesh,Badvel,,516227
N,"SLN Multiplex 4K Dolby Atmos: Addaroad,Thimmapuram",CINEMA005536,locality,South,Andhra Pradesh,Thimmapuram,,531083
N,"Dreamlight Cinema Hall, Sujangarh",CINEMA005537,locality,North,Rajasthan,Sujangarh,,
N,Ganapathi Theatre A/C Dts: Nidadavolu,CINEMA005538,locality,South,Andhra Pradesh,Nidadavolu,,
N,"Geethalaya Cinemas Full A/C Dolby 7.1, Sankarankovil,",CINEMA005539,locality,South,Tamil Nadu,Sankarankovil,,
N,KA Cinemas A/C: Vikravandi,CINEMA005540,locality,South,Tamil Nadu,Vikravandi,,605652
N,"Maxus Cinema, Victoriya Park, Bhavnagar",CINEMA005541,locality,West,Gujarat,Bhavnagar,,364002
N,"Shiv Miniplex, Laxmi Nagar, Surendranagar",CINEMA005542,locality,West,Gujarat,Surendranagar,,363001
N,"Sri CKC Cinemas A/C 3D RGB Laser Dolby Atmos, CKC Nagar, Tirupattur",CINEMA005543,locality,South,Tamil Nadu,Tirupattur,,635602
N,Sri Govinda Mahal: Gollaprolu,CINEMA005544,locality,South,Andhra Pradesh,Gollaprolu,,
N,Sri Padma Theater A/C 2K Dolby: Jangareddy Gudem,CINEMA005545,locality,South,Andhra Pradesh,Jangareddy Gudem,,
N,"Sri Rama Kalamandir And Sri Sai Kalamandir, Palakonda",CINEMA005546,locality,South,Andhra Pradesh,Palakonda,,
N,"Tara Screens 2K A/C, Payakapuram: Vijayawada",CINEMA005547,locality,South,Andhra Pradesh,Vijayawada,,
N,"Utpal Dutta Manch, Banerjihat, Kolkata",CINEMA005548,locality,East,West Bengal,Kolkata,,700141
N,"V Mega Dwaraka Cine Complex, Hbg Nagar, Adoni",CINEMA005549,locality,South,Andhra Pradesh,Adoni,,518301
N,VS Mahal 4k Dolby Atmos 3D: Namavaram,CINEMA005550,locality,South,Andhra Pradesh,Namavaram,,533107
N,Nawaz Mahal: Gurramkonda,CINEMA005551,locality,South,Andhra Pradesh,Gurramkonda,,517297
N,"Wave: One Movies, Jammu",CINEMA005552,locality,North,Jammu and Kashmir,Jammu,,
N,"Ramanjaneya Theatre A/C DTS, Ranasthalam",CINEMA005553,locality,South,Andhra Pradesh,Ranasthalam,,532407
N,AANJANA Chitrra mandira 4K A/C: Magadi Road,CINEMA005554,locality,South,Karnataka,Bengaluru,,
N,Ambica Complex: Eluru,CINEMA005555,locality,South,Andhra Pradesh,Eluru,,534001
N,Asha Square Multiplex: Ahilyanagar,CINEMA005556,locality,West,Maharashtra,Ahilyanagar,,
N,Babu Cinemas - RGB Laser: Kanchipuram,CINEMA005557,locality,South,Tamil Nadu,Kanchipuram,,
N,Cinecare Multiplex: Panipat,CINEMA005558,locality,North,Haryana,Panipat,,
N,"Citara Shree Ram Cinemax, Jamkhambhaliya",CINEMA005559,locality,West,Gujarat,Jamkhambhaliya,,
N,"CNC Cinemas 4K Atmos: Chunnambuthara, Palakkad",CINEMA005560,locality,South,Kerala,Palakkad,,
N,Devi Theatre A/C 4k DTS: Tirukoilur,CINEMA005561,locality,South,Tamil Nadu,Tirukoilur,,605757
N,EVM GRAND RGB Laser 4K 3D DOLBY: Cherthala,CINEMA005562,locality,South,Kerala,Cherthala,,
N,"Fun Cinemas Republic Mall, MDC Sector 5, Chandigarh",CINEMA005563,locality,North,Chandigarh,Chandigarh,,160101
N,Fun Time Multiplex: Sinhagad Road,CINEMA005564,locality,West,Maharashtra,Pune,,411051
N,"Gitanjali: SVF Cinemas, Bolpur",CINEMA005565,locality,East,West Bengal,Bolpur,,
N,"Hari Shankar A/C DTS, Shivaji Nagar, Palasa",CINEMA005566,locality,South,Andhra Pradesh,Palasa,,
N,"INOX Urvasi Complex, Gandhi Nagar, Vijayawada",CINEMA005567,locality,South,Andhra Pradesh,Vijayawada,,520003
N,JVR Cinemas: Jaggampeta,CINEMA005568,locality,South,Andhra Pradesh,Jaggampeta,,
N,"Kastur Deluxe Theatre, Labhriya Bheru Dhar Road, Indore",CINEMA005569,locality,Central,Madhya Pradesh,Indore,,
N,"KSB Cineplex 4K RGB Laser Dolby Atmos, Vaavipalayam, Tirupur",CINEMA005570,locality,South,Tamil Nadu,Tirupur,,
N,Kuber Picture Time: Sardarshahar,CINEMA005571,locality,North,Rajasthan,Sardarshahar,,
N,Kunwar Nova Cinemaz: Gonda,CINEMA005572,locality,North,Uttar Pradesh,Gonda,,271003
N,"Laxmi & Sri Laxmi Complex A/C DTS, Jeypore-Vizianagaram Road, Saluru",CINEMA005573,locality,South,Andhra Pradesh,Vizianagaram,,
N,Mallikarjuna Theatre Dolby Digital: Shivamogga,CINEMA005574,locality,South,Karnataka,Shivamogga,,
N,Movie Magic (SAM): Jabalpur,CINEMA005575,locality,Central,Madhya Pradesh,Jabalpur,,
N,"Movie Time Crystal Mall, Kalawad Road, Rajkot",CINEMA005576,locality,West,Gujarat,Rajkot,,360005
N,Movie Zone Cinema: Haldwani Halduchour Lalkuan,CINEMA005577,locality,North,Uttarakhand,Haldwani,,
N,"MovieMax AMR ECIL, Secunderabad, Hyderabad",CINEMA005578,locality,South,Telangana,Secunderabad,,500040
N,"Movietime Cinemas, Canal Road, Jammu",CINEMA005579,locality,North,Jammu and Kashmir,Jammu,,
N,"Murugaa Theatre A/C Dts ,Christie 4K Lasar, Kamaraj Salai, Puducherry",CINEMA005580,locality,South,Puducherry,Puducherry,,605009
N,"Palnadu Inox Theatre, Opp Police Complex, Karempudi",CINEMA005581,locality,South,Andhra Pradesh,Karempudi,,
N,R Miniplex (A.C): Solapur,CINEMA005582,locality,West,Maharashtra,Solapur,,413004
N,Ravi Digital 2K Dolby 7.1 HD Screen: Ejipura,CINEMA005583,locality,South,Karnataka,Bengaluru,,560047
N,RK Moviez: Raigarh,CINEMA005584,locality,Central,Chhattisgarh,Raigarh,,496001
N,"Sakthi Cinemas A/C (4K RGB Laser, Dolby 7.1 Surround), Madharpakkam",CINEMA005585,locality,South,Tamil Nadu,Madharpakkam,,601202
N,"Sarv Multiplex, Omaxe SRK Mall, Agra",CINEMA005586,locality,South,Telangana,Mall,,
N,Shri Lokendra Talkies (Laser Projector): Ratlam,CINEMA005587,locality,Central,Madhya Pradesh,Ratlam,,457001
N,"Sree Sivajyothi 2K Dolby 7.1, Seshayya Metta, Rajahmundry",CINEMA005588,locality,South,Andhra Pradesh,Rajahmundry,,533104
N,"Sri Nidhi Rathina Cineplex 4K 3D Dolby Atmos, T T K Salai, Neyveli Township",CINEMA005589,locality,South,Tamil Nadu,Neyveli,,
N,Sri Rama and Sai Kalamandir A/c DTS: Palakonda,CINEMA005590,locality,South,Andhra Pradesh,Palakonda,,532440
N,"Sri Vasavi Kalamandhir, Maharanipeta, Bobbili",CINEMA005591,locality,South,Andhra Pradesh,Bobbili,,
N,Sri Venkata Ramana Cinemas: Kaikaluru,CINEMA005592,locality,South,Andhra Pradesh,Kaikaluru,,
N,"TD Cinemax, Main Road, Gokavaram",CINEMA005593,locality,South,Andhra Pradesh,Gokavaram,,533286
N,"TRS Cinemas (Satya & Netravathi Theatres), C.N Road, Bhadravati",CINEMA005594,locality,West,Maharashtra,Bhadravati,,
N,Vanitha Cineplex RGB Laser 4K 3D ATMOS: Edappally,CINEMA005595,locality,South,Kerala,Kochi,,
N,Vasantha Theatre: Dharapuram,CINEMA005596,locality,South,Tamil Nadu,Dharapuram,,638656
N,"Vijayalakshmi, Nehru Street, Srikalahasti",CINEMA005597,locality,South,Andhra Pradesh,Srikalahasti,,
N,Yuvaraj Screens Dolby Atmos: Kovvur,CINEMA005598,locality,South,Andhra Pradesh,Kovvur,,534350
N,"Vijaya Cinemas A/C RGB Laser Dolby, Nellikuppam",CINEMA005599,locality,South,Tamil Nadu,Nellikuppam,,
N,"Shubham DD Plex, Dariyapur Road, Khairabad",CINEMA005600,locality,North,Uttar Pradesh,Khairabad,,
N,"Thai Cines A/C DTS, Tirunelveli, Ambasamudram",CINEMA005601,locality,South,Tamil Nadu,Ambasamudram,,627425
N,"Anjali Movie Max, Secunderbad, Hyderabad",CINEMA005602,locality,South,Telangana,Hyderabad,,
N,"Antariksh Pride Cinema, Hamirpur, Hamirpur",CINEMA005603,locality,North,Himachal Pradesh,Hamirpur,,
N,"Araveti 4k A/C Dolby Atmos, Proddatur",CINEMA005604,locality,South,Andhra Pradesh,Proddatur,,
N,ARC Coronation 4K Dolby Atmos,CINEMA005605,locality,South,Karnataka,Bengaluru,,
N,Asha Cinemas: Tenali,CINEMA005606,locality,South,Andhra Pradesh,Tenali,,522202
N,Asian Ramakrishna: Thorrur,CINEMA005607,locality,South,Telangana,Thorrur,,
N,Bollywood Multiplex: Kharadi,CINEMA005608,locality,West,Maharashtra,Pune,,
N,Cinemagic Cinema: Olpad,CINEMA005609,locality,West,Gujarat,Olpad,,
N,"CinePRO: Vasant Cinema, Pune",CINEMA005610,locality,West,Maharashtra,Pune,,
N,"Devgn CineX (Formerly NY) : Chandkheda, Ahmedabad",CINEMA005611,locality,West,Gujarat,Chandkheda,,
N,"Devi Multiplex, Cinema Hall Road, Kakinada",CINEMA005612,locality,South,Andhra Pradesh,Kakinada,,
N,Dreambig Cinemas Mayukh: Vadakkencherry,CINEMA005613,locality,South,Kerala,Vadakkencherry,,
N,E-SQUARE Oasis (A.C): Solapur,CINEMA005614,locality,West,Maharashtra,Solapur,,
N,EVM Cinema A/C 4K RGB Laser 3D: Perumbavoor,CINEMA005615,locality,South,Kerala,Perumbavoor,,683542
N,Fun Plaza: Kotkapura,CINEMA005616,locality,North,Punjab,Kotkapura,,151204
N,G7 Multiplex: Bandra (W),CINEMA005617,locality,West,Maharashtra,Mumbai,,
N,GEPL Padmapriya Sripriya: Kakinada,CINEMA005618,locality,South,Andhra Pradesh,Kakinada,,
N,"Gowry Movie House, Kollengode",CINEMA005619,locality,South,Kerala,Kollengode,,
N,Kalaivani Cinemas A/C DOLBY 9.2 Surround: Tirupur,CINEMA005620,locality,South,Tamil Nadu,Tirupur,,
N,"Kalanjali, Bhagya Nagar Colony, Yellandu",CINEMA005621,locality,South,Telangana,Yellandu,,
N,"Kasi RGB Laser Dolby Atmos, Ashok Nagar, Chennai",CINEMA005622,locality,Central,Madhya Pradesh,Ashok Nagar,,
N,KC(KrishnaveniCinemas) RG3 LASER DOLBYATMOS TNAGAR,CINEMA005623,locality,South,Tamil Nadu,Chennai,,600017
N,Mahadeshwara Theatre: Periyapatna,CINEMA005624,locality,South,Karnataka,Periyapatna,,571107
N,Mahalaxmi Complex: Kothapet,CINEMA005625,locality,South,Telangana,Hyderabad,,500102
N,Maruthi Digital 4K Cinemas: B.H.Road Tumakuru,CINEMA005626,locality,South,Karnataka,Tumakuru,,
N,Megastar Cinemas: Premium Large Format ATMOS LASER,CINEMA005627,locality,South,Telangana,Hyderabad,,
N,"MovieMax City Center LA Mall, Bareilly",CINEMA005628,locality,North,Uttar Pradesh,Bareilly,,
N,"MovieMax Sion, Mumbai",CINEMA005629,locality,West,Maharashtra,Mumbai,,400022
N,"Natraj Theatre UFO A/C 2K, Sivagurunathapuram, Surandai",CINEMA005630,locality,South,Tamil Nadu,Surandai,,
N,New Star City Multiplex: Himmatnagar,CINEMA005631,locality,West,Gujarat,Himmatnagar,,383001
N,NR Cinemas A/C Dts: Martur,CINEMA005632,locality,South,Andhra Pradesh,Martur,,523301
N,"Parvi Cinemas (Pogathota), Nellore",CINEMA005633,locality,South,Andhra Pradesh,Nellore,,
N,RAMDASS CINEMAS A/C DTS: Sunguvarchatram,CINEMA005634,locality,South,Tamil Nadu,Sunguvarchatram,,
N,RD Multiplex: Sitamarhi,CINEMA005635,locality,East,Bihar,Sitamarhi,,843302
N,"S2 Cinemas, Anantapur",CINEMA005636,locality,South,Andhra Pradesh,Anantapur,,
N,"Sanmax Cinemas, Mahashay Mohalla, Nichlaul",CINEMA005637,locality,North,Uttar Pradesh,Nichlaul,,273304
N,Saptagiri 70MM 4K & Dolby Digital: RTC X Roads,CINEMA005638,locality,South,Telangana,Hyderabad,,
N,Shevanta Cinema: Junnar,CINEMA005639,locality,West,Maharashtra,Junnar,,410502
N,SK Cinemax: (AC 2K Digital 7.1 Surround Sound),CINEMA005640,locality,South,Karnataka,Bengaluru,,
N,SLB (LakshmiBala) Movie Park 4K Dolby Atmos: Padi,CINEMA005641,locality,South,Tamil Nadu,Chennai,,
N,"Sree Jayalakshmi Talkies A/C, Samalkota",CINEMA005642,locality,South,Andhra Pradesh,Samalkota,,
N,SREE VEE CINEMAS 2K A/C: Nindra,CINEMA005643,locality,South,Andhra Pradesh,Nindra,,
N,Sri Jayalakshmi Cinema RGB Laser: Uthiramerur,CINEMA005644,locality,South,Tamil Nadu,Uthiramerur,,
N,Sri Lakshmi Multiplex (Nova Cinemaz): Nallajerla,CINEMA005645,locality,South,Andhra Pradesh,Nallajerla,,
N,Srinivas Teja A/C DTS: Tirupati,CINEMA005646,locality,South,Andhra Pradesh,Tirupati,,517501
N,Surya Cinemax: Kakinada,CINEMA005647,locality,South,Andhra Pradesh,Kakinada,,533005
N,"SVC Eeshwar 4K Laser Dolby 7.1, Attapur, Hyderabad",CINEMA005648,locality,South,Telangana,Hyderabad,,500048
N,"Thirumagal & Kalaimagal Complex A/C Atmos, Kamarajar Nagar, Tirupattur",CINEMA005649,locality,South,Tamil Nadu,Tirupattur,,
N,"Vasu Theatre A/C 4K 3D RGB Laser Original Dolby Atmos,No. 22 Besant Road, Kumbakonam",CINEMA005650,locality,South,Tamil Nadu,Kumbakonam,,612001
N,VETRIVEL RGB DOLBY:NANGANALLUR (NEWLY RENOVATED),CINEMA005651,locality,South,Tamil Nadu,Chennai,,
N,VLS Sridevi 2K A/C Dts: Chilakalguda,CINEMA005652,locality,South,Telangana,Secunderabad,,500061
N,Yukti Fun Square: Neral,CINEMA005653,locality,West,Maharashtra,Neral,,410101
N,"Bharat DD Plex, Asfabad, Firozabad",CINEMA005654,locality,North,Uttar Pradesh,Firozabad,,
N,"Sengunthar Cinemas A/C 2K Dolby 7.1, Chinnasalem",CINEMA005655,locality,South,Tamil Nadu,Chinnasalem,,
N,"Babu Cinema A/C DTS 2K, Thirupathamma Street, Ammaiyarkuppam",CINEMA005656,locality,South,Tamil Nadu,Ammaiyarkuppam,,631301
N,"Cosmo Cinemas A/C Dolby Atmos Laser, Avinashi, Tirupur",CINEMA005657,locality,South,Tamil Nadu,Tirupur,,641654
N,D Cinema A/C Sony 4K 3D: Ramanathapuram,CINEMA005658,locality,South,Tamil Nadu,Ramanathapuram,,623504
N,Gowtham Cinemas A/c 4K Dolby Atmos: Rayachoti,CINEMA005659,locality,South,Andhra Pradesh,Rayachoti,,516269
N,Maala Cinemas A/C 4K RGB LASER: Thirukaatupalli,CINEMA005660,locality,South,Tamil Nadu,Thirukaatupalli,,
N,Mint Cinemas A/C 2K 3D: Sulthan Bathery,CINEMA005661,locality,South,Kerala,Sulthan Bathery,,
N,"NSR Cinemas A/C 4K Laser Dolby Surround 7.1, Rajampet",CINEMA005662,locality,South,Andhra Pradesh,Rajampet,,
N,Padmavathi Cinema A/C DTS 7.2: Chetpet,CINEMA005663,locality,South,Tamil Nadu,Chennai,,
N,"PY Cinemas 4K 3D A/C Dolby Atmos, Old Bus Stand, Rajampet",CINEMA005664,locality,South,Andhra Pradesh,Rajampet,,
N,"Ramya Cinemas A/C 4K, Palacode Road, Karimangalam",CINEMA005665,locality,South,Tamil Nadu,Karimangalam,,
N,Ritzy Sri Ram Cinemas A/C 4K 7.1: Virudhunagar,CINEMA005666,locality,South,Tamil Nadu,Virudhunagar,,626001
N,"Sakthi Cinemas 4K A/C Dolby Atoms, Cutchery Road, Vaniyambadi",CINEMA005667,locality,South,Tamil Nadu,Vaniyambadi,,635751
N,Sangeetha Cinemas A/C 3D: Mangalam,CINEMA005668,locality,South,Kerala,Mangalam,,
N,"Siddeswara Cinemas 2K A/C, Railway Koduru",CINEMA005669,locality,South,Andhra Pradesh,Koduru,,
N,Sivam Cinema A/C 4K RGB Laser: Mettupalayam,CINEMA005670,locality,South,Tamil Nadu,Mettupalayam,,
N,Sneha Cinema A/C: Alathur,CINEMA005671,locality,South,Kerala,Alathur,,
N,Sri Gowrisankar Cinema`s A/C 4K Dolby 7.1 Surround,CINEMA005672,locality,South,Andhra Pradesh,Rajahmundry,,
N,"Sri Sai Cinemas A/C 4K Dolby Atmos, Saraswathipuram, Rajampet",CINEMA005673,locality,South,Andhra Pradesh,Rajampet,,516115
N,Veera Cinemas A/C 4K Dolby Atmos: Vellakoil,CINEMA005674,locality,South,Tamil Nadu,Vellakoil,,638111
N,"Vikram Cinemas A/C 4K 3D Dolby 7.1 - Pallipalayam, State Highway 79, Erode",CINEMA005675,locality,South,Tamil Nadu,Pallipalayam,,638006
N,Vishwanath Cineplex A/C 7.1 DOLBY SOUND: Attur,CINEMA005676,locality,South,Tamil Nadu,Attur,,
N,"Suresh Mahal, Perala, Chirala",CINEMA005677,locality,South,Andhra Pradesh,Chirala,,523155
N,Sapna Sangeeta Lumiere: Indore,CINEMA005678,locality,Central,Madhya Pradesh,Indore,,452001
N,Aura Cinemas: Mattannur,CINEMA005679,locality,South,Kerala,Mattannur,,670702
N,Aura Cinemas: Peravoor,CINEMA005680,locality,South,Kerala,Peravoor,,
N,"APR Cinemas (Dolby Atmos, Christie Laser): Gaya",CINEMA005681,locality,East,Bihar,Gaya,,
N,Apsra Hospitality & Entertainment(Apsra Multiplex),CINEMA005682,locality,West,Maharashtra,Pune,,180004
N,Aruna Cinemas RGB Laser 4K AC Dolby Atmos,CINEMA005683,locality,South,Tamil Nadu,Chennai,,631501
N,Asian Mukund: Mahabubabad,CINEMA005684,locality,South,Telangana,Mahabubabad,,
N,"Asian Tirumala Multiplex, Suryapet",CINEMA005685,locality,South,Telangana,Suryapet,,508213
N,Cinemax Theatre: Medak,CINEMA005686,locality,South,Telangana,Medak,,502110
N,"Cinemera Multiplex, Vrundavan Mall, Vadodara",CINEMA005687,locality,West,Gujarat,Vadodara,,390019
N,Cosmoplex Multiplex: Bombay Super Mall,CINEMA005688,locality,South,Telangana,Mall,,360003
N,Crown Cinema 2K Dolby: Taliparamba,CINEMA005689,locality,South,Kerala,Taliparamba,,670141
N,"D CINEMAA: MUGHAL MALL BARCO 4K LASER, KODUNGALLUR",CINEMA005690,locality,South,Kerala,Kodungallur,,
N,DRC Cinema: Kushalnagar,CINEMA005691,locality,South,Karnataka,Kushalnagar,,
N,Dream Reality Cinema: Mansa,CINEMA005692,locality,North,Punjab,Mansa,,
N,"G3S Cinema, Garg Trade Centre Sector 11 Rohini, New Delhi",CINEMA005693,locality,North,Delhi,New Delhi,,
N,G3S Cinema: Rohini (Newly Renovated),CINEMA005694,locality,North,Delhi,Delhi,,
N,Gangaraju Kalamandhir Dolby7.1: Gajapathinagaram,CINEMA005695,locality,South,Andhra Pradesh,Gajapathinagaram,,535270
N,"Karthik Cinemas Lotus A/C Latest Rgb Laser Dolby Atmos 4K Hd, Near Anbu Hospital, Kumbakonam",CINEMA005696,locality,South,Tamil Nadu,Kumbakonam,,
N,Liberty Cinema: Kannur (Ambili Theatre),CINEMA005697,locality,South,Kerala,Kannur,,670002
N,Liberty Paradise: Thalassery,CINEMA005698,locality,South,Kerala,Thalassery,,670101
N,Manmandir Miniplex: Indore,CINEMA005699,locality,Central,Madhya Pradesh,Indore,,
N,Maya Multiplex: Muzaffarnagar,CINEMA005700,locality,North,Uttar Pradesh,Muzaffarnagar,,
N,Meher Theatre: Agra (Laser 4K),CINEMA005701,locality,North,Uttar Pradesh,Agra,,282001
N,Mona: Christie 4K RGB Laser & Dolby Atmos,CINEMA005702,locality,East,Odisha,Bhubaneswar,,
N,"Okaz Theatre Barco Auro 11.1 3D, Vadakkumannam, Mannarkkad",CINEMA005703,locality,South,Kerala,Mannarkkad,,
N,Om Jee Cinemas: Patran,CINEMA005704,locality,North,Punjab,Patran,,147105
N,Panchsheel Cinema: Nagpur,CINEMA005705,locality,West,Maharashtra,Nagpur,,440012
N,Pavalam Theatre A/C 4K 7.1 Dolby 3D: Periyakulam,CINEMA005706,locality,South,Tamil Nadu,Periyakulam,,625601
N,PB Cinemas: Tamkuhi Road,CINEMA005707,locality,North,Uttar Pradesh,Tamkuhi Road,,
N,"R Mandir Multiplex: Deesa, Gujarat",CINEMA005708,locality,West,Gujarat,Deesa,,
N,Raghvendra Chitramandir: Kurundwad,CINEMA005709,locality,West,Maharashtra,Kurundwad,,416106
N,"RRT A/C 2K Dolby, Kota, Nellore",CINEMA005710,locality,South,Andhra Pradesh,Nellore,,
N,Sairam Screens A/C Dolby 7.1 Surround: Vijayawada,CINEMA005711,locality,South,Andhra Pradesh,Vijayawada,,
N,"Sakthi Cinemas, Bosepet, Gudiyatham",CINEMA005712,locality,South,Tamil Nadu,Gudiyatham,,632602
N,Sathyabama (SBT) Multiplex Dolby Atmos 4K 3D,CINEMA005713,locality,South,Tamil Nadu,Chennai,,628501
N,"Satyam (Sundaram) Cinema, Near Roadways Bus Stand, Neemuch",CINEMA005714,locality,Central,Madhya Pradesh,Neemuch,,
N,Satyam (Sundaram) Cinema: Neemuch,CINEMA005715,locality,Central,Madhya Pradesh,Neemuch,,
N,Shriram Cinema: Shivpuri,CINEMA005716,locality,Central,Madhya Pradesh,Shivpuri,,
N,SLV Theater: Koilkuntla,CINEMA005717,locality,South,Andhra Pradesh,Koilkuntla,,
N,"Sri Narayana Chitralaya, Medarametla",CINEMA005718,locality,South,Andhra Pradesh,Medarametla,,
N,Sri Narayana Chitralaya: Medarametla,CINEMA005719,locality,South,Andhra Pradesh,Medarametla,,
N,Sri Sakthi Cinemas Multiplex: Tirupur,CINEMA005720,locality,South,Tamil Nadu,Tirupur,,
N,"Sri Venkatalakshmi Chitralaya A/C, Bendamurulanka",CINEMA005721,locality,South,Andhra Pradesh,Bendamurulanka,,
N,Sri Venkatalakshmi Chitralaya A/C: Bendamurulanka,CINEMA005722,locality,South,Andhra Pradesh,Bendamurulanka,,
N,Surya Cinemax: Draksharamam,CINEMA005723,locality,South,Andhra Pradesh,Draksharamam,,
N,Surya Mahal: Gajapathinagaram,CINEMA005724,locality,South,Andhra Pradesh,Gajapathinagaram,,535270
N,"SVC Ramalakshman, Srikakulam",CINEMA005725,locality,South,Andhra Pradesh,Srikakulam,,
N,"SVC Vijay Theatre, Yellammagutta, Nizamabad",CINEMA005726,locality,South,Telangana,Nizamabad,,503003
N,"Usha Multiplex, Dharapuram Road, Tirupur",CINEMA005727,locality,South,Tamil Nadu,Dharapuram,,641604
N,"Movietime Cinemas, Super Mall, Karnal",CINEMA005728,locality,North,Haryana,Karnal,,
N,Radha Studio: Tollygunge,CINEMA005729,locality,East,West Bengal,Kolkata,,700033
N,"9D Theatre: Grand Mall, Raigarh",CINEMA005730,locality,Central,Chhattisgarh,Raigarh,,
N,ABR Cinemas The Next: Gudivada,CINEMA005731,locality,South,Andhra Pradesh,Gudivada,,
N,AG Star Cinemaz Hoshiarpur (Near Amber Palace),CINEMA005732,locality,North,Punjab,Hoshiarpur,,
N,Arya Nova Cinemaz: Sawantwadi,CINEMA005733,locality,West,Maharashtra,Sawantwadi,,
N,"B Cinemas Vylathoor,4K RGB Laser 3D Dolby Atmos",CINEMA005734,locality,South,Kerala,Vylathoor,,679563
N,Bansal Movieplex Gotri-Vasna Road: Vadodara,CINEMA005735,locality,West,Gujarat,Vadodara,,390007
N,"Bansal Movieplex, Gotri, Vadodara",CINEMA005736,locality,West,Gujarat,Vadodara,,
N,"Bansal Movieplex: Tarsali, Vadodara",CINEMA005737,locality,West,Gujarat,Vadodara,,
N,CS Cinemas (Devendra Theater) A/C 4K Dolby Atmos,CINEMA005738,locality,South,Tamil Nadu,Chennai,,517501
N,"Devgn Cinex The Walk, Thane",CINEMA005739,locality,West,Maharashtra,Thane,,
N,"Devgn CineX: The Walk, Thane",CINEMA005740,locality,West,Maharashtra,Thane,,
N,Dhanalakshmi Cinemas: Nenmara,CINEMA005741,locality,South,Kerala,Nenmara,,678508
N,Digigold Nova Cinemaz: Shirur,CINEMA005742,locality,West,Maharashtra,Shirur,,412210
N,Dr. PV Rao Cineplex: Kanchikacherla,CINEMA005743,locality,South,Andhra Pradesh,Kanchikacherla,,
N,DVP Square: Pandharpur,CINEMA005744,locality,West,Maharashtra,Pandharpur,,
N,"Gopi Theatre, Ongole",CINEMA005745,locality,South,Andhra Pradesh,Ongole,,
N,GV Cinemas (Ajantha Theater): Pileru,CINEMA005746,locality,South,Andhra Pradesh,Pileru,,517214
N,"Highstreet Cinema: Canton Highstreet, Muvattupuzha",CINEMA005747,locality,South,Kerala,Muvattupuzha,,
N,"INOX Shivpora, Mouza, Srinagar",CINEMA005748,locality,North,Jammu and Kashmir,Srinagar,,190008
N,Jagan Theatre A/C Sony 4K 3D: Ramanathapuram,CINEMA005749,locality,South,Tamil Nadu,Ramanathapuram,,623504
N,JHV Cinemas: Varanasi,CINEMA005750,locality,North,Uttar Pradesh,Varanasi,,221002
N,Karthik Cinemas (Devi Cinemas): Nagapattinam,CINEMA005751,locality,South,Tamil Nadu,Nagapattinam,,612001
N,Lavish Cinema: Puranpur,CINEMA005752,locality,North,Uttar Pradesh,Puranpur,,262122
N,Laxmi Cinemagic Multiplex: Navsari (Renovated),CINEMA005753,locality,West,Gujarat,Navsari,,396445
N,"Magic Frames Sahina, Mattannur",CINEMA005754,locality,South,Kerala,Mattannur,,670702
N,"MovieTime S Square Mall, Ellora Park, Vadodara",CINEMA005755,locality,West,Gujarat,Vadodara,,390023
N,"Movietime: S-Square Mall, Subhanpura, Vadodara",CINEMA005756,locality,West,Gujarat,Vadodara,,390023
N,"Nova Cinemaz, Tehsil Payal, Doraha",CINEMA005757,locality,North,Punjab,Doraha,,141421
N,"OHM Cine Garden, Hissar Road, Sirsa",CINEMA005758,locality,North,Haryana,Sirsa,,125060
N,Parameswari A/C DTS: Yellamanchili,CINEMA005759,locality,South,Andhra Pradesh,Yellamanchili,,531055
N,PDR Cinemas: Varanasi,CINEMA005760,locality,North,Uttar Pradesh,Varanasi,,221010
N,"Pratap Talkies, Near Sursagar Lake, Vadodara",CINEMA005761,locality,West,Gujarat,Vadodara,,390001
N,"RS Miniplex 2K A/C Dolby Atmos, Kothapeta",CINEMA005762,locality,South,Andhra Pradesh,Kothapeta,,
N,RS Miniplex 2K A/C Dolby Atmos: Kothapeta,CINEMA005763,locality,South,Andhra Pradesh,Kothapeta,,
N,"Sapthagiri Complex A/C DTS, Satyasri Road, Mandapeta",CINEMA005764,locality,South,Andhra Pradesh,Mandapeta,,
N,Srinivasa Cine Complex: Palakollu,CINEMA005765,locality,South,Andhra Pradesh,Palakollu,,
N,"SV Cinemax 4K Dolby Atmos, Neeruganti Street, Anantapur",CINEMA005766,locality,South,Andhra Pradesh,Anantapur,,515001
N,SV Cinemax: Hindupur,CINEMA005767,locality,South,Andhra Pradesh,Hindupur,,
N,Svc Sita & Tulasi Chitramandir Yelamanchili Ap,CINEMA005768,locality,South,Andhra Pradesh,Yelamanchili,,531055
N,"SVC Vamsi Vishnu Vaibhav Theatres, Lecturers Colony, Cheepurupalli",CINEMA005769,locality,South,Andhra Pradesh,Cheepurupalli,,
N,TD Cinemax: Gokavaram,CINEMA005770,locality,South,Andhra Pradesh,Gokavaram,,
N,"Venkatesh Cine Complex, Beside Exhibition Ground, Kurnool",CINEMA005771,locality,South,Andhra Pradesh,Kurnool,,
N,Wide Angle: Mehsana,CINEMA005772,locality,West,Gujarat,Mehsana,,384002
N,"Rahul 70 MM: Shivajinagar, Pune",CINEMA005773,locality,West,Maharashtra,Pune,,411005
N,Saradha Cinema: Kamanaickenpalayam,CINEMA005774,locality,South,Tamil Nadu,Kamanaickenpalayam,,
N,"M2K Pitampura, New Delhi",CINEMA005775,locality,North,Delhi,New Delhi,,
N,Sri Maruthi Cinemas: Belluru Cross,CINEMA005776,locality,South,Karnataka,Belluru Cross,,571448
N,"Magic Frames Apsara 70 MM 4K 3D Dolby Atmos, Railway Station Link Road, Calicut",CINEMA005777,locality,South,Kerala,Calicut,,673002
N,"Akshara Cinemas Dolby Atmos, NH 16, Ravulapalem",CINEMA005778,locality,South,Andhra Pradesh,Ravulapalem,,
N,Akshara Cinemas Dolby Atmos: Ravulapalem,CINEMA005779,locality,South,Andhra Pradesh,Ravulapalem,,533238
N,"AM Cinema: Bansi Nagar, Nagpur",CINEMA005780,locality,West,Maharashtra,Nagpur,,440016
N,"AM Cinema: Koradi, Nagpur",CINEMA005781,locality,West,Maharashtra,Nagpur,,
N,"AM Cinema: Manish Nagar, Nagpur",CINEMA005782,locality,West,Maharashtra,Nagpur,,
N,"Cinelife Miniplex: Ahilyanagar, Ahmednagar",CINEMA005783,locality,West,Maharashtra,Ahilyanagar,,
N,"Deepak Mahal, Katuru Road, Vuyyuru",CINEMA005784,locality,South,Andhra Pradesh,Vuyyuru,,
N,Devgn CineX (Formerly NY) : Meerut,CINEMA005785,locality,North,Uttar Pradesh,Meerut,,250002
N,"Devgn CineX: Swagat Mall, Gandhinagar",CINEMA005786,locality,West,Gujarat,Gandhinagar,,
N,Divya Cinemas: Nashik,CINEMA005787,locality,West,Maharashtra,Nashik,,
N,G Cinemax Multiplex,CINEMA005788,locality,West,Gujarat,Ahmedabad,,
N,"Gayathri Talkies: Mysuru, Christie Solaria 2K",CINEMA005789,locality,South,Karnataka,Mysuru,,570004
N,Gursikh Goldmark Cinemas (Dolby Atmos): Burhanpur,CINEMA005790,locality,Central,Madhya Pradesh,Burhanpur,,450331
N,K Movie Star Multiplex: Vasai (W),CINEMA005791,locality,West,Maharashtra,Vasai,,401201
N,KrishnaTeja A/C 4K Dolby(Newly Renovated):Tirupati,CINEMA005792,locality,South,Andhra Pradesh,Tirupati,,517501
N,"Maharaja (Christie 4K, DOLBY ATMOS 64 CHANNEL)",CINEMA005793,locality,East,Odisha,Bhubaneswar,,
N,"Mahasakthi Talkies A/C 2K 3D Dolby 7.1, Rajajinagar, Ariyalur",CINEMA005794,locality,South,Tamil Nadu,Ariyalur,,
N,Marvel Movie Max 4K Laser Dolby Atmos: Tiruvallur,CINEMA005795,locality,South,Tamil Nadu,Tiruvallur,,
N,"Movie Magic, South Avenue Mall, Jabalpur",CINEMA005796,locality,Central,Madhya Pradesh,Jabalpur,,
N,"MovieMax Shalimar Gateway, Lucknow",CINEMA005797,locality,North,Uttar Pradesh,Lucknow,,226005
N,"Novelty Aliganj, Lucknow",CINEMA005798,locality,North,Uttar Pradesh,Lucknow,,
N,Pankaj Theatre: Alappuzha,CINEMA005799,locality,South,Kerala,Alappuzha,,688007
N,Paradise JD Cineprime: Porbandar,CINEMA005800,locality,West,Gujarat,Porbandar,,360575
N,PJ Movies (Tarini Talkies): Joda,CINEMA005801,locality,East,Odisha,Joda,,758034
N,PSS Multiplex Dolby Atmos: Tirunelveli,CINEMA005802,locality,South,Tamil Nadu,Tirunelveli,,
N,Punit Movie Max (AC): Biaora,CINEMA005803,locality,North,Haryana,Movie Max,,465674
N,"PVR Ekmat Chowk, Barshi Road, Latur",CINEMA005804,locality,West,Maharashtra,Barshi,,
N,Satish Cineplex: Narsinghpur,CINEMA005805,locality,Central,Madhya Pradesh,Narsinghpur,,487001
N,"Sri Cinemas KTVR A/C 3D RGB Laser, Mettur, Kolathur",CINEMA005806,locality,South,Tamil Nadu,Mettur,,636303
N,"SVC Cinemas Venkateswara, Near Bus Stand, Gadwal",CINEMA005807,locality,South,Telangana,Gadwal,,
N,Venkatrama 70MM 2k Barco Laser: Warangal,CINEMA005808,locality,South,Telangana,Warangal,,
N,Vin Palace Multiplex Dolby Atmos: Vikas Nagar,CINEMA005809,locality,North,Uttarakhand,Vikas Nagar,,226022
N,Wave: Raja Garden,CINEMA005810,locality,North,Delhi,Delhi,,
N,Asian Ashoka Air-Conditioned: Hanumakonda,CINEMA005811,locality,South,Telangana,Hanumakonda,,
N,Asian Darshan: Kamareddy,CINEMA005812,locality,South,Telangana,Kamareddy,,
N,"AM Cinema: Jaiprakash Nagar, Nagpur",CINEMA005813,locality,West,Maharashtra,Nagpur,,
N,"Ambica Complex, Western Street, Eluru",CINEMA005814,locality,South,Andhra Pradesh,Eluru,,
N,Aradhaya Nova Cinemaz: Mundra,CINEMA005815,locality,West,Gujarat,Mundra,,
N,ARIESPLEX PUNALUR RGB LASER 4K ATMOS,CINEMA005816,locality,South,Kerala,Ariesplex,,691331
N,"Cinecosmo Sentrum Mall, Shristi Nagar, Asansol",CINEMA005817,locality,East,West Bengal,Asansol,,713305
N,Dhanya Remya: Kottayam,CINEMA005818,locality,South,Kerala,Kottayam,,686001
N,Dwaraka Cinemas 4k Dolby Atmos: Nuzvid,CINEMA005819,locality,South,Andhra Pradesh,Nuzvid,,
N,"eBox Cinema: Parker Mall, Kundli",CINEMA005820,locality,North,Haryana,Kundli,,
N,"Galaxy Paradise Miniplex, Begur Road, Bengaluru",CINEMA005821,locality,South,Karnataka,Bengaluru,,560114
N,"IP Cinemas: IP Vijaya Mall, Varanasi",CINEMA005822,locality,North,Uttar Pradesh,Varanasi,,221001
N,Keshari Talkies (BARCO 4K LASER DOLBY ATMOS),CINEMA005823,locality,East,Odisha,Bhubaneswar,,751001
N,"LMR Multiplex A/C 4K, R.P Pudur, Namakkal",CINEMA005824,locality,South,Tamil Nadu,Namakkal,,
N,Mahalaxmi Cinemas: Station Ghanpur,CINEMA005825,locality,South,Telangana,Ghanpur,,
N,Mehul Cinemax: Jamnagar,CINEMA005826,locality,West,Gujarat,Jamnagar,,
N,"MovieMax Wonder, Thane, Mumbai",CINEMA005827,locality,West,Maharashtra,Mumbai,,
N,"MovieTime Star City, Matunga (W), Mumbai",CINEMA005828,locality,West,Maharashtra,Mumbai,,400016
N,"MovieTime Suburbia, Bandra (W), Mumbai",CINEMA005829,locality,West,Maharashtra,Mumbai,,
N,Mukunda 4K Dolby Atmos: M.S.Nagar,CINEMA005830,locality,South,Karnataka,Bengaluru,,560033
N,NVR Jaysyam A/C 4K Dolby Atmos: Tirupati,CINEMA005831,locality,South,Andhra Pradesh,Tirupati,,517501
N,"Pauls Moviedom, Mala 4K Christie Real Laser, Dolby Atmos, Hugo Screen",CINEMA005832,locality,South,Kerala,Mala,,
N,"PRSR Cinema, Vetapalem",CINEMA005833,locality,South,Andhra Pradesh,Vetapalem,,
N,Purnam Multiplex: Bilaspur,CINEMA005834,locality,Central,Chhattisgarh,Bilaspur,,174001
N,"Ramakrishna 70MM, Coltex Area, Bellampally",CINEMA005836,locality,South,Telangana,Bellampally,,504251
N,Raviraj Complex A/C: Kozhinjampara,CINEMA005837,locality,South,Kerala,Kozhinjampara,,678555
N,"Revathy Cinemax: RGB Real Laser, Parippally",CINEMA005838,locality,South,Kerala,Parippally,,691574
N,Sai Balaji Complex: Eluru,CINEMA005839,locality,South,Andhra Pradesh,Eluru,,534001
N,Sapthagiri Complex A/C 2K Dolby 7.1: Mandapeta,CINEMA005840,locality,South,Andhra Pradesh,Mandapeta,,533308
N,"Satish Cineplex, Civil Lines, Narsinghpur",CINEMA005841,locality,Central,Madhya Pradesh,Narsinghpur,,
N,"Sri Devi Cinemas 3D 4K Dolby Atmos, Punjaipuliyampatti",CINEMA005842,locality,South,Tamil Nadu,Punjaipuliyampatti,,638459
N,SRM Theatre 7.4 Dolby Atmos: Kuppam,CINEMA005843,locality,South,Andhra Pradesh,Kuppam,,517425
N,Sun Cinemax Venkata Gouri A/c DTS: Palakonda,CINEMA005844,locality,South,Andhra Pradesh,Palakonda,,
N,United Talkies: Gorakhpur,CINEMA005845,locality,North,Uttar Pradesh,Gorakhpur,,273001
N,"Govindasamy Theatre A/C, Dindugal Road, Batlagundu",CINEMA005846,locality,South,Tamil Nadu,Batlagundu,,624202
N,Devi Cinemas 4K Dolby Atmos: Perumpuzha Kundara,CINEMA005847,locality,South,Kerala,Perumpuzha Kundara,,691504
N,Cineverse Cinema: Bardoli,CINEMA005848,locality,West,Gujarat,Bardoli,,
N,ZK Cineverse (Only Recliner & Sofa): Pusad,CINEMA005849,locality,West,Maharashtra,Pusad,,445204
N,Alka Talkies: Gadarwara,CINEMA005850,locality,Central,Madhya Pradesh,Gadarwara,,
N,"Aruna Complex, Railway Station Road, Kanchipuram",CINEMA005851,locality,South,Tamil Nadu,Kanchipuram,,
N,Chandra Guptha Complex : Kakinada,CINEMA005852,locality,South,Andhra Pradesh,Kakinada,,
N,"Cinemark 24 Proxima: Indryani Nagar, Bhosari-Pune",CINEMA005853,locality,West,Maharashtra,Pune,,
N,Cinepolis: Savitri Complex GK2,CINEMA005854,locality,North,Delhi,Delhi,,110048
N,"CS Teja Theatre, Swarnamukhi Colony, Naidupeta",CINEMA005855,locality,South,Andhra Pradesh,Naidupeta,,
N,"Devgn CineX: Seven Sky, Bhuj",CINEMA005856,locality,West,Gujarat,Bhuj,,370001
N,Gowry Movie House: Kollengode,CINEMA005857,locality,South,Kerala,Kollengode,,678506
N,"Janki Theatre (2K Laser,5.1 Dolby): Sitabuldi",CINEMA005858,locality,West,Maharashtra,Nagpur,,440012
N,"Lakshmi Movieland, RVM Street, Kuppam",CINEMA005859,locality,South,Andhra Pradesh,Kuppam,,
N,MAR Basil EVM Theatre: Rajakumari,CINEMA005860,locality,South,Kerala,Rajakumari,,685619
N,"MovieMax: Eternity, Nagpur",CINEMA005861,locality,West,Maharashtra,Nagpur,,440012
N,Narthaki 4K Dolby 7.1 Digital S R: Gandhi Nagar,CINEMA005862,locality,West,Gujarat,Gandhinagar,,
N,OHM Omjee Cinemas: Faridkot,CINEMA005863,locality,North,Punjab,Faridkot,,
N,Paradise DD Plex: Faizabad,CINEMA005864,locality,North,Uttar Pradesh,Faizabad,,
N,"PVR Cinemall, Indraprastha Industrial Area, Kota",CINEMA005865,locality,North,Rajasthan,Kota,,
N,"R Mandir Multiplex, Opp. APMC Highway, Deesa",CINEMA005866,locality,West,Gujarat,Deesa,,385535
N,Ranga Cine Central: Dharmavaram,CINEMA005867,locality,South,Andhra Pradesh,Dharmavaram,,
N,"Raviraj Complex A/C, Palakkad, Kozhinjampara",CINEMA005868,locality,South,Kerala,Kozhinjampara,,
N,"Reflex Cinema, Manpur, Abu Road",CINEMA005869,locality,North,Rajasthan,Abu Road,,307026
N,Seetarama Cinemas: Manuguru,CINEMA005870,locality,South,Telangana,Manuguru,,
N,Sekhar Cinemas: Amalapuram,CINEMA005871,locality,South,Andhra Pradesh,Amalapuram,,533201
N,Shenoys: Kochi,CINEMA005872,locality,South,Kerala,Kochi,,
N,Shyam Cineplex: Mandi Gobindgarh,CINEMA005873,locality,North,Punjab,Mandi Gobindgarh,,147301
N,"Somya Cineplex, A.B Road, Guna",CINEMA005874,locality,Central,Madhya Pradesh,Guna,,
N,Srinivas Cinematic Cinema: Solapur,CINEMA005875,locality,West,Maharashtra,Solapur,,
N,Swarn Theatre: Hoshiarpur,CINEMA005876,locality,North,Punjab,Hoshiarpur,,
N,Veerbhadreshwara Theatre: Bhadravati,CINEMA005877,locality,West,Maharashtra,Bhadravati,,577301
N,Yashoda Cinema: Latur,CINEMA005878,locality,West,Maharashtra,Latur,,
N,"Sivan Cinemas 3D Dolby Atmos, Weavers Colony, Tirupur",CINEMA005879,locality,South,Tamil Nadu,Tirupur,,641602
N,Rupam Talkies: Hubbali,CINEMA005880,locality,South,Karnataka,Hubbali,,580020
N,AMR Vijay Bhaskar: Bhadrachalam,CINEMA005881,locality,South,Telangana,Bhadrachalam,,
N,Bollywood Cinema: Damoh,CINEMA005882,locality,Central,Madhya Pradesh,Damoh,,470661
N,Chitranjali Cinema: Math Chandipur,CINEMA005883,locality,East,West Bengal,Math Chandipur,,
N,"Cinecare Multiplex, Huda Sector 11, Panipat",CINEMA005884,locality,North,Haryana,Panipat,,132103
N,"Cinestar Multiplex, Vidhyadhar Nagar, Jaipur",CINEMA005885,locality,North,Rajasthan,Jaipur,,
N,Cinevera Cinemas: KPM Mall (Kumar Talkies),CINEMA005886,locality,South,Telangana,Mall,,
N,"Delite Theatre, Gwalior",CINEMA005887,locality,Central,Madhya Pradesh,Gwalior,,474001
N,Deva Bala Sakthi Bala A/C 2K DOLBY Atmos: Cumbum,CINEMA005888,locality,South,Tamil Nadu,Cumbum,,
N,Devgn CineX: Ghazipur,CINEMA005889,locality,North,Uttar Pradesh,Ghazipur,,233001
N,E Orbit Multiplex: Amravati,CINEMA005890,locality,West,Maharashtra,Amravati,,
N,Elements Cinema: Yavatmal,CINEMA005891,locality,West,Maharashtra,Yavatmal,,
N,Funsquare Cinema: Ghotawade Phata,CINEMA005892,locality,West,Maharashtra,Pune,,
N,Ganapathy Theatre: Ooty,CINEMA005893,locality,South,Tamil Nadu,Ooty,,
N,"Gowri Complex, Near Bus Stand, Anantapur",CINEMA005894,locality,South,Andhra Pradesh,Anantapur,,
N,"IP Cinemas: IP Sigra Mall, Varanasi",CINEMA005895,locality,North,Uttar Pradesh,Varanasi,,
N,JB Cinemas Future Films Dolby Atmos: Sivagangai,CINEMA005896,locality,South,Tamil Nadu,Sivagangai,,
N,"Kailash Cineplex, Gangwal Bhawan Marg, Gwalior",CINEMA005897,locality,Central,Madhya Pradesh,Gwalior,,
N,Laxminarayan Cinema: Solapur,CINEMA005898,locality,West,Maharashtra,Solapur,,
N,Matha Madhurya RGB Laser 3D Dolby Atmos: Aluva,CINEMA005899,locality,South,Kerala,Aluva,,683101
N,"MKS MSR AC(Air cooler) 4K Dolby, Chittor",CINEMA005900,locality,South,Andhra Pradesh,Chittor,,517001
N,MovieMax: Mira Road (Seats Renovated),CINEMA005901,locality,West,Maharashtra,Mira Road,,
N,"New Kohinoor Cinema, Akhaliya Vikas Yojana Choraha, Jodhpur",CINEMA005902,locality,North,Rajasthan,Jodhpur,,342001
N,"NR Cinemas AC DTS, Martur",CINEMA005903,locality,South,Andhra Pradesh,Martur,,
N,Paradise Platinum Plaza: Sagar,CINEMA005904,locality,Central,Madhya Pradesh,Sagar,,
N,Rajshri Cinema: Rajkot,CINEMA005905,locality,West,Gujarat,Rajkot,,
N,"Sahu Cinemax, Old GT Road, Sasaram",CINEMA005906,locality,East,Bihar,Sasaram,,
N,Satyagouri A/C 2K Digital Dolby Ex: Kakinada,CINEMA005907,locality,South,Andhra Pradesh,Kakinada,,
N,"SP Ramachandra, Cinema Street, Srikalahasti",CINEMA005908,locality,South,Andhra Pradesh,Srikalahasti,,517644
N,SRI RAJAN CINEMAS 2K FULL A/C: CHETPET,CINEMA005909,locality,South,Tamil Nadu,Chennai,,
N,Sri Rama Cinemas: Sultanabad,CINEMA005910,locality,South,Telangana,Sultanabad,,
N,Treasure Cinema: Baihar,CINEMA005911,locality,Central,Madhya Pradesh,Baihar,,
N,Trinetra Cinema 4K RGB Laser Dolby Atmos Davangere,CINEMA005912,locality,South,Karnataka,Davangere,,577002
N,Trishul Cinemas 4K RGB Laser Dolby Atmos Davangere,CINEMA005913,locality,South,Karnataka,Davangere,,
N,Varsha Movies 4K: Anchal,CINEMA005914,locality,South,Kerala,Anchal,,691306
N,VN Palace (Veeranarayana): Tanuku,CINEMA005915,locality,South,Andhra Pradesh,Tanuku,,
N,"Cinepolis VR Nagpur Mall, Rambagh Road, Nagpur",CINEMA005916,locality,West,Maharashtra,Nagpur,,
N,SilverCity Multiplex: Mall of Roorkee,CINEMA005917,locality,North,Uttarakhand,Roorkee,,247667
N,"AG Star Cinemaz Hoshiarpur (Near Amber Palace), Tanda Road, Hoshiarpur",CINEMA005918,locality,North,Punjab,Hoshiarpur,,
N,"Aradhaya Nova Cinemaz, Adani port Road, Mundra",CINEMA005919,locality,West,Gujarat,Mundra,,
N,ARD Cinemall: Buldana,CINEMA005920,locality,West,Maharashtra,Buldana,,443001
N,Cineplus Cinema: Bijainagar,CINEMA005921,locality,North,Rajasthan,Bijainagar,,
N,"Cosmoplex multiplex Bombay Supermall 2, Kuvadava Road, Rajkot",CINEMA005922,locality,West,Gujarat,Rajkot,,360003
N,Cosmoplex Multiplex: Rajkot,CINEMA005923,locality,West,Gujarat,Rajkot,,
N,"DDX Regal, Awadhpuri, Bhopal",CINEMA005924,locality,Central,Madhya Pradesh,Bhopal,,462022
N,Gayatri Cinemas: Ratlam,CINEMA005925,locality,Central,Madhya Pradesh,Ratlam,,457001
N,Goldwings Cinemas: Rajkot,CINEMA005926,locality,West,Gujarat,Rajkot,,
N,"IP Cinemas IP Sigra Mall, Shastri Nagar, Varanasi",CINEMA005927,locality,North,Uttar Pradesh,Varanasi,,221002
N,"Kinnera Cinemax, L.B.S Colony, Srikakulam",CINEMA005928,locality,South,Andhra Pradesh,Srikakulam,,532001
N,Ladder Cinemas: Ottapalam - 4k Dolby Atmos/2k 7.1,CINEMA005929,locality,South,Kerala,Ottapalam,,679103
N,"Maganti Cinemas, Kaikaluru Main Road, Kaikaluru",CINEMA005930,locality,South,Andhra Pradesh,Kaikaluru,,
N,Mangal Multiplex: Indore,CINEMA005931,locality,Central,Madhya Pradesh,Indore,,452010
N,"Manmandir Miniplex, Vijay Nagar, Indore",CINEMA005932,locality,North,Rajasthan,Vijay Nagar,,
N,"MFR Cinemaas, Bommidi",CINEMA005933,locality,South,Tamil Nadu,Bommidi,,
N,MohanNova Cinemaz: Chhatrapati SambhajiNagar,CINEMA005934,locality,West,Maharashtra,Chhatrapati Sambhajinagar,,
N,"MovieMax, SM5 Kalyan, Newly Renovated",CINEMA005935,locality,West,Maharashtra,Kalyan,,421301
N,"MovieMax: Huma, Kanjurmarg (Seats Renovated)",CINEMA005936,locality,West,Maharashtra,Mumbai,,400078
N,"Mysuru VISION Cinemas, Behind GRS Fantasy Park",CINEMA005937,locality,South,Karnataka,Mysuru,,
N,"Padma Talkies, Subhas Road, Dharwad",CINEMA005938,locality,South,Karnataka,Dharwad,,580001
N,Pratyusha Complex: Tanuku,CINEMA005939,locality,South,Andhra Pradesh,Tanuku,,
N,Samdareeya Era Cinema: Jabalpur,CINEMA005940,locality,Central,Madhya Pradesh,Jabalpur,,482001
N,Shrikrishna Theatre: Manawar,CINEMA005941,locality,Central,Madhya Pradesh,Manawar,,
N,"Shriram Cinema, Near Bypass Road, Shivpuri",CINEMA005942,locality,Central,Madhya Pradesh,Shivpuri,,473638
N,SREE SAILAM CINEHOUSE KADAKKAL:4K RGB 64ch ATMOS,CINEMA005943,locality,South,Kerala,Kadakkal,,691536
N,Sreelakshmi Theatre: Ranni,CINEMA005944,locality,South,Kerala,Ranni,,689673
N,Sri Bhimeswara A/C Dolby Digital Surround EX,CINEMA005945,locality,South,Andhra Pradesh,Sri Bhimeswara,,
N,"SVC TBR Cinemas, Old Bobbili, Bobbili",CINEMA005946,locality,South,Andhra Pradesh,Bobbili,,
N,"SVC TBR Cinemas, Ramabhadrapuram",CINEMA005947,locality,South,Andhra Pradesh,Ramabhadrapuram,,535579
N,Uday Bhaskar: Bhadrachalam,CINEMA005948,locality,South,Telangana,Bhadrachalam,,
N,V Max A/C 2K Dolby: Eluru,CINEMA005949,locality,South,Andhra Pradesh,Eluru,,
N,Vaishali Multiplex: Nadiad,CINEMA005950,locality,West,Gujarat,Nadiad,,387001
N,"Vibhor Chitralok, Delhi Hapur Road, Pilkhuwa",CINEMA005951,locality,North,Uttar Pradesh,Pilkhuwa,,
N,"Vilux Talkies, Khadki Bazar, Pune",CINEMA005952,locality,West,Maharashtra,Pune,,
N,"V Max A/C 2K Dolby, Paidichintapadu, Eluru",CINEMA005953,locality,South,Andhra Pradesh,Eluru,,534001
N,"Fun Plaza, Kotkapura Moga Road, Kotkapura",CINEMA005954,locality,North,Punjab,Kotkapura,,
N,Devgn Cinex (Formerly NY)  : Banswara,CINEMA005955,locality,North,Rajasthan,Banswara,,
N,Devgn CineX (Formerly NY)  : Ghazipur,CINEMA005956,locality,North,Uttar Pradesh,Ghazipur,,
N,Devgn CineX (Formerly NY)  : Surendranagar,CINEMA005957,locality,West,Gujarat,Surendranagar,,363030
N,Devgn CineX (Formerly NY) : Hapur,CINEMA005958,locality,North,Uttar Pradesh,Hapur,,
N,Devgn CineX (Formerly NY) : Raebareli,CINEMA005959,locality,North,Uttar Pradesh,Raebareli,,
N,Abhinay: Chhatrapati Sambhaji Nagar,CINEMA005960,locality,West,Maharashtra,Chhatrapati Sambhaji Nagar,,
N,Anjana Cinema: Khategaon,CINEMA005961,locality,Central,Madhya Pradesh,Khategaon,,
N,Balaji Air Conditioned: Mulugu,CINEMA005962,locality,South,Telangana,Mulugu,,506343
N,Coconut Virat Multiplex: Nadiad,CINEMA005963,locality,West,Gujarat,Nadiad,,387001
N,Deepti Sky Cinex: Wani,CINEMA005964,locality,West,Maharashtra,Wani,,
N,"Dheeraj Cinemas (SLV) 2K Dolby Atmos A/C, Guntakal",CINEMA005965,locality,South,Andhra Pradesh,Guntakal,,515801
N,"E-SQUARE: University Road, Pune (Newly Renovated)",CINEMA005966,locality,West,Maharashtra,Pune,,
N,Funcity Big Cinema:UNR (OPEN 4 NEW RECLINER SCRNS),CINEMA005967,locality,South,Andhra Pradesh,Vijayawada,,421002
N,Hari Om Multiplex: Sahjanwa,CINEMA005968,locality,North,Uttar Pradesh,Sahjanwa,,
N,"INOX: NH22 Mall, Amravati Enclave, Panchkula",CINEMA005969,locality,North,Haryana,Panchkula,,134105
N,Kamal Cineplex: Nagpur,CINEMA005970,locality,West,Maharashtra,Nagpur,,
N,"Mallika Plex Chithralaya, Angadipuram, Perinthalmanna",CINEMA005971,locality,South,Kerala,Perinthalmanna,,
N,Movietime Cinemas: Davanagere,CINEMA005972,locality,South,Karnataka,Davanagere,,
N,"Mythri KPS 70MM DTS, Khammam",CINEMA005973,locality,South,Telangana,Khammam,,507001
N,NVR Velrams A/c 4K Dolby Surround: Tirupati,CINEMA005974,locality,South,Andhra Pradesh,Tirupati,,517501
N,Pratap Delux A/c 2k Dolby Atmos: Tirupati,CINEMA005975,locality,South,Andhra Pradesh,Tirupati,,
N,"PVP Multiplex 4K RGB Laser Dolby Atmos, Nagercoil",CINEMA005976,locality,South,Tamil Nadu,Nagercoil,,
N,Sanskruti Movieplex: Kalol,CINEMA005977,locality,West,Gujarat,Kalol,,
N,Seema PS Multiplex: Aligarh,CINEMA005978,locality,North,Uttar Pradesh,Aligarh,,
N,Shive Theatre: Gangavati,CINEMA005979,locality,South,Karnataka,Gangavati,,
N,Shree Ram Multiplex: Deesa,CINEMA005980,locality,West,Gujarat,Deesa,,
N,Shriram Cinema: Akluj,CINEMA005981,locality,West,Maharashtra,Akluj,,413101
N,SN Theatre: Haripad,CINEMA005982,locality,South,Kerala,Haripad,,
N,"Sri Bala Tripura Sundari Kalamandir, S Rayavaram, P Dharmavaram",CINEMA005983,locality,South,Andhra Pradesh,Dharmavaram,,531055
N,Sri Vani 2K Digital Projector 7.1 Dolby,CINEMA005984,locality,South,Karnataka,Sri Vani,,
N,"SVC Lalithamahal, Dubba Road, Nizamabad",CINEMA005985,locality,South,Telangana,Nizamabad,,503003
N,The Cine Lounge Dolby 7.1: GSM Mall Ramanathapuram,CINEMA005986,locality,South,Tamil Nadu,Ramanathapuram,,
N,The Studio Park: Itarsi,CINEMA005987,locality,Central,Madhya Pradesh,Itarsi,,
N,"Venkatarama 2K Barco Laser Projector, Warangal",CINEMA005988,locality,South,Telangana,Warangal,,
N,Vilux Talkies: Khadki,CINEMA005989,locality,West,Maharashtra,Pune,,411003
N,"Samuel Multiplex, Samuel's Mall, Shanti Nagar",CINEMA005990,locality,South,Telangana,Mall,,
N,Urvashi Cineplex: Kichha,CINEMA005991,locality,North,Uttarakhand,Kichha,,
N,Ankita Multiplex: Burhanpur,CINEMA005992,locality,Central,Madhya Pradesh,Burhanpur,,450331
N,Anshay Chitralay: Ashta,CINEMA005993,locality,West,Maharashtra,Ashta,,
N,"Buty Cineplex, Sadar, Nagpur",CINEMA005994,locality,West,Maharashtra,Nagpur,,440001
N,Cine Arc Multiplex: Mahuva,CINEMA005995,locality,West,Gujarat,Mahuva,,364295
N,Dhanya Remya: Kollam,CINEMA005996,locality,South,Kerala,Kollam,,
N,"IP Cinemas IP Vijaya Mall, Bhelupur, Varanasi",CINEMA005997,locality,North,Uttar Pradesh,Varanasi,,221001
N,"IP Sigra Mall: 7D Cinema, Varanasi",CINEMA005998,locality,North,Uttar Pradesh,Varanasi,,221002
N,Kirthi Mudra 4K RGB Laser Dolby Atmos,CINEMA005999,locality,South,Karnataka,Kirthi Mudra,,
N,Liberty Cinema: Sadar,CINEMA006000,locality,West,Maharashtra,Nagpur,,440001
N,"MovieMax Amanora, Town Centre, Pune (Now Renovated)",CINEMA006001,locality,West,Maharashtra,Pune,,411028
N,"Ozone Cinema: Ojhar, Nashik",CINEMA006002,locality,West,Maharashtra,Nashik,,422206
N,"Padmapriya Sripriya Complex, Kondayya Palem, Kakinada",CINEMA006003,locality,South,Andhra Pradesh,Kakinada,,
N,Piccadily Square: Chandigarh,CINEMA006004,locality,North,Chandigarh,Chandigarh,,
N,Prakash Multiplex: Dabra,CINEMA006005,locality,Central,Madhya Pradesh,Dabra,,
N,"PVR Warangal Maddox Mall, Girmajipet, Warangal",CINEMA006006,locality,South,Telangana,Warangal,,
N,"PVR: Anjana Mall, Agra",CINEMA006007,locality,South,Telangana,Mall,,
N,Ragini Multiplex: Ankleshwar,CINEMA006008,locality,West,Gujarat,Ankleshwar,,393002
N,Rajhans Cinemas: Nadiad,CINEMA006009,locality,West,Gujarat,Nadiad,,387370
N,Rajkumar Cineplex: Pusad,CINEMA006010,locality,West,Maharashtra,Pusad,,
N,"Sandesh Multiplex, Malegaon: Maharashtra",CINEMA006011,locality,West,Maharashtra,Maharashtra,,
N,Shahi Theatre: Shimla,CINEMA006012,locality,North,Himachal Pradesh,Shimla,,171001
N,"Shri Rama Full A/C 3D 4K HD 11.1 DTS, Vellichanthai, Nagercoil",CINEMA006013,locality,South,Tamil Nadu,Nagercoil,,629203
N,Siri Multiplex: Nellore,CINEMA006014,locality,South,Andhra Pradesh,Nellore,,524001
N,"SVC TBR Cinemas, Narsipuram, Parvathipuram",CINEMA006015,locality,South,Andhra Pradesh,Parvathipuram,,
N,"VBK Max, Cherial",CINEMA006016,locality,South,Telangana,Cherial,,
N,"Murli DD Plex, Paharpur, Azamgarh",CINEMA006017,locality,North,Uttar Pradesh,Azamgarh,,276001
N,"AM Cinema Iconic: Jayanti Nagar VII, Besa, Nagpur",CINEMA006018,locality,West,Maharashtra,Nagpur,,
N,Aswathy Cineplus: Peringamala,CINEMA006019,locality,South,Kerala,Peringamala,,
N,"BLISS Multiplex, Shree Shraja Mall, Burhar",CINEMA006020,locality,Central,Madhya Pradesh,Burhar,,
N,Citara Cinemas: Nadaun,CINEMA006021,locality,North,Himachal Pradesh,Nadaun,,
N,"E-SQUARE: VJ Happiness Street, Hinjawadi",CINEMA006022,locality,West,Maharashtra,Pune,,
N,Liberty Cinema: Karol Bagh,CINEMA006023,locality,North,Delhi,Delhi,,110005
N,"Mallika Plex Dolby Atmos, Near Feroke Old Bridge, Calicut",CINEMA006024,locality,South,Kerala,Calicut,,
N,Manjunatha Digital 2K Cinema: Shivamogga,CINEMA006025,locality,South,Karnataka,Shivamogga,,577202
N,"MovieEx Cinema, Balasore",CINEMA006026,locality,East,Odisha,Balasore,,756001
N,"PSN Theatre Full A/C 4K RGB Laser 3D Dolby 7.1, Tiruchendur Road, Authoor",CINEMA006027,locality,South,Tamil Nadu,Authoor,,
N,"Raj Tilak Multiscreen, Hotel Utsav Palace, Betul",CINEMA006028,locality,Central,Madhya Pradesh,Betul,,460001
N,"Sachi Multiplex, Opp Podar International School Jetpur, Veraval",CINEMA006029,locality,West,Gujarat,Veraval,,
N,"Sutlej Cinema, Barnala Kalan Road, Nawanshahr",CINEMA006030,locality,North,Punjab,Nawanshahr,,
N,"Tamil Nadu Cinemas, Palladam Road, Tirupur",CINEMA006031,locality,South,Tamil Nadu,Palladam,,
N,Ananya Cinemas: Kovvur,CINEMA006032,locality,South,Andhra Pradesh,Kovvur,,
N,"Cine Chourangi: Khapri, Nagpur",CINEMA006033,locality,West,Maharashtra,Nagpur,,441108
N,"Cinemera Multiplex, Townsquare Mall, Halol",CINEMA006034,locality,West,Gujarat,Halol,,
N,"CNC Cinemaas RGB Laser 4K Atmos Triple Beam 3D, Tirur",CINEMA006035,locality,South,Kerala,Tirur,,
N,"Cosmoplex Multiplex, Kalawad Road, Rajkot",CINEMA006036,locality,West,Gujarat,Rajkot,,360005
N,"Deva Carnival Cinemas: D Mall, Punalur",CINEMA006037,locality,South,Kerala,Punalur,,
N,Maa Karma Multiplex (Dolby 7.1 Sound): Kasdol,CINEMA006038,locality,Central,Chhattisgarh,Kasdol,,493335
N,Magic Moviez: Ponda,CINEMA006039,locality,West,Goa,Ponda,,403401
N,"Maya Multiplex, Rampuri, Muzaffarnagar",CINEMA006040,locality,North,Uttar Pradesh,Muzaffarnagar,,251002
N,"Meher Theater, Baluganj, Agra",CINEMA006041,locality,North,Uttar Pradesh,Agra,,282001
N,"MovieMax: College Road, Nashik (Seats Renovated)",CINEMA006042,locality,West,Maharashtra,Nashik,,
N,"Nathganga Screen 3 VIP Recliner Audi, Loni",CINEMA006043,locality,West,Maharashtra,Loni,,201102
N,"Rajshree Talkies, Bhupendra Road, Rajkot",CINEMA006044,locality,West,Gujarat,Rajkot,,
N,Saroj Talkies: Yavatmal,CINEMA006045,locality,West,Maharashtra,Yavatmal,,
N,"Siri Multiplex, Ramji Nagar, Nellore",CINEMA006046,locality,South,Andhra Pradesh,Nellore,,524001
N,Sreedevi S Cinemas: Kodaly,CINEMA006047,locality,South,Kerala,Thrissur,,680699
N,"Sridar: Marine Drive, Kochi",CINEMA006048,locality,South,Kerala,Kochi,,682031
N,"Aiswarya Movies 4K Laser Atmos Prism 3D, Ponnani",CINEMA006049,locality,South,Kerala,Ponnani,,679586
N,"Ceyone Cinemas, Venkateshpuram, Sullurpeta",CINEMA006050,locality,South,Andhra Pradesh,Sullurpeta,,
N,"Crazy Multiplex, V Tower, Nimbahera",CINEMA006051,locality,North,Rajasthan,Nimbahera,,
N,"Govinda Cinemas Unipolar Beam 3D, Kuttippuram Road, Edappal",CINEMA006052,locality,South,Kerala,Edappal,,679576
N,"MCM Cineplex, Waidhan, Singrauli",CINEMA006053,locality,Central,Madhya Pradesh,Singrauli,,486886
N,"Om Jee Time, Bagowal, Mukerian",CINEMA006054,locality,North,Punjab,Mukerian,,144211
N,"Sanjeev Cinema, Fazilka",CINEMA006055,locality,North,Punjab,Fazilka,,
N,Shree Dhoramnath Multiplex: Nakhatrana,CINEMA006056,locality,West,Gujarat,Nakhatrana,,370615
N,"Smart Moviz, Vidhyagiri, Bagalkot",CINEMA006057,locality,South,Karnataka,Bagalkot,,
N,"Vivek Talkies, Station Road, Ashoknagar",CINEMA006058,locality,Central,Madhya Pradesh,Ashoknagar,,473331
N,"Alka Multiplex, Bus Stand to Station Road, Chhindwara",CINEMA006059,locality,Central,Madhya Pradesh,Chhindwara,,480441
N,Alka Multiplex: Chhindwara,CINEMA006060,locality,Central,Madhya Pradesh,Chhindwara,,480001
N,"The Studio Park, Hoshangabad Road, Itarsi",CINEMA006061,locality,Central,Madhya Pradesh,Hoshangabad,,
N,"Dheeraj Cinemas (Chaithanya) 2K A/C Dolby 7.1, Guntakal",CINEMA006062,locality,South,Andhra Pradesh,Guntakal,,
N,Diana Danapur AC with New Full Screen Projection,CINEMA006063,locality,East,Bihar,Patna,,
N,"Maya Mandir Multiplex (Dolby Atmos Sound), Opposite forest Department, Ajmer",CINEMA006064,locality,North,Rajasthan,Ajmer,,
N,MayaMandir Multiplex (Dolby Atmos Sound): Ajmer,CINEMA006065,locality,North,Rajasthan,Ajmer,,
N,"MovieMax Edition (Luxe): Amanora Town Center, Pune",CINEMA006066,locality,West,Maharashtra,Pune,,
N,"Movietime Cinemas, SS Gardenia Mall, Davanagere",CINEMA006067,locality,South,Karnataka,Davanagere,,
N,"Periyasamy A/C, Off State Highway 141, Tittagudi",CINEMA006068,locality,South,Tamil Nadu,Tittagudi,,
N,"Platinum Movietime SPA: Palm Island Mall, Jammu",CINEMA006069,locality,North,Jammu and Kashmir,Jammu,,180016
N,"Rajhans Cinemas: Prestige North, Bardoli",CINEMA006070,locality,West,Gujarat,Bardoli,,
N,Sargam Theatre: Chandpur Siau (Bijnor),CINEMA006071,locality,North,Uttar Pradesh,Bijnor,,246725
N,Suraj Multiplex: Deoria,CINEMA006072,locality,North,Uttar Pradesh,Deoria,,
N,Tulasi Cinemas: Thullur,CINEMA006073,locality,South,Andhra Pradesh,Thullur,,
N,Udaya Talkies: Madhavaram,CINEMA006074,locality,South,Tamil Nadu,Chennai,,
N,Vishnuram Cinemas: Kodad,CINEMA006075,locality,South,Telangana,Kodad,,508206
N,Janas Cinemas: Maghalakshmi Plaazaa Villupuram,CINEMA006076,locality,South,Tamil Nadu,Villupuram,,605602
N,Ramraj Movies,CINEMA006077,locality,South,Tamil Nadu,Chennai,,
N,Swathy Screens: Nooranad,CINEMA006078,locality,South,Kerala,Nooranad,,
N,Keshar Cinema: Indapur,CINEMA006079,locality,West,Maharashtra,Indapur,,413106
N,Lakhi Cinemas: Tanda,CINEMA006080,locality,North,Uttar Pradesh,Tanda,,
N,NVR Multiplex: Annavaram,CINEMA006081,locality,South,Andhra Pradesh,Annavaram,,533406
N,Ritz Multiplex: Mussoorie,CINEMA006082,locality,North,Uttarakhand,Mussoorie,,
N,SS Cineplex: Amalner,CINEMA006083,locality,West,Maharashtra,Amalner,,
N,Vivek Talkies: Ashoknagar,CINEMA006084,locality,Central,Madhya Pradesh,Ashoknagar,,473331
N,Devgn CineX: Hapur,CINEMA006085,locality,North,Uttar Pradesh,Hapur,,
N,EVM Matha Cinema: Adimali,CINEMA006086,locality,South,Kerala,Adimali,,
N,KVR Cinemas AC 2K 5WAY Dolby 7.1 Sound: Ponduru,CINEMA006087,locality,South,Andhra Pradesh,Ponduru,,
N,"MovieMax: SM5 Kalyan, Newly Renovated",CINEMA006088,locality,West,Maharashtra,Kalyan,,
N,Pankaj Cineplex: Basti,CINEMA006089,locality,North,Uttar Pradesh,Basti,,272001
N,"PVR: Cinemagic, Unity One Elegante, NSP, Pitampura",CINEMA006090,locality,North,Delhi,Delhi,,
N,Renuka Talkies: Belur,CINEMA006091,locality,South,Karnataka,Belur,,573115
N,Skylit Cinemas: Rewari,CINEMA006092,locality,North,Haryana,Rewari,,
N,Taksh Multiplex (Dolby 7.1 Sound): Sheorinarayan,CINEMA006093,locality,Central,Chhattisgarh,Sheorinarayan,,495557
N,Apsra Multiplex (Apsra Hospitality & Entetainment),CINEMA006094,locality,West,Maharashtra,Pune,,
N,"Devaky Cinemas, 3D Atmos Guruvayoor",CINEMA006095,locality,South,Kerala,Guruvayoor,,680101
N,"Iswarya Cinemas, Koduvai, Tirupur",CINEMA006096,locality,South,Tamil Nadu,Tirupur,,
N,Mahabir Jain Municipalty Cultural: Jiaganj,CINEMA006097,locality,East,West Bengal,Jiaganj,,742123
N,Triose Multiplex: Lonavala,CINEMA006098,locality,West,Maharashtra,Lonavala,,
N,VKG CINEMAS 4K RGB LASER DOLBY ATMOS: PAVARATTY,CINEMA006099,locality,South,Kerala,Pavaratty,,
N,Rahul Cineplex: Indapur,CINEMA006100,locality,West,Maharashtra,Indapur,,413106
N,Rhino Cinemas: Bokakhat,CINEMA006101,locality,North East,Assam,Bokakhat,,785612
N,VB Cinemas 4K RGB Laser ATMOS: Thriprayar,CINEMA006102,locality,South,Kerala,Thriprayar,,680567
N,Dhishoom Cinemas: Ayodhya,CINEMA006103,locality,North,Uttar Pradesh,Ayodhya,,224001
N,Sanmax Cinemas: Basti,CINEMA006104,locality,North,Uttar Pradesh,Basti,,272001
N,Ak CinePalace by Sj: 4K Dolby Atmos,CINEMA006105,locality,South,Kerala,Ernakulam,,
N,"Mahabir Jain Municipalty Cultural, Chudipatti Road, Jiaganj",CINEMA006106,locality,East,West Bengal,Jiaganj,,742123
N,"MPS Cinemas, Karuvampalayam, Tirupur",CINEMA006107,locality,South,Tamil Nadu,Tirupur,,641604
N,"Samdareeya Cinema, Samdareeya Hotel & Multiplex, Rewa",CINEMA006108,locality,Central,Madhya Pradesh,Rewa,,486001
N,"PVR: Midtown, Moti Nagar, Delhi",CINEMA006109,locality,North,Delhi,Delhi,,110015
N,AARC CinePRO: Sangli (Newly Renovated),CINEMA006110,locality,West,Maharashtra,Sangli,,416415
N,"Victory Talkies, Minchin Bazar St. Marwari Street, Kurnool",CINEMA006111,locality,South,Andhra Pradesh,Kurnool,,518001
N,Amruth Theater: Gooty,CINEMA006112,locality,South,Andhra Pradesh,Gooty,,
N,"Novelty Laserplex: Ponda, Goa (Newly Renovated)",CINEMA006113,locality,West,Goa,Ponda,,
N,Suryavanshi Multiplex: Mudhol,CINEMA006114,locality,South,Karnataka,Mudhol,,
N,Cine36 Cineplex: Morbi,CINEMA006115,locality,West,Gujarat,Morbi,,
N,Baadshah Multiplex: Basti,CINEMA006116,locality,North,Uttar Pradesh,Basti,,272001
N,AVM Cinemas: Uthukkottai,CINEMA006117,locality,South,Tamil Nadu,Uthukkottai,,602026
N,"SS Cinemas AC 2K Dolby Digital 7.1, Kariyamanikkam, Kothampakkam",CINEMA006118,locality,South,Tamil Nadu,Kothampakkam,,
N,VB Cinemas Ambalappuzha 2k RGB Laser Dolby Atmos,CINEMA006119,locality,South,Kerala,Alappuzha,,
N,1930 Vasco,CINEMA006120,locality,West,Goa,Vasco,,403802
N,Aanchal Cinema: Barmer,CINEMA006121,locality,North,Rajasthan,Barmer,,344001
N,"Abhinav and Sanghvi Cineplex, Itawa, Dewas",CINEMA006122,locality,Central,Madhya Pradesh,Dewas,,455001
N,Abhinav And Sanghvi Cineplex: Dewas,CINEMA006123,locality,Central,Madhya Pradesh,Dewas,,
N,Abhinav Cinema: Vikasnagar,CINEMA006124,locality,North,Uttarakhand,Vikasnagar,,
N,Abhinaya Cinemas: Changanassery,CINEMA006125,locality,South,Kerala,Changanassery,,
N,"ADS Cineplex, Mohalla Gaddi Tola, Ujhani",CINEMA006126,locality,North,Uttar Pradesh,Ujhani,,
N,ADS Cineplex: Ujhani,CINEMA006127,locality,North,Uttar Pradesh,Ujhani,,
N,AK Cinemas: Gharghoda,CINEMA006128,locality,Central,Chhattisgarh,Gharghoda,,496111
N,Aparupa Cinema: Khila,CINEMA006129,locality,North East,Assam,Guwahati,,
N,Arra Cinemas: Bodi,CINEMA006130,locality,South,Tamil Nadu,Bodi,,
N,Asoka Cinemas: Vadanapally,CINEMA006131,locality,South,Kerala,Vadanapally,,680619
N,AYOU Cinemas: Pithampur,CINEMA006132,locality,Central,Madhya Pradesh,Pithampur,,
N,Baby Cinemas: Kuthuparamba,CINEMA006133,locality,South,Kerala,Kuthuparamba,,670643
N,Balraj Cinemas: Nabha,CINEMA006134,locality,North,Punjab,Nabha,,147201
N,Bella Luna Cinemas: Nalbari,CINEMA006135,locality,North East,Assam,Nalbari,,781340
N,Bharatiya Talkies: Wardhannapet,CINEMA006136,locality,South,Telangana,Wardhannapet,,506313
N,Bliss Multiplex: Burhar,CINEMA006137,locality,Central,Madhya Pradesh,Burhar,,
N,Bosco Cinemas: Kuravilangad,CINEMA006138,locality,South,Kerala,Kuravilangad,,686633
N,Chithra Cineplex 4K RGB Laser dtsX: Mannur Valavu,CINEMA006139,locality,South,Kerala,Malappuram,,
N,Cine Worldz Cinema: Katni,CINEMA006140,locality,Central,Madhya Pradesh,Katni,,
N,"Cinepolis Cross River Mall, Shahdara, New Delhi",CINEMA006141,locality,North,Delhi,New Delhi,,
N,"Cineworldz Cinema, Collectorate Road, Katni",CINEMA006142,locality,Central,Madhya Pradesh,Katni,,
N,"Citilight Cinema, Gariyadhar",CINEMA006143,locality,West,Gujarat,Gariyadhar,,
N,Citilight Cinema: Gariyadhar,CINEMA006144,locality,West,Gujarat,Gariyadhar,,364505
N,"Citishine Cinemas, Samta Chowk, Gohana",CINEMA006145,locality,North,Haryana,Gohana,,131301
N,Crazy Multiplex: Nimbahera,CINEMA006146,locality,North,Rajasthan,Nimbahera,,
N,Delite Cinema: Asaf Ali Road,CINEMA006147,locality,North,Delhi,Delhi,,110002
N,Devasuki Cinemas Laser Dolby Atmos: Pappanadu,CINEMA006148,locality,South,Tamil Nadu,Pappanadu,,
N,Devgn Cinex: Banswara,CINEMA006149,locality,North,Rajasthan,Banswara,,327001
N,Devgn CineX: Raebareli,CINEMA006150,locality,North,Uttar Pradesh,Raebareli,,
N,Dhanya Remya: Changanassery,CINEMA006151,locality,South,Kerala,Changanassery,,
N,"Dhishoom Cinemas, Near Khemi Sati Bus Stand, Jhunjhunu",CINEMA006152,locality,North,Rajasthan,Jhunjhunu,,
N,Dhishoom Cinemas: Jhunjhunu,CINEMA006153,locality,North,Rajasthan,Jhunjhunu,,
N,Dhishoom Cinemas: Paonta Sahib,CINEMA006154,locality,North,Himachal Pradesh,Paonta Sahib,,173025
N,"Diviyum Talkies, Prothrapur, Port Blair",CINEMA006155,locality,South,Andaman and Nicobar Islands,Port Blair,,
N,DLG Cinemas: Katni,CINEMA006156,locality,Central,Madhya Pradesh,Katni,,483504
N,Dreambig Prathibha Theatre: Mavelikkara,CINEMA006157,locality,South,Kerala,Mavelikkara,,
N,Evaan Cinemas: Duliajan,CINEMA006158,locality,North East,Assam,Duliajan,,786602
N,Focus Cinemas: Ponkunnam,CINEMA006159,locality,South,Kerala,Ponkunnam,,
N,Gavi Galaxi Cinemas: Seethathodu,CINEMA006160,locality,South,Kerala,Seethathodu,,689667
N,GG Cinemas: Sardhana,CINEMA006161,locality,North,Uttar Pradesh,Sardhana,,
N,Goodwill Cinemas 4K RGB LASER Atmos 3D: Kallara,CINEMA006162,locality,South,Kerala,Kallara,,
N,H2M Movieplex: Washim,CINEMA006163,locality,West,Maharashtra,Washim,,
N,"Harsh A Movies, Karnal",CINEMA006164,locality,North,Haryana,Karnal,,
N,HIL Cinema: Renukoot,CINEMA006165,locality,North,Uttar Pradesh,Renukoot,,
N,IMAXX Multiplex: Surajpur,CINEMA006166,locality,Central,Chhattisgarh,Surajpur,,497229
N,"IP Cinemas IP Mughal Multiplex, Chandauli District, Mughalsarai",CINEMA006167,locality,North,Uttar Pradesh,Mughalsarai,,232101
N,IP Cinemas: IP Mughal Multiplex,CINEMA006168,locality,North,Uttar Pradesh,Agra,,
N,Jags Cinema: Haldwani,CINEMA006169,locality,North,Uttarakhand,Haldwani,,263139
N,"Jaithra Cinemas, Madiyur, Kalpetta",CINEMA006170,locality,South,Kerala,Kalpetta,,
N,Jeeva Rukmani Cinemas 4K RGB ATMOS: Pondicherry,CINEMA006171,locality,South,Puducherry,Pondicherry,,
N,"Kantishiva Cineplex, Kantishiva Chowk, Betul",CINEMA006172,locality,Central,Madhya Pradesh,Betul,,
N,Kantishiva Multiplex: Betul,CINEMA006173,locality,Central,Madhya Pradesh,Betul,,
N,Kishor Cineplex: Shrirampur,CINEMA006174,locality,West,Maharashtra,Shrirampur,,
N,Kristi Cinema: Memari,CINEMA006175,locality,East,West Bengal,Memari,,
N,KRV Movies: Kottayi,CINEMA006176,locality,South,Kerala,Kottayi,,
N,KT Multivision Cinema: Boisar,CINEMA006177,locality,West,Maharashtra,Boisar,,401506
N,"Lata Cinema, Kavali",CINEMA006178,locality,South,Andhra Pradesh,Kavali,,
N,Lucky Cinemas Dolby Atmos: Periyakulam,CINEMA006179,locality,South,Tamil Nadu,Periyakulam,,625601
N,Mad Moviez: Etawah,CINEMA006180,locality,North,Uttar Pradesh,Etawah,,206001
N,Mars Cinemas 4K Dolby Atmos: Changaramkulam,CINEMA006181,locality,South,Kerala,Changaramkulam,,
N,Mas Movies Irinjalakuda,CINEMA006182,locality,South,Kerala,Irinjalakuda,,
N,Meridian Multiplex: Porbandar,CINEMA006183,locality,West,Gujarat,Porbandar,,
N,"Miraj Cinemas : Citypride Multiplex, Jasdan",CINEMA006184,locality,West,Gujarat,Jasdan,,
N,"Miraj Cinemas : USG Mall, Alwar",CINEMA006185,locality,West,Maharashtra,Miraj,,
N,"Movietime Cinemas, Pitampura, New Delhi",CINEMA006186,locality,North,Delhi,New Delhi,,
N,Movietime Cinemas: Karnal,CINEMA006187,locality,North,Haryana,Karnal,,
N,"Movietime Cinemas: RCM Cinema, Almora",CINEMA006188,locality,North,Uttarakhand,Almora,,263601
N,MPS 3D Cinemas Dolby Atmos: Tirupur,CINEMA006189,locality,South,Tamil Nadu,Tirupur,,
N,Mridhanga Cineplex 4K Dolby Atmos: Poovar,CINEMA006190,locality,South,Kerala,Poovar,,
N,Nagalakshmi Theatre: Chickmagaluru,CINEMA006191,locality,South,Karnataka,Chickmagaluru,,577101
N,Neemuch Multiplex,CINEMA006192,locality,Central,Madhya Pradesh,Neemuch,,
N,"New Rajamani,VeePee Cinemas RGB Laser:Pattukkottai",CINEMA006193,locality,South,Tamil Nadu,Pattukkottai,,
N,"NXT Cinemas: Nr. Salal, Himmatnagar",CINEMA006194,locality,West,Gujarat,Himmatnagar,,
N,OCC Cinemas: Seppa,CINEMA006195,locality,North East,Arunachal Pradesh,Seppa,,790102
N,Parimalam Cinemas LASER DOLBY 7.1: Batlagundu,CINEMA006196,locality,South,Tamil Nadu,Batlagundu,,
N,Parvathy Cinemas Dolby Atmos: Periyakulam,CINEMA006197,locality,South,Tamil Nadu,Periyakulam,,
N,Pearl Cinema: Palampur,CINEMA006198,locality,North,Himachal Pradesh,Palampur,,176061
N,Piccadily Multiplex: Manali,CINEMA006199,locality,North,Himachal Pradesh,Manali,,
N,President Cinema: Dasuya,CINEMA006200,locality,North,Punjab,Dasuya,,144205
N,"PSS Multiplex, Railway Feeder Road, Tenkasi",CINEMA006201,locality,South,Tamil Nadu,Tenkasi,,627811
N,"PVR ECX, Chanakyapuri, New Delhi",CINEMA006202,locality,North,Delhi,New Delhi,,
N,"PVR Providence Mall, Providence Mall, Pondicherry",CINEMA006203,locality,South,Puducherry,Pondicherry,,605001
N,"Rajhans Cinemas: MRC Magnum Mall ISBT, Una",CINEMA006204,locality,South,Telangana,Mall,,
N,Rajhans Cinemas: Valsad,CINEMA006205,locality,West,Gujarat,Valsad,,396007
N,Rajtilak Multiscreen: Betul,CINEMA006206,locality,Central,Madhya Pradesh,Betul,,
N,RD Multiplex: Atraulia,CINEMA006207,locality,North,Uttar Pradesh,Atraulia,,
N,Redcorner Cinema: Amreli,CINEMA006208,locality,West,Gujarat,Amreli,,
N,Rocky`s: Kilimanoor,CINEMA006210,locality,South,Kerala,Kilimanoor,,
N,Rudrax Cinema: Una,CINEMA006211,locality,North,Himachal Pradesh,Una,,362560
N,SA Multiplex 4K 3D Dolby Atmos: Pulluvila,CINEMA006212,locality,South,Kerala,Pulluvila,,
N,Samdareeya Cinema: Rewa,CINEMA006213,locality,Central,Madhya Pradesh,Rewa,,
N,Samuel Multiplex: Khopoli,CINEMA006214,locality,West,Maharashtra,Khopoli,,410203
N,Sanmax Cinemas: Azamgarh,CINEMA006215,locality,North,Uttar Pradesh,Azamgarh,,
N,Sanmax Cinemas: Ballia,CINEMA006216,locality,North,Uttar Pradesh,Ballia,,
N,Sanmax Cinemas: Nichlaul,CINEMA006217,locality,North,Uttar Pradesh,Nichlaul,,273304
N,Sheshnag Manmandir Cinema: Dhar,CINEMA006218,locality,Central,Madhya Pradesh,Dhar,,454001
N,Shreyansh Talkies: Chhindwara,CINEMA006219,locality,Central,Madhya Pradesh,Chhindwara,,
N,"Sindhu Cinemas, Arakkonam",CINEMA006220,locality,South,Tamil Nadu,Arakkonam,,631005
N,Sindhu Multiplex Dolby Atmos DtsX: Anthiyur,CINEMA006221,locality,South,Tamil Nadu,Anthiyur,,
N,"Skyee Cinema, Mansa, Budhlada",CINEMA006222,locality,North,Punjab,Budhlada,,151502
N,Skyee Cinema: Budhlada,CINEMA006223,locality,North,Punjab,Budhlada,,151502
N,SN Cinema: Karkamb,CINEMA006224,locality,West,Maharashtra,Karkamb,,413302
N,SNF Cinemas: Namsai,CINEMA006225,locality,North East,Arunachal Pradesh,Namsai,,
N,Somya Cineplex: Guna,CINEMA006226,locality,Central,Madhya Pradesh,Guna,,473001
N,Sreelekha Theater: Chickmagaluru,CINEMA006227,locality,South,Karnataka,Chickmagaluru,,
N,"Subhadra Cinemas, Baramati: Maharashtra",CINEMA006228,locality,West,Maharashtra,Maharashtra,,
N,Sudarshini Talkies: Balehonnur,CINEMA006229,locality,South,Karnataka,Balehonnur,,
N,Suman Cineplex: Tembhurni,CINEMA006230,locality,West,Maharashtra,Tembhurni,,
N,Thalam Theatre: Wadakkanchery,CINEMA006231,locality,South,Kerala,Wadakkanchery,,
N,Titu Cinema: Balrampur,CINEMA006232,locality,North,Uttar Pradesh,Balrampur,,
N,TMS Theatre: Kambainallur,CINEMA006233,locality,South,Tamil Nadu,Kambainallur,,
N,VaibhavCinemas RGBLaser4K Projection:Doddaballapur,CINEMA006234,locality,South,Karnataka,Doddaballapur,,561203
N,Vanayamba Theater: Kosgi,CINEMA006235,locality,South,Telangana,Kosgi,,
N,Varanashi Cinemas 4K RGB LASER Dolby Atmos:Tirupur,CINEMA006236,locality,South,Tamil Nadu,Tirupur,,641652
N,Vibhor Chitralok: Pilkhuwa,CINEMA006237,locality,North,Uttar Pradesh,Pilkhuwa,,245304
N,Vimala Cinemas 4K Atmos: Varkala,CINEMA006238,locality,South,Kerala,Varkala,,695141
N,"WW Cinemas: Walkway Mall, Haldwani",CINEMA006239,locality,North,Uttarakhand,Haldwani,,
N,"Yaashitaa Multiplex, Ghuggar, Palampur",CINEMA006240,locality,North,Himachal Pradesh,Palampur,,
N,Yaashitaa Multiplex: Palampur,CINEMA006241,locality,North,Himachal Pradesh,Palampur,,
